Post id	Date	Post text	Post Link	Impressions	Likes	Engagements	Bookmarks	Shares	New follows	Replies	Reposts	Profile visits	Detail Expands	URL Clicks	Hashtag Clicks	Permalink Clicks	Engagement Rate
1923928821088108804	Sun, May 18, 2025	NEW: Video shows sailors on the masts of the Mexican Navy ship Cuauhtémoc before it hit the Brooklyn bridge. #PuenteDeBrooklyn #Barco #boat https://t.co/gW5GXBfp1a	https://x.com/newsnoteworthy/status/1923928821088108804	8,213,281	25,166	207,345	8,939	13,868	371	1,603	5,221	3,237	88,577	897	10,322	0	1.64%
1923925040338268467	Sun, May 18, 2025	Sailors seen dangling from the Top Masts of the Mexican navy vessel that collided into the Brooklyn Bridge. It appears that several people were hanging and/or clutching on to objects several hundred feet in the air in an attempt to avoid falling. https://t.co/Y3Bt145IxF	https://x.com/newsnoteworthy/status/1923925040338268467	3,815,784	11,365	62,408	3,646	5,098	139	471	2,817	1,880	22,992	148	0	0	2.77%
1927072181340569753	Mon, May 26, 2025	WATCH: Liverpool fans attempt to access the police van holding the suspected driver responsible for driving his vehicle through Liverpool City Centre near Dale Street. https://t.co/KjK4Whczd4	https://x.com/newsnoteworthy/status/1927072181340569753	1,428,556	3,846	39,550	824	1,489	76	115	373	1,226	10,380	56	0	0	7.26%
1931957928816504929	Mon, Jun 9, 2025	BREAKING: Video shows the moment shots are fired in front of the Bellagio fountains in Las Vegas, Nevada. #vegas #bellagio https://t.co/Br0qPU1BK9	https://x.com/newsnoteworthy/status/1931957928816504929	987,919	2,464	71,722	1,217	1,660	116	207	624	1,400	50,462	187	1,430	0	1.25%
1923918748483809709	Sun, May 18, 2025	BREAKING: People seen on top of the masts as the Mexican Navy tall ship ArM Cuauhtémoc collided with the Brooklyn Bridge in New York City. Scanner traffic indicates 277 people on board the ship. People were seen hanging on to the masts after the crash. https://t.co/IfIoRGJtl4	https://x.com/newsnoteworthy/status/1923918748483809709	827,870	1,855	10,350	561	552	36	119	501	382	3,126	22	0	0	1.79%
1927069383202836671	Mon, May 26, 2025	VIEWER DISCRETION ADVISED UPDATE 3/n: New footage circulating shows the aftermath on Dale Street moments after the vehicle plowed through crowds in Liverpool City Centre. https://t.co/xOFNgrATwX	https://x.com/newsnoteworthy/status/1927069383202836671	778,973	309	13,929	189	22	17	14	24	2,420	1,983	19	0	0	3.49%
1950352652916719800	Wed, Jul 30, 2025	BREAKING: The earthquake off Russia’s Kamchatka Peninsula has been upgraded to a magnitude 8.7. https://t.co/svu46Dl9gF	https://x.com/newsnoteworthy/status/1950352652916719800	751,538	1,543	26,223	327	458	57	73	672	923	4,864	114	0	0	1.63%
1912916154743509164	Thu, Apr 17, 2025	JUST IN: Law enforcement seen shackling unknown individual to a stretcher during active shooter at Florida State University (FSU). There are reports of two or more suspects, however, we have not been able to confirm that. https://t.co/1NIyYhTACM	https://x.com/newsnoteworthy/status/1912916154743509164	730,780	894	11,912	199	505	7	29	174	775	4,220	38	0	0	4.14%
1923930003357458513	Sun, May 18, 2025	@jbteller https://t.co/4A1Nr8FZt7	https://x.com/newsnoteworthy/status/1923930003357458513	675,182	4,913	27,980	1,559	1,073	39	105	487	342	9,952	190	0	0	2.28%
1941231277996425616	Fri, Jul 4, 2025	WATCH: Helicopter rescues at Camp Mystic in Kerrville, Texas amid catastrophic flooding of the Guadalupe River. Multiple girls from the camp remain missing after several camp cabins were swept away during flash flooding. https://t.co/fb6sdUNtmc	https://x.com/newsnoteworthy/status/1941231277996425616	639,579	5,756	14,553	366	965	44	139	1,508	559	3,034	126	0	0	4.85%
1923956108718141479	Sun, May 18, 2025	27 people were removed from the Mexican tall ship for treatment, at least 4 of those are seriously injured, according to the FDNY. 1 person has died, according to NBC New York. Photo Courtesy of FDNY https://t.co/Nv7FCXpH81	https://x.com/newsnoteworthy/status/1923956108718141479	482,818	704	23,408	133	145	2	40	455	221	2,390	14	0	0	0.20%
1923937170848403663	Sun, May 18, 2025	As of now, 19 people have been injured; 4 of those injuries are said to be serious -- NYC Press Conference	https://x.com/newsnoteworthy/status/1923937170848403663	381,850	270	782	16	3	1	8	42	147	314	0	0	0	0.37%
1923956234996040081	Sun, May 18, 2025	UPDATE: https://t.co/kcENGQbK4y	https://x.com/newsnoteworthy/status/1923956234996040081	352,366	554	1,303	98	34	1	30	93	145	420	60	0	0	3.58%
1936827356003373312	Sun, Jun 22, 2025	VIEWER DISCRETION ADVISED ⚠️ BREAKING: Shooting at CrossPointe Community Church in Wayne, Michigan. The shooter drove a truck into the church before opening fire with a machine gun. Live feed captures the sound of gunfire and people evacuating. https://t.co/Wm1FIHplBQ	https://x.com/newsnoteworthy/status/1936827356003373312	331,120	573	11,862	292	316	63	76	234	281	6,767	34	0	0	0.90%
1976474477388235068	Fri, Oct 10, 2025	Patients and staff seen evacuating the Tagum City Davao Regional Medical Center in the Philippines amid intense shaking caused by magnitude 7.6 earthquake. https://t.co/melwzIQdCy	https://x.com/newsnoteworthy/status/1976474477388235068	290,583	858	2,627	90	62	9	4	219	137	995	3	0	0	0.33%
1923960594148818984	Sun, May 18, 2025	2 people have now died, according to the mayor: https://t.co/AvZ8wF92OE	https://x.com/newsnoteworthy/status/1923960594148818984	274,549	380	900	45	10	0	11	46	189	242	32	0	0	2.56%
1950362754721690098	Wed, Jul 30, 2025	Tsunami actively occurring in Russia’s Kuril Islands and Kamchatka Peninsula. SEEK HIGHER GROUND IMMEDIATELY. https://t.co/UKdUFdxAKs	https://x.com/newsnoteworthy/status/1950362754721690098	269,577	1,536	6,906	220	146	37	29	800	1,112	2,071	39	0	0	23.97%
1950462860242382983	Wed, Jul 30, 2025	The water has significantly receded at Kahului Harbor in Hawaii, completely exposing the pier and boat ramp. https://t.co/yuF5AnlXkr	https://x.com/newsnoteworthy/status/1950462860242382983	263,289	1,678	63,099	219	102	9	28	242	2,944	1,447	100	0	0	12.00%
1950382581494759531	Wed, Jul 30, 2025	WATCH: The first tsunami waves are now reaching the coast of Hokkaido, Japan, following the massive 8.8 earthquake near Russia’s Kamchatka Peninsula. #地震 #津波 #避難 #災害 #землетрясение https://t.co/BJTah0YVm8	https://x.com/newsnoteworthy/status/1950382581494759531	235,555	342	28,257	57	109	21	5	128	342	4,922	13	424	0	1.52%
1923940454116053241	Sun, May 18, 2025	@cljoe36 They were. At least 19 of them were injured, 4 seriously. Graphic video shows FDNY medics performing CPR on stretchers as they are rushed to nearby ambulances. Here, you can see them dangling. https://t.co/UmUZ1le5PZ	https://x.com/newsnoteworthy/status/1923940454116053241	227,280	646	3,447	292	160	0	29	89	179	886	1,618	0	0	2.46%
1931954397866799362	Mon, Jun 9, 2025	BREAKING: Las Vegas police responding to a reported shooter in front of the Bellagio fountains; unknown injuries. 🎥: Rita Lawrence https://t.co/PSj6KiPnvX	https://x.com/newsnoteworthy/status/1931954397866799362	209,684	444	5,163	143	135	17	28	122	413	2,014	24	0	0	0.95%
1976478023458357692	Fri, Oct 10, 2025	WATCH: Firefighters in Davao, Philippines assume safety position during 7.6 earthquake. #lindol https://t.co/FjIXqkKWhR	https://x.com/newsnoteworthy/status/1976478023458357692	200,389	932	1,913	83	14	3	5	204	109	358	4	56	0	0.18%
1923955856191685068	Sun, May 18, 2025	@KellyW89340611 It appears that the tugboat was to the side of the ship instead of towing.	https://x.com/newsnoteworthy/status/1923955856191685068	150,739	69	264	8	0	0	6	2	97	90	0	0	0	2.30%
1927086969693102370	Mon, May 26, 2025	VIEWER DISCRETION ADVISED NEW: Footage of the driver plowing into the crowd at the Liverpool City Centre. https://t.co/oDt8UcmFFE	https://x.com/newsnoteworthy/status/1927086969693102370	150,108	253	3,449	185	309	6	9	34	124	1,400	29	0	0	3.56%
1912930585196269578	Thu, Apr 17, 2025	FSU student Max Jenkins tells reporters what he saw as the shooter emerged on campus. https://t.co/a0lBgCbVXm	https://x.com/newsnoteworthy/status/1912930585196269578	137,422	505	4,892	187	345	10	10	65	172	2,508	9	0	0	0.56%
1923939625447424488	Sun, May 18, 2025	@PopCrave https://t.co/UmUZ1le5PZ	https://x.com/newsnoteworthy/status/1923939625447424488	137,242	444	768	113	23	1	5	39	33	194	52	0	0	2.87%
1931957347020398758	Mon, Jun 9, 2025	NOW: Las Vegas Metropolitan Police Department seen responding to a shooter at the Bellagio fountains on the Strip. https://t.co/68zhBpWIAe	https://x.com/newsnoteworthy/status/1931957347020398758	121,019	180	3,474	72	127	14	9	60	184	1,453	5	0	0	1.55%
1967807927038988626	Tue, Sep 16, 2025	BREAKING: Donald Trump has filed a $15 billion lawsuit against the New York Times, targeting reporters Peter Baker, Michael Schmidt, Susanne Craig, and Russ Buettner. The suit alleges “falsehoods” over their coverage of him. https://t.co/fwuqiV5jgz	https://x.com/newsnoteworthy/status/1967807927038988626	120,730	324	1,869	20	11	7	18	72	34	772	642	0	0	0.27%
1923944920881967114	Sun, May 18, 2025	@212chirp Not sure how many are accounted for, however, NYC Mayor Eric Adams says that at least 19 were injured, with 4 of those being serious.	https://x.com/newsnoteworthy/status/1923944920881967114	120,118	133	329	5	1	0	1	9	119	67	0	0	0	2.42%
1953125459685715991	Wed, Aug 6, 2025	ACTIVE SHOOTER at U.S. Army base Fort Stewart in Georgia. At least four people have been shot near Building 8420 (2nd Brigade). Reports indicate there may be two shooters. The base is on lockdown, and the scene is being treated as a mass casualty event. Video taken moments ago: https://t.co/HrrXqo4hTT	https://x.com/newsnoteworthy/status/1953125459685715991	95,468	396	2,313	104	136	13	49	171	146	1,308	7	0	0	0.28%
1923948124445221150	Sun, May 18, 2025	@matchewgrey The video is entirely real, yes. Pretty tragic.	https://x.com/newsnoteworthy/status/1923948124445221150	92,337	120	262	3	0	3	6	3	93	37	0	0	0	7.60%
1916669423370355162	Mon, Apr 28, 2025	BREAKING: Ferry crashed into bridge with 42 people on board in Clearwater, Florida. Multiple red tag victims. Young victims are being transported to John Hopkins All Children’s Hospital right now. Officers are getting into contact with the Coast Guard. https://t.co/8MOI936SlA	https://x.com/newsnoteworthy/status/1916669423370355162	91,066	246	6,918	27	104	23	14	109	177	5,601	18	0	0	0.57%
1923912810494402765	Sun, May 18, 2025	@TheWillieNelson Hi, amazing video. Would you mind if we use this video on X? Using the post video feature on this platform, credit is automatically given. Thank you.	https://x.com/newsnoteworthy/status/1923912810494402765	83,196	49	473	8	0	2	2	0	382	38	0	0	0	3.99%
1927075814471864628	Mon, May 26, 2025	NEW: Video shows the moments leading up to to a man driving his vehicle into a crowd of celebrating Premier League fans on Dale and Water Street in Liverpool City Centre. https://t.co/KzTrI6kmDu	https://x.com/newsnoteworthy/status/1927075814471864628	79,401	124	3,167	44	292	1	11	20	123	1,833	7	0	0	1.16%
1934074420512833598	Sun, Jun 15, 2025	BREAKING: Shots fired during a ‘No Kings’ protest in Salt Lake City, Utah. No immediate word on casualties. https://t.co/l1W78M7myh	https://x.com/newsnoteworthy/status/1934074420512833598	79,160	61	918	9	14	5	10	39	70	416	0	0	0	4.10%
1954013931258654848	Sat, Aug 9, 2025	DeKalb County Police Department Officer David Rose, 33, has been identified as the officer who was shot and killed whilst responding to an active shooter incident near Emory University and the CDC Headquarters in Atlanta, Georgia earlier today. Rose is survived by his wife, two https://t.co/esHCm0WGBE	https://x.com/newsnoteworthy/status/1954013931258654848	78,734	680	3,231	35	28	3	86	172	84	621	10	0	0	1.56%
1939447372431458554	Sun, Jun 29, 2025	BREAKING: Kootenai County Sheriff’s Office describing this as an “active shooter” incident, fire department says multiple firefighters shot and injured while responding to incident in Coeur d'Alene/Canfield Mt. area of Idaho. — KHQ TV. https://t.co/zK1WX3dcvP	https://x.com/newsnoteworthy/status/1939447372431458554	68,530	134	1,071	7	20	4	17	70	108	361	4	0	0	1.89%
1912907963364220982	Thu, Apr 17, 2025	Video shows the injuries from the shooting at FSU, a devastating scene. https://t.co/xKDOvHyGLt	https://x.com/newsnoteworthy/status/1912907963364220982	57,498	36	1,087	20	67	3	0	7	60	391	28	0	0	0.39%
1923956329820963148	Sun, May 18, 2025	https://t.co/kcENGQbK4y	https://x.com/newsnoteworthy/status/1923956329820963148	52,364	78	205	13	4	1	3	11	55	54	3	0	0	42.41%
1929211312711549215	Sun, Jun 1, 2025	NEW: At approximately 4:06 PM EEST, Ukraine’s SBU carried out Operation Spider Web (Операція Павутиння), a drone assault that destroyed over 40 Russian military aircraft, including Tu-95 and Tu-22 bombers and an A-50 radar plane, at airbases deep inside Russian territory. The https://t.co/HoXex57ObG	https://x.com/newsnoteworthy/status/1929211312711549215	52,357	213	22,202	60	127	34	17	68	139	3,003	5	0	0	3.30%
1939526971480052045	Mon, Jun 30, 2025	WATCH: Memorial procession underway outside of Kootenai Health in Coeur d'Alene, Idaho as first responders escort their fallen colleagues to Spokane for autopsies following today’s deadly firefighter ambush on Canfield Mountain. Via KXLY https://t.co/6YzIOiyUVZ	https://x.com/newsnoteworthy/status/1939526971480052045	51,792	609	1,707	42	25	3	23	134	87	348	4	0	0	3.57%
1933808489954173337	Sat, Jun 14, 2025	Update: Car seen driving erratically leading up to the explosion heard on the Las Vegas Strip; the fire is now under control, with no word from authorities on the cause. https://t.co/KURm98ck3r	https://x.com/newsnoteworthy/status/1933808489954173337	51,753	206	1,845	81	27	4	18	103	74	519	7	0	0	3.42%
1923934773241671904	Sun, May 18, 2025	@rawsalerts https://t.co/nF8KbY7rBk	https://x.com/newsnoteworthy/status/1923934773241671904	49,778	227	1,702	115	123	4	30	76	42	388	14	0	0	2.01%
1927060115590459472	Mon, May 26, 2025	JUST IN: Man detained after driving his vehicle through a crowd of celebrating fans on Dale Street in Liverpool City Centre. Fans were celebrating Liverpool’s Premier League win; numerous injuries are suspected. https://t.co/gYHpBLaFdo	https://x.com/newsnoteworthy/status/1927060115590459472	48,672	54	977	7	49	4	9	19	34	463	8	0	0	9.61%
1939504700673630215	Mon, Jun 30, 2025	NEW: 24 years ago yesterday, firefighters burned down the Aryan Nations’ security house in nearby Hayden Lake, Idaho in a training excercise. The Aryan Nations was a violent neo-Nazi and white supremacist group based in North Idaho. This could be a potential motivation behind https://t.co/YWO5J6iqhR	https://x.com/newsnoteworthy/status/1939504700673630215	48,581	140	4,667	65	38	2	34	57	80	1,203	0	0	0	7.21%
1950421923126792288	Wed, Jul 30, 2025	BREAKING: Tsunami waves of up to 7 feet have hit Midway Atoll, an island between Japan and Hawaii. #津波 #KaiEʻe #tsunami #Pihemanu https://t.co/FhEtbUc7Op	https://x.com/newsnoteworthy/status/1950421923126792288	48,180	77	3,474	12	3	0	4	16	62	89	1	34	0	3.70%
1926835117357482294	Mon, May 26, 2025	NEW: The mass shooting took place on the dock of this boat in Little River, South Carolina, per MB Scanner News on Facebook. https://t.co/ywv8mKEhzG	https://x.com/newsnoteworthy/status/1926835117357482294	47,403	125	1,756	36	82	3	23	30	105	993	10	0	0	5.11%
1909768632424428021	Wed, Apr 9, 2025	NBA: Jaylen Wells of the Memphis Grizzlies was stretchered off court earlier this evening after slamming his head into the court following a dunk on KJ Simpson. Wells landed on his head, with the medical staff immediately tending to him. https://t.co/HyHlOSId1a	https://x.com/newsnoteworthy/status/1909768632424428021	47,301	161	2,416	64	198	8	6	23	41	1,737	5	0	0	4.81%
1972827264640594219	Tue, Sep 30, 2025	NOW: Tyreek Hill of the Miami Dolphins is currently down with a serious leg injury after a reception against the New York Jets. https://t.co/3GZfoC85WW	https://x.com/newsnoteworthy/status/1972827264640594219	42,220	43	2,029	8	247	0	7	8	22	1,939	5	0	0	1.56%
1958641007349977378	Thu, Aug 21, 2025	Faculty member at Villanova University: “There is a report of an active shooter on campus. I cannot confirm whether or not that is the case..supposedly in the library at the Law School (Scarpa Hall area).” https://t.co/ldOC9RlwbF	https://x.com/newsnoteworthy/status/1958641007349977378	40,280	145	629	32	58	1	5	27	31	352	3	0	0	0.80%
1973708013921091645	Thu, Oct 2, 2025	BREAKING: Stabbing and vehicular ramming attack reported at Heaton Park Hebrew Congregation Synagogue in Manchester, England. — police https://t.co/GgsMHOIWkU	https://x.com/newsnoteworthy/status/1973708013921091645	38,857	53	310	14	2	5	2	8	33	160	3	0	0	0.87%
1963322058471059937	Wed, Sep 3, 2025	Emerging: Shelter in place order issued for University of Massachusetts Lowell (UML) Campus amid “weapons incident” on campus. Law enforcement searching for 5’5 Asian male in possession of a long weapon. https://t.co/IC94ELzjh4	https://x.com/newsnoteworthy/status/1963322058471059937	36,821	9	321	1	5	0	0	8	15	49	0	0	0	5.12%
1963323536048886269	Wed, Sep 3, 2025	Video from a campus dormitory on the University of Massachusetts Lowell (UML) appears to show a male walking with a rifle on campus grounds amid shelter in place order for a “weapons incident.” The male featured in the video matches the suspect description released by police: https://t.co/uxf5ir7b5D	https://x.com/newsnoteworthy/status/1963323536048886269	36,345	45	1,862	14	24	1	6	10	41	273	1	0	0	0.77%
1933799447080665092	Sat, Jun 14, 2025	Initial: Fire seen on the Las Vegas Strip following a reported bang in front of the Aria and Bellagio hotels. https://t.co/FFig7zz57c	https://x.com/newsnoteworthy/status/1933799447080665092	35,997	23	278	1	20	2	6	11	30	74	3	0	0	29.30%
1923960899548696753	Sun, May 18, 2025	BREAKING: Death toll in New York City boat collision has risen to 2 dead after the Mexican Navy tall ship Cuauhtémoc lost power and crashed into the Brooklyn Bridge, according to NYC Mayor Eric Adams.	https://x.com/newsnoteworthy/status/1923960899548696753	33,731	212	9,884	34	27	1	21	79	84	9,487	0	0	0	9.69%
1949973722732929481	Mon, Jul 28, 2025	BREAKING: Active shooter in Midtown Manhattan seen on security camera armed with a rifle. Multiple injuries reported. https://t.co/OmCfDjCn0y	https://x.com/newsnoteworthy/status/1949973722732929481	33,587	143	3,256	11	109	1	16	54	42	11	8	0	0	5.36%
1927483804383367327	Tue, May 27, 2025	BREAKING: Shooting inside Brass Mill Center mall in Waterbury, Connecticut. #tiroteo #gunfire #active 🎥: Danny Batista on FB https://t.co/bhDih6LQqB	https://x.com/newsnoteworthy/status/1927483804383367327	33,452	87	1,792	25	69	12	16	44	120	1,026	6	32	0	1.02%
1912907412081701317	Thu, Apr 17, 2025	According to a local news station, at least four people were injured and rushed to a hospital after a shooting at FSU. https://t.co/6aRCq3QWDG	https://x.com/newsnoteworthy/status/1912907412081701317	33,270	39	340	7	15	1	0	7	36	134	2	0	0	0.45%
1927080702773768250	Mon, May 26, 2025	At least 17 people in Liverpool City Centre were injured during the incident, according to The Telegraph.	https://x.com/newsnoteworthy/status/1927080702773768250	32,439	60	146	4	1	1	3	6	40	36	0	0	0	2.24%
1974528391614521378	Sat, Oct 4, 2025	BREAKING: Former NFL quarterback Mark Sanchez has been stabbed in downtown Indianapolis at around 12:30 AM today and is in critical condition. He was in town to broadcast Sunday’s Colts vs Raiders game for FOX Sports, per TMZ. https://t.co/zJwuXfwDZy	https://x.com/newsnoteworthy/status/1974528391614521378	32,319	50	725	7	34	0	6	21	15	175	0	0	0	7.21%
1952455589478437153	Mon, Aug 4, 2025	NOW: Chicago O'Hare International Airport (ORD) is currently under a ground stop as officials attend to a suspicious package https://t.co/ZNksTiyvpr	https://x.com/newsnoteworthy/status/1952455589478437153	32,307	24	2,328	5	70	0	6	11	89	836	1	0	0	1.97%
1912219495227138462	Tue, Apr 15, 2025	Video shows students fleeing and law enforcement responding as a shooting occurs at Wilmer Hutchins High School. https://t.co/VcWHJGh9dh	https://x.com/newsnoteworthy/status/1912219495227138462	30,149	44	595	7	11	1	9	17	19	192	2	0	0	1.53%
1943642560691413353	Fri, Jul 11, 2025	NEW: Although the plague still exists today, just about 7 cases are recorded each year in the U.S. Earlier this week, one person died from the Plague in Flagstaff, Arizona. The patient tested positive for Yersinia pestis after showing symptoms at Flagstaff Medical Center. https://t.co/VxZ6Y3nTNO	https://x.com/newsnoteworthy/status/1943642560691413353	29,655	40	454	9	5	1	2	25	13	10	0	0	0	4.51%
1933342561218744748	Fri, Jun 13, 2025	NOW: Ground stop currently underway at Houston's George Bush Intercontinental Airport (IAH) due to unspecified security threat. https://t.co/wgbOm5SwCh	https://x.com/newsnoteworthy/status/1933342561218744748	25,625	87	1,155	18	43	8	4	28	103	382	2	0	0	2.52%
1965858838122475991	Wed, Sep 10, 2025	BREAKING: Law enforcement responding to shooting incident on campus of Evergreen Colorado High School in Evergreen, Colorado. ATF Denver states at least two students have been shot. https://t.co/bLmzjg2NBN	https://x.com/newsnoteworthy/status/1965858838122475991	25,389	38	640	10	45	0	4	18	53	493	1	0	0	1.39%
1939387963344818333	Sun, Jun 29, 2025	@Osint613 Now being reported that the van in question is an Amazon delivery van. Fire was immediately extinguished by the first truck on scene; no injuries were reported.	https://x.com/newsnoteworthy/status/1939387963344818333	24,840	152	345	8	7	0	6	28	38	121	0	0	0	0.88%
1944484657581686884	Sun, Jul 13, 2025	Law enforcement is responding to a reported “active aggressor” on the Fairgrounds property of Kentucky Expo Center in Louisville, Kentucky. Details unknown at this time. https://t.co/3aQuk9Wc1r	https://x.com/newsnoteworthy/status/1944484657581686884	24,569	61	216	14	67	1	5	14	126	0	2	0	0	2.20%
1935814848761197016	Thu, Jun 19, 2025	DEVELOPING: Shots fired reported inside of the Oxford Valley Mall in Longhorne, Pennsylvania. Multiple shots were heard by shoppers on social media, the shooter is believed to still be inside of the mall. https://t.co/LDINbKA2tb	https://x.com/newsnoteworthy/status/1935814848761197016	24,359	25	535	3	21	2	5	13	71	134	10	0	0	0.24%
1923939136169185769	Sun, May 18, 2025	@SunPepeTzu @TheLastRefuge2 @grok The bridge is nearly 300 ft. tall.	https://x.com/newsnoteworthy/status/1923939136169185769	24,000	24	58	0	0	0	2	1	21	10	0	0	0	13.92%
1916349775919665430	Sun, Apr 27, 2025	PHOTOS: The vehicle that was allegedly used to plow down multiple people moments ago at the Lapu Lapu festival in Vancouver, an event celebrating Filipino culture. Several people are feared dead, whilst early reports are suggesting over 20 casualties. https://t.co/59jRJBxrD9	https://x.com/newsnoteworthy/status/1916349775919665430	23,981	21	3,338	5	20	1	7	5	13	128	13	0	0	3.22%
1912928158979866940	Thu, Apr 17, 2025	BREAKING: New video has surfaced of the shooting at FSU occurring https://t.co/sw6lMmNzCS	https://x.com/newsnoteworthy/status/1912928158979866940	23,613	22	761	10	44	0	2	4	34	343	2	0	0	0.71%
1950356797237154029	Wed, Jul 30, 2025	BREAKING: Tsunami waves up to 13 feet high have been recorded in Yelizovsky in Kamchatka Kai, Russia following major M8.7 earthquake. - TASS	https://x.com/newsnoteworthy/status/1950356797237154029	23,501	21	166	4	1	0	0	9	19	117	0	0	0	0.78%
1943817990002422136	Fri, Jul 11, 2025	@AnciraBecky Several cases of the plague are recorded each year in the United States.	https://x.com/newsnoteworthy/status/1943817990002422136	22,165	121	172	7	1	0	11	26	14	0	0	0	0	5.63%
1911464486445207574	Sun, Apr 13, 2025	BREAKING: Video on scene of the house explosion that occurred in North Austin, Texas. Multiple people reported as injured. Appears to be a multi-story house. Police standoff nearby is unrelated.* https://t.co/DhTH5JJuUX	https://x.com/newsnoteworthy/status/1911464486445207574	21,637	56	1,219	9	68	2	5	29	64	920	11	0	0	0.96%
1924074386912325958	Sun, May 18, 2025	@imeubroka9 @jbteller @grok Unfortunately, 2 people have died.	https://x.com/newsnoteworthy/status/1924074386912325958	20,868	126	200	3	0	0	2	0	32	40	0	0	0	2.70%
1956489690409767328	Fri, Aug 15, 2025	NEW: 3 people were killed in Fort Pierce, Florida after the vehicle they were driving in collided with a semi-truck performing an illegal U-turn on the Florida Turnpike. A Chrysler Town &amp; Country minivan was traveling north near mile marker 171 when a semi-truck, occupied by https://t.co/uPbkjYxy2s	https://x.com/newsnoteworthy/status/1956489690409767328	20,661	76	558	20	16	1	7	39	22	388	1	0	0	5.66%
1953997735679734003	Sat, Aug 9, 2025	The initial hit that knocked out Morice Norris of the Detroit Lions, note his head hitting the ground hard: https://t.co/tFvF1OZgV7	https://x.com/newsnoteworthy/status/1953997735679734003	20,512	55	1,160	5	69	0	5	5	17	1,055	11	0	0	0.34%
1950359223776264356	Wed, Jul 30, 2025	Imminent tsunami for the Kamchatka Peninsula, seek higher ground or evacuate immediately:	https://x.com/newsnoteworthy/status/1950359223776264356	20,504	18	69	2	0	1	0	4	17	29	0	0	0	3.56%
1934461945354027309	Mon, Jun 16, 2025	Initial: Reports of multiple shots fired at the Westfest fair in West Valley City, Utah, just south of Salt Lake City. Several people said to have been shot; stay tuned for further updates. Via Rigoberto Romero on FB https://t.co/xylDRcnYpE	https://x.com/newsnoteworthy/status/1934461945354027309	20,308	100	723	14	21	6	6	46	129	277	1	0	0	0.34%
1916378387175612787	Sun, Apr 27, 2025	@cavill_design @VancouverPD Horrific incident, but glad you are both okay.	https://x.com/newsnoteworthy/status/1916378387175612787	20,180	34	69	0	0	0	1	0	14	20	0	0	0	1.53%
1936582155293114467	Sun, Jun 22, 2025	@shayadave @SpeckleBelly64 You witnessed history. 🫡	https://x.com/newsnoteworthy/status/1936582155293114467	20,116	248	308	3	0	0	1	1	18	40	0	0	0	3.27%
1916202326718611927	Sat, Apr 26, 2025	Armed police have entered the Sephora store in Champs-Élysées, Paris in search of one or more shooting suspects, before being told that “[they] ran off.” https://t.co/6Vps9cSL5s	https://x.com/newsnoteworthy/status/1916202326718611927	19,640	23	642	5	20	0	2	11	22	236	0	0	0	3.34%
1972415196292612250	Sun, Sep 28, 2025	JUST IN: Multi-victim shooting reported at “The Hideout” residential community in Lake Ariel, Pennsylvania; additional details forthcoming. https://t.co/uCks1xbywq	https://x.com/newsnoteworthy/status/1972415196292612250	19,100	57	637	8	16	2	6	33	46	201	1	0	0	2.07%
1971392618690117799	Fri, Sep 26, 2025	Grand Central Station in New York City has since had its power restored following a total blackout. https://t.co/6dPI7iGtOR	https://x.com/newsnoteworthy/status/1971392618690117799	18,806	134	389	12	19	2	4	40	53	139	4	0	0	0.53%
1944489749949120518	Sun, Jul 13, 2025	NOW: Footage shows police and ambulances arriving at the Kentucky Exposition Center in Louisville after reports of an “active aggressor.” Authorities have not confirmed whether the reports of a shooting are true. 🎥 Brittany Hatcher https://t.co/EJvAYDjBnE	https://x.com/newsnoteworthy/status/1944489749949120518	17,952	32	95	5	38	1	0	3	54	0	1	0	0	2.75%
1933801407888466190	Sat, Jun 14, 2025	Fire seen burning on the Las Vegas Strip amid initial reports of an explosion heard in front of the Aria and Bellagio; emergency response currently underway. 📷 Roxana Perez on FB https://t.co/elsi46r494	https://x.com/newsnoteworthy/status/1933801407888466190	17,462	31	481	5	6	0	3	15	24	70	4	0	0	2.14%
1931958050174415144	Mon, Jun 9, 2025	The moment shots are fired:	https://x.com/newsnoteworthy/status/1931958050174415144	17,170	48	367	14	29	2	5	14	36	260	2	0	0	0.33%
1923928288092619160	Sun, May 18, 2025	@InvestSportsX Thank you for the update!	https://x.com/newsnoteworthy/status/1923928288092619160	16,946	15	56	0	0	0	1	2	33	5	0	0	0	3.87%
1912933488652677474	Thu, Apr 17, 2025	Video shows a man, believed to be the suspected shooter, shackled and being placed into an ambulance at FSU. https://t.co/YHxFyeaY3o	https://x.com/newsnoteworthy/status/1912933488652677474	16,910	64	654	21	32	0	6	6	30	233	3	0	0	0.90%
1966270508250677587	Thu, Sep 11, 2025	VIDEO: Military police and other law enforcement search the United States Naval Academy in Annapolis, Maryland amid reports of a disgruntled former midshipman going door to door on campus with a weapon. Video via CBS 21 https://t.co/kwdWhjZ3U9	https://x.com/newsnoteworthy/status/1966270508250677587	16,596	15	150	1	3	0	4	4	17	98	0	0	0	1.03%
1941235137439776863	Fri, Jul 4, 2025	BREAKING: 23 girls from Camp Mystic still missing following the catastrophic flash flooding of the Guadalupe River. — press conference	https://x.com/newsnoteworthy/status/1941235137439776863	16,367	23	168	3	9	1	4	10	43	87	0	0	0	1.18%
1931962656979907033	Mon, Jun 9, 2025	@BNONews https://t.co/KwuZDxvr9l	https://x.com/newsnoteworthy/status/1931962656979907033	16,259	79	192	16	5	1	4	26	48	21	13	0	0	8.99%
1955001719760490549	Mon, Aug 11, 2025	JUST IN: Law enforcement in Austin, Texas currently responding to a shooting incident at a local Target store; EMS reporting at least four victims, with the suspect at large. https://t.co/YiILMdRGbA	https://x.com/newsnoteworthy/status/1955001719760490549	16,250	15	1,461	1	4	0	2	6	9	61	0	0	0	5.72%
1956507301407498722	Sat, Aug 16, 2025	JUST IN: Brisbane, Australia hit by magnitude 5.7 earthquake, shaking felt around the state of Queensland. https://t.co/sdQdAsKwte	https://x.com/newsnoteworthy/status/1956507301407498722	16,162	116	925	3	22	2	16	53	28	104	4	0	0	1.71%
1912903266473586817	Thu, Apr 17, 2025	Video shows sirens sounding as FSU goes into lockdown due to an active shooter. https://t.co/34XbZ9qYRj	https://x.com/newsnoteworthy/status/1912903266473586817	15,889	16	271	2	8	1	1	9	20	90	0	0	0	1.34%
1927124742529601808	Mon, May 26, 2025	UPDATE: 27 people were taken to area hospitals, with 20 of those injuries classified as minor. 2 injuries are serious; thankfully, no fatalities have been reported. Follow for additional updates relating to the Liverpool incident, and other breaking news around the world!	https://x.com/newsnoteworthy/status/1927124742529601808	15,649	97	209	2	4	1	1	6	48	56	0	0	0	0.65%
1972129524411519184	Sun, Sep 28, 2025	Heavy law enforcement presence at the Southport Yacht Basin in Southport, North Carolina amid active shooter incident. Preliminary information suggests multiple patients, according to scanner reports. https://t.co/d73eQJ7uXb	https://x.com/newsnoteworthy/status/1972129524411519184	15,487	10	100	1	1	0	0	8	21	46	1	0	0	1.00%
1924582533737676968	Mon, May 19, 2025	EMERGING: Emergency situation reported at the University of Wisconsin-Platteville, with students and faculty being urged to shelter in place. UW-Platteville Police said that the initial call came in at around 3:45pm local time on Monday. A campus alert sent out to members of	https://x.com/newsnoteworthy/status/1924582533737676968	15,486	20	155	0	1	1	1	5	60	68	0	0	0	1.28%
1916348832184504456	Sun, Apr 27, 2025	BREAKING: Vehicle plows into crowd at the Lapu Lapu festival celebrating Filipino culture in downtown Vancouver. Reports suggesting that over a dozen people have been struck, with multiple fatalities feared. Standby for additional information. https://t.co/Ge0ljlwRw4	https://x.com/newsnoteworthy/status/1916348832184504456	15,412	14	198	0	10	0	1	4	25	57	6	0	0	1.29%
1912906981918069212	Thu, Apr 17, 2025	Video shows law enforcement and students gathered outside after the shooting on FSU’s campus. https://t.co/OUG06RCYmW	https://x.com/newsnoteworthy/status/1912906981918069212	15,376	15	198	9	7	0	0	1	22	30	2	0	0	1.67%
1933085806203465985	Thu, Jun 12, 2025	BREAKING: Playback from @flightradar24 shows that an Air India 787-8, flight AI171, crashed immediately upon takeoff from Ahmedabad on a flight to London Gatwick Airport in England. https://t.co/ePBCE4eeh9	https://x.com/newsnoteworthy/status/1933085806203465985	15,287	13	255	2	1	0	0	4	26	70	3	0	0	0.54%
1949964853306699869	Mon, Jul 28, 2025	Emergency response underway on Park Avenue in Midtown Manhattan following reports of an active shooter incident. https://t.co/K34HsfXG6K	https://x.com/newsnoteworthy/status/1949964853306699869	14,706	22	80	6	68	1	1	7	34	9	0	0	0	1.15%
1959751318915908060	Sun, Aug 24, 2025	BREAKING: Active shooter reported on the University of South Carolina Columbia Campus; standby for updates. https://t.co/1jxP34N3pc	https://x.com/newsnoteworthy/status/1959751318915908060	14,542	34	167	4	9	2	10	11	45	56	0	0	0	2.44%
1949870146119487637	Mon, Jul 28, 2025	BREAKING: Suspect in custody after reported “active shooter” at the Grand Sierra Resort in Reno, Nevada; multiple victims reported, awaiting official tally. https://t.co/tBDUDZjfP7	https://x.com/newsnoteworthy/status/1949870146119487637	14,459	24	353	2	5	0	2	12	6	1	0	0	0	5.59%
1957180667889963407	Sun, Aug 17, 2025	A Chinese national who had his Australian visa application rejected last year attacked an infant with a container of hot coffee at an Australian park, burning up to 60% of the infant’s body. The man, who has not been identified, proceeded to flee to China after the gruesome https://t.co/RbePognt6w	https://x.com/newsnoteworthy/status/1957180667889963407	14,377	198	803	19	0	0	22	82	18	138	1	0	0	6.78%
1972416845975347411	Sun, Sep 28, 2025	UPDATE: Person of interest detained, at least two patients transported amid multi-victim shooting at “The Hideout” in Lake Ariel, Pennsylvania. — NEPA News https://t.co/2irsE4f0FE	https://x.com/newsnoteworthy/status/1972416845975347411	14,254	64	967	8	18	1	4	28	29	154	2	0	0	1.80%
1929315850466574673	Sun, Jun 1, 2025	WATCH: A vehicle crashed into multiple cars and pedestrians in downtown Gatlinburg, Tennessee, injuring six people. Three individuals were airlifted to a trauma center after the incident took place earlier today. — WDBJ7 News https://t.co/1ISpNr1syN	https://x.com/newsnoteworthy/status/1929315850466574673	14,088	22	253	3	21	3	3	10	26	106	6	0	0	3.56%
1971790299585565067	Sat, Sep 27, 2025	WATCH: Multiple people trampled during field rush at Scott Stadium in Charlottesville, Virginia as the UVA Cavaliers upset the Florida State Seminoles (FSU) with a score of 46-38. Multiple EMS transports were noted via local scanner audio. https://t.co/bXHJhWn6cz	https://x.com/newsnoteworthy/status/1971790299585565067	14,016	46	499	25	32	0	1	13	41	375	5	0	0	1.41%
1966259674728349801	Thu, Sep 11, 2025	The U.S. Naval Academy (USNA/NAAA) in Annapolis, Maryland is currently on lockdown following reported threats against the institution. The City of Annapolis states that the lockdown is out of an abundance of caution as authorities work to investigate. https://t.co/CsyPQTfVrz	https://x.com/newsnoteworthy/status/1966259674728349801	13,570	8	191	2	11	0	0	5	11	22	0	0	0	0.70%
1945591327250436197	Wed, Jul 16, 2025	WATCH: Sirens sounding in Old Harbor, Alaska amid tsunami warning for the Alaska Peninsula following magnitude 7.3 earthquake. https://t.co/tGbCPMoh3I	https://x.com/newsnoteworthy/status/1945591327250436197	13,501	20	95	2	12	4	3	7	37	0	0	0	0	15.67%
1926512536423125424	Sun, May 25, 2025	NEW: Photo of the attacker armed with a large machete at Northland Shopping Centre in Melbourne, Australia. https://t.co/kNlZK2nrVy	https://x.com/newsnoteworthy/status/1926512536423125424	13,472	53	2,111	3	23	1	8	28	31	144	2	0	0	1.90%
1950442185633280419	Wed, Jul 30, 2025	WATCH: LAPD helicopter uses loudspeaker to warn people of a possible tsunami wave at 1 a.m. PT, asking everyone to move to higher ground. https://t.co/xSSQqmS2sG	https://x.com/newsnoteworthy/status/1950442185633280419	13,212	80	251	19	11	2	1	15	60	82	5	0	0	4.64%
1918372637400616981	Fri, May 2, 2025	GRAPHIC: Video shows the moment a vehicle being pursued by CHP, at speeds excess of 100 MPH, crashes into the back of an orange dump truck on the EB 210. Drivers are advised to avoid the area; unknown if the suspect is dead, but CPR was being performed. https://t.co/bLCJuFr6Fx	https://x.com/newsnoteworthy/status/1918372637400616981	12,700	23	589	18	34	5	5	3	27	239	1	0	0	1.98%
1926818568538038713	Mon, May 26, 2025	BREAKING: Multiple people feared shot on Watson Avenue in Little River, South Carolina; reports of at least 10 shot via radio traffic. https://t.co/jVq2CzwmAZ	https://x.com/newsnoteworthy/status/1926818568538038713	12,693	29	251	5	10	1	3	10	37	97	0	0	0	1.92%
1936838999777149321	Sun, Jun 22, 2025	Update: Further information coming out of Wayne, Michigan reveals that the suspected shooter was shot and killed by a security guard. The only innocent person believed to be shot is an additional security guard who was shot in the leg, Crosspointe church officials say.	https://x.com/newsnoteworthy/status/1936838999777149321	12,687	44	243	4	5	2	1	20	17	159	0	0	0	6.39%
1915883831204118796	Fri, Apr 25, 2025	NOW: St Petersburg/Clearwater International Airport (PIE) is closed due to an active bomb threat. Departures to the airport are grounded. Probability of extension is medium (30-60%). https://t.co/FjMp9fbOg7	https://x.com/newsnoteworthy/status/1915883831204118796	12,611	148	806	2	24	1	4	26	55	232	2	0	0	6.12%
1911458437000503606	Sun, Apr 13, 2025	Huge explosion reported in NW Austin near 183. Cause currently unknown. https://t.co/rYgqR2BTpb	https://x.com/newsnoteworthy/status/1911458437000503606	12,530	58	767	11	40	0	10	7	93	300	3	0	0	1.07%
1966279096498794515	Thu, Sep 11, 2025	BREAKING: Multiple victims reported after shooting incident at the U.S. Naval Academy in Annapolis, Maryland. — FOX More information to follow. https://t.co/EVZjXlmmXQ	https://x.com/newsnoteworthy/status/1966279096498794515	12,390	41	132	1	3	1	4	18	9	56	0	0	0	22.62%
1967795049585922130	Tue, Sep 16, 2025	DISTRESSING CONTENT | An off-duty Edgewater, Florida police officer was shot and killed earlier today in what the sheriff calls an “assassination.” Officer David Jewell, 45 years old, had stopped at a local Circle K gas station near his house whilst not on shift. When David https://t.co/THTupqJPTh	https://x.com/newsnoteworthy/status/1967795049585922130	12,375	121	2,799	7	5	0	5	22	14	204	1	0	0	13.74%
1937989658551717899	Wed, Jun 25, 2025	@rawsalerts Yes, it’s mentioned in his announcement.. https://t.co/oQsd8CkB8L	https://x.com/newsnoteworthy/status/1937989658551717899	11,939	87	1,640	4	13	0	2	14	10	39	18	0	0	0.75%
1941243601293635712	Fri, Jul 4, 2025	Update regarding Camp Mystic:	https://x.com/newsnoteworthy/status/1941243601293635712	11,926	26	89	1	0	0	2	4	46	11	0	0	0	1.17%
1934092678901203041	Sun, Jun 15, 2025	Update: All clear has been given at Fort Hood in central Texas. Still no word on what led to the active shooter alarm being sounded.	https://x.com/newsnoteworthy/status/1934092678901203041	11,818	42	138	2	3	1	5	16	19	55	0	0	0	0.59%
1945597704727335267	Wed, Jul 16, 2025	@NWS_NTWC https://t.co/gziwkx6qpv	https://x.com/newsnoteworthy/status/1945597704727335267	11,780	34	70	3	6	0	0	11	13	0	12	0	0	3.31%
1944426766270976242	Sun, Jul 13, 2025	BREAKING: Plane crashes at London Southend Airport; huge fireball seen, firefighting operations underway. https://t.co/ev1lC8aocz	https://x.com/newsnoteworthy/status/1944426766270976242	11,445	19	379	3	7	0	1	5	10	0	1	0	0	1.88%
1936832719616377181	Sun, Jun 22, 2025	UPDATE 1/n: Intitial reports and witnesses reported the suspect fired a machine gun. However, reports are circulating that the gunman used a rifle. This is a developing story. Please use caution when reading breaking news information because official reports and investigations	https://x.com/newsnoteworthy/status/1936832719616377181	11,368	69	214	9	0	1	7	19	14	104	0	0	0	3.58%
1938758647103828041	Sat, Jun 28, 2025	BREAKING: Large fire burning at the Hulen Mall in Fort Worth, Texas; fire department confirms a 3 alarm fire response. 🎥: Azucena Torres https://t.co/mhLTYxXU8K	https://x.com/newsnoteworthy/status/1938758647103828041	11,283	37	404	5	27	1	0	12	37	253	3	0	0	0.33%
1972141124086309312	Sun, Sep 28, 2025	@spectatorindex More re: Southport	https://x.com/newsnoteworthy/status/1972141124086309312	11,134	6	37	0	0	0	1	1	22	7	0	0	0	2.00%
1926508942286270676	Sun, May 25, 2025	Initial: Northland Shopping Centre in Melbourne, Australia placed on lockdown following reports of a stabbing incident; unknown how many casualties at this time. https://t.co/hCbYNpYQzJ	https://x.com/newsnoteworthy/status/1926508942286270676	11,119	19	222	4	13	1	3	16	36	63	1	0	0	6.03%
1916350946046599480	Sun, Apr 27, 2025	BREAKING: Vancouver Police confirm multiple fatalities in Lapu Lapu festival car ramming attack. **SUSPECT IS IN CUSTODY. https://t.co/SHwKuBXmH7	https://x.com/newsnoteworthy/status/1916350946046599480	10,920	9	659	1	5	0	3	1	11	50	4	0	0	2.39%
1950358719373447658	Wed, Jul 30, 2025	WATCH: Intense shaking recorded in Kamchatka Krai, Russia during magnitude 8.7 earthquake. Tsunami waves now expected for portions of eastern Russia. https://t.co/ZCC34WhpoN	https://x.com/newsnoteworthy/status/1950358719373447658	10,898	69	261	13	3	1	3	24	24	52	1	0	0	1.76%
1912903815885467936	Thu, Apr 17, 2025	According to sources on the scene, the shooter at FSU is down and more than 30 shots were fired. More details to come.	https://x.com/newsnoteworthy/status/1912903815885467936	10,807	12	190	0	16	0	2	3	98	75	0	0	0	7.37%
1912924350115688774	Thu, Apr 17, 2025	NOW: Interview with students on a campus tour of FSU as the shooting occurred https://t.co/X0zz3xnR2m	https://x.com/newsnoteworthy/status/1912924350115688774	10,791	35	795	14	5	0	2	3	23	96	0	0	0	8.35%
1950375343732510956	Wed, Jul 30, 2025	Traffic is currently building in portions of Honolulu, Hawaii as residents and visitors have been told to seek higher ground and evacuate from coastal areas immediately amid tsunami threat. https://t.co/nJTLdKpUOV	https://x.com/newsnoteworthy/status/1950375343732510956	10,610	28	886	4	5	0	6	16	20	28	3	0	0	7.89%
1941829484434399523	Sun, Jul 6, 2025	When the catastrophic Texas floods first began early Friday morning, responding United States Coast Guard Rescue Swimmer and Petty Officer Scott Ruskin was the only triage coordinator immediately on scene. On what has now become the first rescue mission of his career, Ruskin https://t.co/JhW5QHLRqB	https://x.com/newsnoteworthy/status/1941829484434399523	10,542	97	832	5	3	3	0	22	15	150	2	0	0	2.77%
1926821800282841390	Mon, May 26, 2025	UPDATE 2: North Myrtle Beach, South Carolina police officer shot in the leg while responding to mass shooting in Little River. Authorities were searching the water for victims stemming from the shooting, when a NMBPD officer was hit by gunfire while launching a rescue boat.	https://x.com/newsnoteworthy/status/1926821800282841390	10,327	47	286	3	16	1	1	13	124	100	0	0	0	2.12%
1950370934051000415	Wed, Jul 30, 2025	BREAKING: The powerful earthquake near Russia’s Kamchatka Peninsula has been upgraded to a magnitude 8.8. https://t.co/MdNdHdtMRJ	https://x.com/newsnoteworthy/status/1950370934051000415	9,959	31	211	6	7	1	6	16	5	40	2	0	0	1.90%
1925385513571070001	Thu, May 22, 2025	BREAKING: Two people have been shot and killed outside the Capital Jewish Museum in Washington, D.C. One victim is reportedly an Israeli embassy staffer. Authorities believe the attack may have specifically targeted Israelis. https://t.co/mb7YkojJZv	https://x.com/newsnoteworthy/status/1925385513571070001	9,955	36	189	4	4	0	7	21	11	54	0	0	0	3.39%
1936839389012701301	Sun, Jun 22, 2025	UPDATE 3/n: The gunman opened fire outside CrossPointe Community Church in Wayne, Michigan, during Sunday service. Police say a church security guard was shot in the leg. Another church member then drove over the shooter with a truck, allowing the injured guard to fatally shoot	https://x.com/newsnoteworthy/status/1936839389012701301	9,889	101	335	4	4	2	10	21	15	186	0	0	0	1.66%
1929242886345756767	Sun, Jun 1, 2025	Initial: Heavy emergency response underway in Carlow, Ireland amid reports of shots fired at Fairgreen Shopping Centre; locals report at least one individual was shot by responding Garda units. https://t.co/9lVgjze8WN	https://x.com/newsnoteworthy/status/1929242886345756767	9,730	9	162	2	14	0	1	2	21	57	1	0	0	3.95%
1950473730263535857	Wed, Jul 30, 2025	Update: The water has begun to rise at Kahului Harbor, looks like an initial rise of at least 4 feet. https://t.co/JylcSvI9wk	https://x.com/newsnoteworthy/status/1950473730263535857	9,530	59	376	14	3	0	0	14	170	89	6	0	0	1.05%
1910416614144569788	Thu, Apr 10, 2025	Helicopter crashes into Hudson River near Pier 40 with 1 person still trapped. https://t.co/56ukDNGk6K	https://x.com/newsnoteworthy/status/1910416614144569788	9,128	8	96	3	5	0	2	3	11	35	2	0	0	2.46%
1941165245596090838	Fri, Jul 4, 2025	NOW: A flash flood emergency has been declared in Kerrville, Texas. At least six people are confirmed dead after the Guadalupe River surged over 22 feet in just a few hours. Homes, vehicles, and RV parks have been swept away in the flooding. Police are urging all residents near https://t.co/37Znwua7DQ	https://x.com/newsnoteworthy/status/1941165245596090838	8,483	44	209	5	7	0	2	16	11	44	2	0	0	1.61%
1934093527257862526	Sun, Jun 15, 2025	@rawsalerts All clear has been given:	https://x.com/newsnoteworthy/status/1934093527257862526	8,438	70	136	0	4	0	2	17	28	19	0	0	0	2.35%
1966265633672405335	Thu, Sep 11, 2025	Preliminary information suggests that a midshipman who was kicked out of the U.S. Naval Academy (USNA) has returned to campus armed with a weapon. The suspect is reportedly knocking on doors pretending to be a military police officer. Unclear if shots have been fired. —FOX	https://x.com/newsnoteworthy/status/1966265633672405335	8,435	32	198	1	5	0	2	18	16	130	0	0	0	0.62%
1936839154010079446	Sun, Jun 22, 2025	Update 2/	https://x.com/newsnoteworthy/status/1936839154010079446	8,326	36	52	1	0	0	0	7	6	3	0	0	0	11.24%
1933318793096306699	Fri, Jun 13, 2025	More smoke columns seen in Tehran, Iran following preemptive strikes by Israel. https://t.co/PYX1rd0pbP	https://x.com/newsnoteworthy/status/1933318793096306699	8,299	23	933	3	3	0	0	6	6	29	2	0	0	5.87%
1944485838336696527	Sun, Jul 13, 2025	Events calendar for the Kentucky Expo Center states that the “Run 4 The Roses Championship” was happening today; the event is described as “one of the world’s largest girls basketball events.” https://t.co/cFwdRusO5E	https://x.com/newsnoteworthy/status/1944485838336696527	8,278	9	486	0	2	0	1	1	14	0	2	0	0	1.98%
1944917760393535720	Tue, Jul 15, 2025	BREAKING: Flash flooding is happening right now in Plainfield, New Jersey. A state of emergency has been declared in parts of the state. https://t.co/txeVRKLBNX	https://x.com/newsnoteworthy/status/1944917760393535720	8,185	82	162	17	22	0	2	38	19	1	4	0	0	3.43%
1959751034500509845	Sun, Aug 24, 2025	BREAKING: Urgent Carolina Alert: Active Shooter at Thomas Cooper Library on Columbia campus at University of South Carolina. Subject reported as 6ft white male with black pants. https://t.co/S5kTF5WKtR	https://x.com/newsnoteworthy/status/1959751034500509845	8,112	30	278	0	8	1	10	12	11	40	4	0	0	1.83%
1929278023506735560	Sun, Jun 1, 2025	@EuromaidanPR This is from 2023. https://t.co/SJQRVWtFSz	https://x.com/newsnoteworthy/status/1929278023506735560	8,100	77	148	3	0	0	1	6	12	48	4	0	0	0.59%
1949877746449990126	Mon, Jul 28, 2025	Reno Police: “At approximately 7:25 a.m., officers responded to the Grand Sierra Resort on a report of an active shooter…the suspect was then located and an officer involved shooting occurred. Our officers then located several victims with gunshot wounds from the suspect.” https://t.co/jc20fnypBZ	https://x.com/newsnoteworthy/status/1949877746449990126	7,997	22	47	1	2	2	3	10	6	2	0	0	0	0.79%
1950465220612108601	Wed, Jul 30, 2025	@rawsalerts Bad sign!	https://x.com/newsnoteworthy/status/1950465220612108601	7,965	10	63	1	0	0	1	0	39	13	0	0	0	3.10%
1927064512819048948	Mon, May 26, 2025	UPDATE 2/n: Additional footage of the incident shows the driver of the vehicle driving through the crowds in Liverpool City Centre. The driver appears to deliberately go for pedestrians. https://t.co/ByVWlKHabG	https://x.com/newsnoteworthy/status/1927064512819048948	7,934	9	246	5	12	0	0	3	10	85	0	0	0	2.38%
1952008668645323019	Sun, Aug 3, 2025	WATCH: A man walking his dog in Kamchatka, Russia, captures the terrifying moment a tsunami rushes toward the shore. #津波 #Tsunami https://t.co/b44rAXVtXc	https://x.com/newsnoteworthy/status/1952008668645323019	7,902	65	188	8	5	0	4	7	15	78	1	10	0	6.81%
1923910495100149934	Sun, May 18, 2025	BREAKING: Boat crashes into Manhattan Bridge; people have been seen in the water as a nearby tugboat begins rescue operations. Unknown how many were onboard the vessel. This is a breaking news story, stay tuned for additional updates. https://t.co/1IoQv1AlSs	https://x.com/newsnoteworthy/status/1923910495100149934	7,842	49	534	19	39	2	5	24	26	293	1	0	0	4.05%
1964171221089554530	Sat, Sep 6, 2025	VIDEO: Philadelphia Phillies fan fails to retrieve Harrison Bader’s home run ball against Miami, still demands it from father who retrieved it for his son. The Miami Marlins staff would later make up for the incident, providing the boy with a gift bag. https://t.co/qnsiRBgPwW	https://x.com/newsnoteworthy/status/1964171221089554530	7,663	34	310	8	8	1	1	5	11	240	0	0	0	0.52%
1950371988351967488	Wed, Jul 30, 2025	Now upgraded to an 8.8 magnitude by the USGS, continue to heed advisories by local officials:	https://x.com/newsnoteworthy/status/1950371988351967488	7,569	14	39	1	0	0	1	7	10	7	0	0	0	4.85%
1942083829721674149	Mon, Jul 7, 2025	WATCH: This is the Eastgate Shopping Center in Chapel Hill, North Carolina. There’s a Petco store here. Hopefully the animals inside are safe. 🎥 Amy Miller https://t.co/oOZPpIoRmg	https://x.com/newsnoteworthy/status/1942083829721674149	7,404	80	359	11	21	0	10	51	14	100	4	0	0	1.72%
1959752916312396237	Sun, Aug 24, 2025	Heavy law enforcement response underway on the University of South Carolina’s Columbia Campus amid initial reports of an active shooter near the Thomas Cooper Library. https://t.co/9IXVIh003x	https://x.com/newsnoteworthy/status/1959752916312396237	7,393	27	127	3	14	0	6	11	35	44	0	0	0	4.86%
1939444095941841302	Sun, Jun 29, 2025	BREAKING: Several firefighters reportedly shot in ambush attack during brushfire response in Canfield area of north Idaho. — North Idaho News https://t.co/BIQiT7n7UL	https://x.com/newsnoteworthy/status/1939444095941841302	7,385	58	359	5	4	3	9	22	35	111	2	0	0	4.26%
1911463335607820411	Sun, Apr 13, 2025	Unconfirmed image of the house in Austin, Texas, that caused a loud explosion and is currently on fire. https://t.co/ZSOTbyaiWT	https://x.com/newsnoteworthy/status/1911463335607820411	7,321	26	312	7	17	0	3	3	24	64	4	0	0	0.97%
1932976769226981499	Thu, Jun 12, 2025	The Republican Party has won their 5th straight Congressional Baseball Game, defeating the Democrats with a score of 13-2.	https://x.com/newsnoteworthy/status/1932976769226981499	7,294	15	71	0	2	1	1	2	10	42	0	0	0	9.86%
1950466901580124497	Wed, Jul 30, 2025	WATCH: Kahului Harbor in Hawaii has nearly receded entirely, exposing the pier and small boats ramp. #地震 #津波 #避難 #災害 https://t.co/pMbVNxnv4C	https://x.com/newsnoteworthy/status/1950466901580124497	7,283	80	718	14	6	4	4	14	206	376	4	20	0	0.76%
1939387537593659706	Sun, Jun 29, 2025	BREAKING: A black sprinter delivery van caught fire in Washington, D.C. Flames spread into nearby bushes https://t.co/4YdoRPJDgt	https://x.com/newsnoteworthy/status/1939387537593659706	7,245	12	55	1	1	1	5	3	12	12	1	0	0	0.51%
1945153263290003640	Tue, Jul 15, 2025	@rawsalerts https://t.co/DukUiMPifX	https://x.com/newsnoteworthy/status/1945153263290003640	7,239	16	37	1	0	0	0	5	7	0	9	0	0	0.66%
1969558424456478841	Sun, Sep 21, 2025	BREAKING: Active shooter reported at Sky Meadow Country Club in Nashua, New Hampshire; initial reporting indicates several victims.	https://x.com/newsnoteworthy/status/1969558424456478841	7,166	11	47	0	2	0	0	2	10	24	0	0	0	2.36%
1955005456067211350	Mon, Aug 11, 2025	BREAKING: At least 2 dead, several injured during shooting at Target in Austin, Texas; suspect in custody. — KVUE https://t.co/5XQv0aChqb	https://x.com/newsnoteworthy/status/1955005456067211350	7,105	8	168	1	0	0	1	5	2	31	0	0	0	0.67%
1936833110701666484	Sun, Jun 22, 2025	@JamesWieck97276 Thank you, James. I will continue monitoring the situation as official reports come out.	https://x.com/newsnoteworthy/status/1936833110701666484	7,038	19	47	0	0	1	3	2	15	7	0	0	0	0.81%
1950292660545065277	Tue, Jul 29, 2025	Police responding to Old Orchard Mall in Skokie, Illinois amid reports of a person with a gun. https://t.co/9432iugoiT	https://x.com/newsnoteworthy/status/1950292660545065277	7,005	4	57	1	5	0	1	3	4	22	3	0	0	4.36%
1964844749757485266	Mon, Sep 8, 2025	Harold Rashad Dabney III has been arrested on two counts of capital murder after Dr. Julie Gard Schnuelle was found brutally murdered by a “sharp force instrument,” according to the local coroner in Auburn, Alabama. Preliminary information suggests that Dr. Schnuelle was https://t.co/F84y3zARRr	https://x.com/newsnoteworthy/status/1964844749757485266	6,969	37	304	3	1	0	1	16	19	151	0	0	0	0.23%
1924220580993040444	Sun, May 18, 2025	@CCinspace 2 dead. Several others said to have been seriously injured.	https://x.com/newsnoteworthy/status/1924220580993040444	6,967	5	16	0	0	0	0	1	8	2	0	0	0	0.98%
1956498392642957749	Fri, Aug 15, 2025	@boneheadtruckrs Additional video and documentation:	https://x.com/newsnoteworthy/status/1956498392642957749	6,967	32	68	8	1	0	0	6	11	19	0	0	0	1.77%
1940082905981784082	Tue, Jul 1, 2025	WATCH: Vice President JD Vance breaks the 50-50 tie as the Senate passes the One Big Beautiful Bill, sending it back to the House and closer to President Trump’s desk. https://t.co/KOa3MpgtJx	https://x.com/newsnoteworthy/status/1940082905981784082	6,904	24	122	2	4	0	7	14	4	26	0	0	0	7.06%
1966235551230734758	Thu, Sep 11, 2025	Evacuations underway at UMass Boston as law enforcement responds to a shots fired incident. https://t.co/vdpMS3kQMy	https://x.com/newsnoteworthy/status/1966235551230734758	6,801	13	480	2	12	0	3	3	33	423	0	0	0	10.89%
1932203055673757971	Mon, Jun 9, 2025	Update: LVMPD confirm that the suspect has turned himself in, and that there is no active threat to the public. The shooting stemmed from an isolated dispute, and both victims were declared deceased on scene. https://t.co/JbNazRkPhg	https://x.com/newsnoteworthy/status/1932203055673757971	6,777	24	738	3	8	0	0	7	3	44	91	0	0	3.07%
1972318949523214652	Sun, Sep 28, 2025	NOW: Active shooter at a church in Grand Blanc, Michigan. The building is on fire and the roof is beginning to collapse. Multiple victims confirmed via scanner. https://t.co/5oStGOgfI7	https://x.com/newsnoteworthy/status/1972318949523214652	6,707	19	206	0	8	0	0	7	19	150	0	0	0	4.51%
1950368816166224179	Wed, Jul 30, 2025	BREAKING: Tsunami sirens actively sounding in parts of Hawaii. https://t.co/6LkMSaNS3A	https://x.com/newsnoteworthy/status/1950368816166224179	6,656	63	300	5	11	1	6	27	29	143	2	0	0	1.13%
1939462934410989977	Sun, Jun 29, 2025	@GovernorLittle We are praying for the firefighters 🙏	https://x.com/newsnoteworthy/status/1939462934410989977	6,644	60	75	1	0	0	2	2	5	6	0	0	0	4.01%
1978976571252748414	Fri, Oct 17, 2025	WATCH: Police fire tear gas and live ammunition to disperse crowds earlier today at Nairobi’s Kasarani Stadium during the public viewing of former Prime Minister Raila Odinga, who died on October 15. #Kenya #RailaOdinga https://t.co/VXTZmpP4Ah	https://x.com/newsnoteworthy/status/1978976571252748414	6,631	41	266	6	0	1	3	17	20	174	0	4	0	5.07%
1939386521804497208	Sun, Jun 29, 2025	@TheMaineWonk The vehicle that exploded was an Amazon delivery van, and the fire was promptly extinguished by the first due engine. No injuries reported.	https://x.com/newsnoteworthy/status/1939386521804497208	6,625	209	336	2	3	1	6	17	20	83	0	0	0	5.74%
1951350174376419835	Fri, Aug 1, 2025	BREAKING: Active shooter reported at The Owl Bar in Anaconda, Montana. https://t.co/Lt2K0Qrpqs	https://x.com/newsnoteworthy/status/1951350174376419835	6,618	29	380	0	2	1	6	13	15	51	3	0	0	8.98%
1913346676087005576	Fri, Apr 18, 2025	The two victims who lost their life in yesterday’s active shooter at Florida State University (FSU) have been identified as Tiru Chabba &amp; Robert Morales. Tiru Chabba worked for Aramark Collegiate Hospitality as a regional vice president, having achieved this accomplishment in https://t.co/k5h4u82j3o	https://x.com/newsnoteworthy/status/1913346676087005576	6,613	46	594	4	6	0	13	18	10	113	0	0	0	1.30%
1953932060692742654	Fri, Aug 8, 2025	BREAKING: At least 1 police officer down as law enforcement responds to an active shooter incident near Emory University and the CDC Headquarters in Atlanta, Georgia. https://t.co/uJC4ZWzsbE	https://x.com/newsnoteworthy/status/1953932060692742654	6,595	15	86	1	3	1	7	12	14	33	0	0	0	24.46%
1916677115140878451	Mon, Apr 28, 2025	New image of the ferry crash scene in Clearwater, FL https://t.co/GRGisgzpFj	https://x.com/newsnoteworthy/status/1916677115140878451	6,571	21	1,607	2	2	0	1	9	19	473	11	0	0	1.69%
1912914302337434007	Thu, Apr 17, 2025	Several students seen fleeing “active shooter” incident at FSU. https://t.co/6t4GFIewvS	https://x.com/newsnoteworthy/status/1912914302337434007	6,507	15	110	3	1	0	1	5	4	6	0	0	0	1.88%
1916674905875087862	Mon, Apr 28, 2025	NEW UPDATE: According to the mayor of Clearwater, a ferry carrying 42 people collided with a privately owned boat near the Memorial Causeway bridge. Officials say multiple people were injured, including six trauma alerts. The crash happened around 8:43 p.m. during the final night	https://x.com/newsnoteworthy/status/1916674905875087862	6,335	25	119	3	6	0	2	7	10	75	0	0	0	1.44%
1959758080503079374	Sun, Aug 24, 2025	Update: University of South Carolina says no evidence of active shooter at this time; people are still advised to seek shelter until further notice. https://t.co/eRFrOXDUE0	https://x.com/newsnoteworthy/status/1959758080503079374	6,307	4	91	1	7	0	1	2	4	5	0	0	0	3.30%
1933414356190183464	Fri, Jun 13, 2025	Sirens sounding in Amman, Jordan as a precautionary measure following reports that Iranian drones bound for Israel have entered Jordan’s airspace. Israel has begun intercepting several of the drones. https://t.co/vFI4brQcHJ	https://x.com/newsnoteworthy/status/1933414356190183464	6,306	14	208	5	5	0	1	1	20	33	0	0	0	2.16%
1945205434555482463	Tue, Jul 15, 2025	NOW: Footage shows police on scene at Legacy Wine &amp; Spirits in Smyrna, Tennessee, where an active shooter has barricaded himself inside. Scanner traffic indicates a concealed sniper is now positioned nearby. 🎥 Footage: Troy Asher, pastor at Hope Fellowship Church. https://t.co/5HAkMesB9Y	https://x.com/newsnoteworthy/status/1945205434555482463	6,296	38	136	4	30	3	4	25	46	1	3	0	0	3.35%
1944586017735876716	Mon, Jul 14, 2025	BREAKING: Three alarm fire breaks out at the Gabriel House Assisted Living Facility in Fall River, Massachusetts; multiple people are reportedly trapped inside. Area hospitals placed on standby. https://t.co/wJzNi516jq	https://x.com/newsnoteworthy/status/1944586017735876716	6,240	15	209	3	7	1	3	10	18	0	3	0	0	2.81%
1950366592149188692	Wed, Jul 30, 2025	WATCH: Intense shaking felt in a building in Petropavlovsk-Kamchatsky, Russia during M8.7 earthquake. Tsunami waves now impacting portions of Russia’s far east. https://t.co/3c6F0O1Nje	https://x.com/newsnoteworthy/status/1950366592149188692	6,229	31	175	8	4	0	2	19	14	71	4	0	0	2.35%
1923495911814045922	Fri, May 16, 2025	UPDATE: Jacksonville International Airport reopens after fire damages 50+ cars. No confirmed injuries, but officials can’t say for sure as of now. “I don’t think we have anybody in there, but we can’t say for sure.” — Fire Chief https://t.co/3BSqVIbqUK	https://x.com/newsnoteworthy/status/1923495911814045922	6,175	24	145	3	1	0	9	13	18	27	0	0	0	4.00%
1939521045116899394	Mon, Jun 30, 2025	Emergency vehicles seen lining up outside of Kootenai Health in Coeur d'Alene, Idaho ahead of a memorial procession to bring the bodies of the two fallen firefighters to Spokane for autopsies. https://t.co/vQyMYQsEUn	https://x.com/newsnoteworthy/status/1939521045116899394	6,129	76	245	3	0	1	3	20	28	82	2	0	0	12.32%
1953270718847959156	Thu, Aug 7, 2025	Emerging: Law enforcement in Glenwood, Iowa responding to a reported multi-victim shooting in North Grove Street with a reported house on fire. — KJAN https://t.co/9OYhAgV5dM	https://x.com/newsnoteworthy/status/1953270718847959156	6,080	26	749	5	14	0	4	16	32	400	1	0	0	9.05%
1923945393244524743	Sun, May 18, 2025	WATCH: New Yorkers clap for first responders on scene after the Mexican Navy ship Cuauhtémoc crashed into the Brooklyn Bridge. #barco #PuenteDeBrooklyn #boat #vessel https://t.co/1txI6IFFWh	https://x.com/newsnoteworthy/status/1923945393244524743	6,013	52	544	11	4	0	0	12	20	51	1	12	0	3.86%
1916363956999913894	Sun, Apr 27, 2025	| Viewer discretion is Advised | Additional detailed footage of the scene where a black SUV drove into a crowd at the Filipino Lapu Lapu Day festival in Vancouver. You can see law enforcement begin to organize, and victims get medical attention. https://t.co/XZQSBbRZ26	https://x.com/newsnoteworthy/status/1916363956999913894	5,983	17	231	4	7	1	1	5	15	24	2	0	0	0.74%
1931970798983786549	Mon, Jun 9, 2025	@spectatorindex Here’s the moment he opened fire: https://t.co/vVgfMJyK1Q	https://x.com/newsnoteworthy/status/1931970798983786549	5,978	10	44	2	1	0	0	4	12	8	10	0	0	0.89%
1944540316964409692	Sun, Jul 13, 2025	BREAKING: Elmo’s official X account has seemingly been hacked by individuals boasting about cryptocurrency, attacking Jews, and demanding the release of the Epstein files. https://t.co/nZTTETLGa8	https://x.com/newsnoteworthy/status/1944540316964409692	5,954	23	53	5	19	1	5	10	10	1	0	0	0	11.58%
1951780919649460477	Sat, Aug 2, 2025	Emerging: Authorities responding to an unknown incident at the Valdosta Mall in Valdosta, Georgia; social media users report an active shooter situation, though that remains unconfirmed by local law enforcement. https://t.co/QCiOW4MvRs	https://x.com/newsnoteworthy/status/1951780919649460477	5,865	35	679	6	27	2	6	17	70	546	0	0	0	2.93%
1936946354275881062	Mon, Jun 23, 2025	WATCH: Indiana Pacers star player Tyrese Haliburton goes down with a significant leg injury in Game 7 of the NBA finals. #OKCThunder #NBAFinals2025 https://t.co/Do4OqBUF7o	https://x.com/newsnoteworthy/status/1936946354275881062	5,726	13	168	1	4	0	4	2	3	86	0	10	0	2.24%
1966951179096912055	Sat, Sep 13, 2025	NOW: People told to shelter in place inside of the West County Mall in Des Peres, Missouri as authorities probe “active shooter” situation. No confirmation of shots being fired. —KMOX	https://x.com/newsnoteworthy/status/1966951179096912055	5,725	16	128	1	7	0	0	6	21	85	0	0	0	4.99%
1905777372554764430	Sat, Mar 29, 2025	The FBI is investigating the death of a National Park Service employee who was found with “severe injuries” last week, according to the agency. https://t.co/wsw6uGkgEM	https://x.com/newsnoteworthy/status/1905777372554764430	5,688	10	284	2	0	0	0	2	14	214	44	0	0	2.86%
1941282513856626795	Fri, Jul 4, 2025	WATCH: Girls believed to be campers are dropped off at Ingram High School after helicopters rescued them from the area surrounding the flooded Guadalupe River in Texas. https://t.co/ZwkaNM8Gb6	https://x.com/newsnoteworthy/status/1941282513856626795	5,636	30	161	2	2	2	1	10	16	27	4	0	0	24.87%
1950385514277986734	Wed, Jul 30, 2025	NEW: Images from Severo-Kurilsk, Russia show the aftermath as tsunami floodwaters begin to recede. https://t.co/CjfrsATf0t	https://x.com/newsnoteworthy/status/1950385514277986734	5,626	42	1,399	3	5	0	6	17	35	96	3	0	0	2.47%
1934076750109253767	Sun, Jun 15, 2025	Update: 1 person is critically injured following shots fired during a ‘No Kings’ protest in Salt Lake City, Utah; a person of interest is in custody — SLC Police	https://x.com/newsnoteworthy/status/1934076750109253767	5,626	31	139	2	3	0	0	18	20	68	2	0	0	2.06%
1968836848144228784	Fri, Sep 19, 2025	WATCH: Major law enforcement response underway at University of North Carolina Wilmington (UNCW) amid unconfirmed reports of a gunman on campus. https://t.co/XMNhSsXMZY	https://x.com/newsnoteworthy/status/1968836848144228784	5,589	20	115	3	12	0	3	6	21	61	1	0	0	3.46%
1966326542092612077	Fri, Sep 12, 2025	UPDATE: Incident at U.S. Naval Academy stems from a swatting call. The swatting call left one midshipman shot and injured. Initial information reporting a threat at the academy included that the supposed shooter (who did not exist) was going door to door in law enforcement https://t.co/ssLLW73nqw	https://x.com/newsnoteworthy/status/1966326542092612077	5,586	13	193	0	9	1	0	7	3	71	0	0	0	26.06%
1925414521809645710	Thu, May 22, 2025	WATCH: New footage circulating of Elias Rodriguez, the alleged shooter, getting arrested after 2 were killed at the Capital Jewish Museum in DC. https://t.co/oEMbxGyXOK	https://x.com/newsnoteworthy/status/1925414521809645710	5,530	17	1,441	8	4	0	13	12	7	479	1	0	0	0.46%
1927064586877911530	Mon, May 26, 2025	https://t.co/BaaGXlVpd6	https://x.com/newsnoteworthy/status/1927064586877911530	5,470	9	25	3	4	0	2	1	5	8	0	0	0	5.62%
1968651789332365791	Thu, Sep 18, 2025	A guest died last night after riding the new Stardust Racers roller coaster at Universal’s Epic Universe in Orlando. He became unresponsive following the ride and was later pronounced dead at a hospital. The attraction is closed as the police investigate. https://t.co/bzu063rhxa	https://x.com/newsnoteworthy/status/1968651789332365791	5,431	13	305	0	3	0	0	2	2	25	0	0	0	1.62%
1967106605608255899	Sun, Sep 14, 2025	Terence Crawford beats Canelo Álvarez after 12 rounds, becomes undisputed super middleweight world champion. #CaneloVsCrawford https://t.co/nXczM43gY4	https://x.com/newsnoteworthy/status/1967106605608255899	5,419	47	88	4	0	0	2	6	3	24	0	4	0	4.43%
1953996503359299660	Sat, Aug 9, 2025	Detroit Lions Safety Morice Norris (#26) was taken off the field in an ambulance following a head injury suffered whilst making a tackle against a player on the Atlanta Falcons. https://t.co/Zw8SDx6yg5	https://x.com/newsnoteworthy/status/1953996503359299660	5,371	17	238	2	1	0	3	5	6	201	0	0	0	1.77%
1961599980264681650	Sat, Aug 30, 2025	University of Georgia (UGA) in Athens, Georgia reporting an ‘armed shooter’ at Main Library on campus. Additional information will follow, including whether or not this is the latest in a string of swatting hoaxes that have plagued college campuses nationwide recently. https://t.co/6YTHzRZ4fg	https://x.com/newsnoteworthy/status/1961599980264681650	5,362	8	95	0	2	0	1	3	8	22	0	0	0	1.69%
1950436511792714128	Wed, Jul 30, 2025	Water has begun receding at Hanalei Bay in Kauai, Hawaii as the first tsunami waves begin to arrive. https://t.co/ezC2TepR83	https://x.com/newsnoteworthy/status/1950436511792714128	5,211	18	88	3	1	0	1	6	17	35	1	0	0	3.53%
1960117425543774503	Mon, Aug 25, 2025	JUST IN: Law enforcement responding to an unknown incident on the University of Colorado Boulder Campus near the Norlin Library; a campus-wide shelter in place order has been issued. https://t.co/RNGFOIJPHx	https://x.com/newsnoteworthy/status/1960117425543774503	5,072	8	179	0	5	0	6	4	16	54	0	0	0	0.89%
1944795642015920575	Mon, Jul 14, 2025	BREAKING: After meeting with NATO Secretary General Mark Rutte, President Trump confirmed that the U.S. will send Patriot missiles to Ukraine through NATO. Trump also warned of 100% secondary tariffs on Russia if no peace deal is reached within 50 days. #Ukraine #Russia #NATO https://t.co/AQyFfmNl01	https://x.com/newsnoteworthy/status/1944795642015920575	5,058	20	45	1	0	0	10	7	2	1	0	5	0	6.66%
1911473131476172949	Sun, Apr 13, 2025	New images coming in after a powerful explosion in Austin, Texas that was heard from miles away. https://t.co/g8yP1oKd6s	https://x.com/newsnoteworthy/status/1911473131476172949	5,057	30	337	2	9	3	4	9	42	131	5	0	0	7.00%
1972511842041045260	Mon, Sep 29, 2025	BREAKING: ‘Active Shooter situation’ reported in Wolf Point, Montana according to Fort Peck Tribal Law Enforcement. https://t.co/QfBYsOASHJ	https://x.com/newsnoteworthy/status/1972511842041045260	5,041	49	353	2	15	4	1	34	23	86	1	0	0	2.45%
1944917847094034880	Tue, Jul 15, 2025	NOW: Aditional footage of the current flooding situation in Plainfield, New Jersey. 🎥 @anacreatez on TikTok https://t.co/chSTSBF6zo	https://x.com/newsnoteworthy/status/1944917847094034880	5,014	63	123	8	7	1	2	28	8	1	5	0	0	13.45%
1934608355655397569	Mon, Jun 16, 2025	BREAKING: The IDF has issued an evacuation warning to over 330,000 people in Tehran. https://t.co/OzkBLWWmYG	https://x.com/newsnoteworthy/status/1934608355655397569	5,011	13	674	0	8	1	1	4	14	61	0	0	0	4.66%
1910425502655127688	Thu, Apr 10, 2025	Video shows helicopter just minutes before deadly crash into the Hudson River. https://t.co/lWt3idtAXn	https://x.com/newsnoteworthy/status/1910425502655127688	5,005	7	233	3	5	0	0	2	9	66	56	0	0	10.36%
1950379111026991409	Wed, Jul 30, 2025	BREAKING: ‘Tsunami Activity’ expected in coastal areas of New Zealand, people advised to relocate. — NZ Civil Defense https://t.co/8qrIm66B1S	https://x.com/newsnoteworthy/status/1950379111026991409	5,002	23	518	2	4	2	0	11	17	39	2	0	0	1.63%
1916670852826857693	Mon, Apr 28, 2025	UPDATE: Everyone on the ferry is accounted for and off the boat. There is still no word on how many injuries. I am listening to the scanner right now.	https://x.com/newsnoteworthy/status/1916670852826857693	4,907	40	80	2	1	0	3	3	9	25	0	0	0	2.82%
1970580338012282923	Tue, Sep 23, 2025	WATCH: Unexploded grenade detonated by police in Oslo, Norway amid emergency response to an explosive incident in the area of Pilestredet. (h/t @NexaNews_) https://t.co/jVbuQPdiX2	https://x.com/newsnoteworthy/status/1970580338012282923	4,889	23	138	4	3	0	1	4	14	73	1	0	0	8.28%
1950430406764806237	Wed, Jul 30, 2025	Photo of Hanalei Bay in Kauai, Hawaii shows water rapidly receding; tsunami expected for the State of Hawaii within moments. https://t.co/2B8AZNl4XH	https://x.com/newsnoteworthy/status/1950430406764806237	4,833	4	400	0	3	0	0	2	11	23	3	0	0	1.49%
1957309681568759986	Mon, Aug 18, 2025	BREAKING: 3 police officers shot in Box Elder County, Utah; incident ongoing. Edited scanner traffic below: https://t.co/YVKS2Yyejm	https://x.com/newsnoteworthy/status/1957309681568759986	4,817	10	72	2	5	1	0	5	17	34	1	0	0	8.17%
1911466157413978284	Sun, Apr 13, 2025	Photos from the scene of a reported explosion in North Austin, Texas. Austin Travis County EMS is reporting several victims, Austin FD reporting at least one victim pulled from the rubble at this time. Photos of a garage door caved in is one of many photos depicting a shockwave https://t.co/lmBOcqt725	https://x.com/newsnoteworthy/status/1911466157413978284	4,796	23	392	3	32	0	1	2	19	112	0	0	0	1.21%
1969560211372360060	Sun, Sep 21, 2025	BREAKING: Two armed suspects at large following mass shooting with multiple victims at Sky Meadow Country Club in Nashua, New Hampshire. — police	https://x.com/newsnoteworthy/status/1969560211372360060	4,781	18	58	2	3	0	1	8	10	21	0	0	0	0.46%
1927068824886460689	Mon, May 26, 2025	BREAKING: Several people are seriously injured following a suspected vehicle ramming attack in Liverpool City Centre as fans took to the streets to celebrate Liverpool’s Premier League win, according to a police officer who spoke to Echo.	https://x.com/newsnoteworthy/status/1927068824886460689	4,774	11	22	2	0	0	0	2	5	4	0	0	0	0.36%
1949872656972484779	Mon, Jul 28, 2025	@AZ_Intel_ The suspect was taken into custody after several officers engaged him. 🙏	https://x.com/newsnoteworthy/status/1949872656972484779	4,686	9	17	0	0	0	0	0	8	0	0	0	0	2.16%
1965853005120409974	Wed, Sep 10, 2025	VIDEO: Livestream captures the aftermath of a singular shot ringing out at a TPUSA event at Utah Valley University; video shows the shot seemingly striking Charlie Kirk in the neck. The suspect is in custody. https://t.co/FNzAL0xBF7	https://x.com/newsnoteworthy/status/1965853005120409974	4,675	7	101	5	2	1	1	4	11	66	0	0	0	1.80%
1950397524214501827	Wed, Jul 30, 2025	Multiple whales have washed ashore near Tateyama City Coast, Chiba Prefecture in Japan following today’s M8.8 earthquake and subsequent tsunami waves. https://t.co/BQXLyVjv62	https://x.com/newsnoteworthy/status/1950397524214501827	4,611	21	83	3	2	0	2	10	8	22	15	0	0	0.65%
1927061316784513356	Mon, May 26, 2025	UPDATE 1/n: Merseyside Police confirm they are working a major incident in the area of Water Street and Dale Street in Liverpool City Centre. 1 male subject is detained, and emergency services are currently assessing the situation.	https://x.com/newsnoteworthy/status/1927061316784513356	4,607	7	30	1	1	0	1	0	3	19	0	0	0	2.36%
1950360446419992697	Wed, Jul 30, 2025	WATCH: First tsunami waves arrive on the shores of Severo-Kurilsk, Russia. https://t.co/A83lVnJ7g2	https://x.com/newsnoteworthy/status/1950360446419992697	4,579	30	108	9	1	0	0	15	24	16	1	0	0	5.79%
1979949391893958986	Sun, Oct 19, 2025	NEW: Thieves disguised as construction workers carried out a sophisticated daylight heist at the Louvre in Paris, smashing display cases with power tools and escaping on motorbikes. Nine jewels linked to Napoleon and his wife were stolen. https://t.co/0gwhdzsoCS	https://x.com/newsnoteworthy/status/1979949391893958986	4,562	49	264	14	12	0	3	17	24	166	0	0	0	2.98%
1912965202703773703	Thu, Apr 17, 2025	UPDATE: Video shows the aftermath inside FSU’s Carothers Building following a SWAT team sweep. FSU student Melina Myers stated that her class was held in the building during the incident. They remained on lockdown for two hours before being evacuated. https://t.co/Zr83z5TXm6	https://x.com/newsnoteworthy/status/1912965202703773703	4,495	18	134	3	2	0	0	3	10	52	0	0	0	0.31%
1927069767065592162	Mon, May 26, 2025	https://t.co/8xqThNfMLr	https://x.com/newsnoteworthy/status/1927069767065592162	4,491	7	14	1	0	0	0	1	3	3	0	0	0	2.47%
1916818602763669525	Mon, Apr 28, 2025	EUROPE: Most parts of Spain and Portugal are currently without power, with France, Germany, and several other nations suffering from blackouts as well; cause unknown. Video below depicts the operational failures of Madrid’s metro system. https://t.co/4y5VOjbK3B	https://x.com/newsnoteworthy/status/1916818602763669525	4,487	9	111	1	7	2	2	5	9	38	0	0	0	58.10%
1935812369726259619	Thu, Jun 19, 2025	BREAKING: Despite rumors circulating on social media, police confirm there is no active shooter at the Iowa Events Center in Des Moines. A man rushed the stage during a national speech and debate tournament, causing panic and a full evacuation. He was unarmed, no injuries were https://t.co/gn18U5VVQN	https://x.com/newsnoteworthy/status/1935812369726259619	4,484	22	2,605	8	27	0	3	4	25	232	0	55	0	1.25%
1978535700589912546	Wed, Oct 15, 2025	BREAKING: The New York Times reports the Trump administration has authorized the CIA to conduct covert operations in Venezuela, including potential lethal actions, as part of an intensified campaign to pressure President Nicolás Maduro. https://t.co/U9JZmqpAZB	https://x.com/newsnoteworthy/status/1978535700589912546	4,481	9	56	0	0	0	0	4	4	26	0	0	0	1.47%
1944465277703647590	Sun, Jul 13, 2025	BREAKING: A Kentucky State Police trooper has been shot near Blue Grass Airport. The armed suspect then fled to Richmond Road Baptist Church and opened fire, injuring multiple people. The suspect is dead, and the injured trooper is receiving medical care. https://t.co/lTxjc69Cgd	https://x.com/newsnoteworthy/status/1944465277703647590	4,477	10	66	0	0	0	1	2	6	1	0	0	0	5.65%
1923976699655409940	Sun, May 18, 2025	BREAKING: A TUI Boeing 737 MAX 8 has declared a 7700 emergency en route to Gran Canaria. The 737 MAX was grounded worldwide from 2019 to 2021 after two crashes: Lion Air Flight 610 in 2018 and Ethiopian Airlines Flight 302 in 2019, which killed a total of 346 people. These recent https://t.co/yQmy83t9hd	https://x.com/newsnoteworthy/status/1923976699655409940	4,458	10	252	6	0	0	4	6	9	92	0	0	0	6.70%
1912976067528192303	Thu, Apr 17, 2025	Deputy Jessica Ikner has been with the Leon County Sheriff’s Office for over 18 years. Her 20 years old son, Phoenix Ikner, was found at the scene with Jessica’s personal gun. Phoenix Ikner has reportedly reserved his right to remain silent and is not speaking to officers. https://t.co/WlcLPJ6aZ8	https://x.com/newsnoteworthy/status/1912976067528192303	4,449	15	298	4	8	0	7	8	10	64	3	0	0	0.54%
1958648752442581122	Thu, Aug 21, 2025	No reported victims at Villanova University amid a reported active shooter threat on campus. Police advise it is still an active scene, and all people sheltering in place should remain in shelter until contacted by a member of law enforcement.	https://x.com/newsnoteworthy/status/1958648752442581122	4,441	9	24	0	0	0	0	2	6	7	0	0	0	5.24%
1927821484744925498	Wed, May 28, 2025	President Trump today signed pardons for several individuals, including Kentrell Gaulden (NBA YoungBoy), Todd and Julie Chrisley, and fmr. NY Rep Michael Grimm. https://t.co/oNWnC6FQg9	https://x.com/newsnoteworthy/status/1927821484744925498	4,389	59	230	8	2	0	7	9	27	83	0	0	0	4.54%
1912925721367806395	Thu, Apr 17, 2025	New video shows students being escorted out of their buildings at FSU. A student who attends the school posted that this video was taken at the building next to where the shooters were. https://t.co/o1jAUJ0yaP	https://x.com/newsnoteworthy/status/1912925721367806395	4,363	22	198	7	0	1	0	4	9	45	1	0	0	1.04%
1939454299744162263	Sun, Jun 29, 2025	@rawsalerts Multiple firefighters confirmed shot.	https://x.com/newsnoteworthy/status/1939454299744162263	4,335	22	45	1	2	0	0	6	10	7	0	0	0	5.23%
1927095013088911685	Mon, May 26, 2025	YouTubers Sam and Colby are reportedly lost in the Paris Catacombs, having scheduled a tweet explaining their disappearance. They claim to have official people looking for them, but have asked for their fans to send help if they are not heard from in the coming hours. https://t.co/cLTnqaIMjj	https://x.com/newsnoteworthy/status/1927095013088911685	4,325	34	226	3	3	0	3	3	19	41	0	0	0	0.47%
1950389685135823311	Wed, Jul 30, 2025	@Hawaii_EMA Praying for Hawaii 🙏	https://x.com/newsnoteworthy/status/1950389685135823311	4,252	15	20	0	0	0	0	1	2	2	0	0	0	4.43%
1970992376979321168	Wed, Sep 24, 2025	BREAKING: Danish Police confirm unidentified drones near military airports in Southern Jutland, including Esbjerg, Sønderborg &amp; Skrydstrup. Denmark may declare a national emergency as the situation unfolds. #Jylland #Danmark #Politi https://t.co/xi6uE6iqTi	https://x.com/newsnoteworthy/status/1970992376979321168	4,220	25	187	4	3	1	0	8	35	92	0	16	0	5.57%
1934633101688222053	Mon, Jun 16, 2025	@BNONews The host just asked Israel to “hit us again” https://t.co/rBbFZmM3DS	https://x.com/newsnoteworthy/status/1934633101688222053	4,183	19	233	5	0	0	2	1	9	44	9	0	0	6.42%
1916669567184556533	Mon, Apr 28, 2025	JUST IN: Emergency alert issued for Illinois State University (ISU) following reports of shits fired at or near the Bone Student Center. https://t.co/i2hPXzFVfq	https://x.com/newsnoteworthy/status/1916669567184556533	4,145	9	266	1	3	0	2	2	11	52	0	0	0	6.72%
1952527543602495754	Tue, Aug 5, 2025	Evacuation orders issued for the Kaanapali area of Lahaina on Hawaii’s Maui Island amid brush fire. https://t.co/bOBG6F0JI2	https://x.com/newsnoteworthy/status/1952527543602495754	4,124	41	277	2	11	6	8	26	35	155	0	0	0	11.98%
1950007367493460276	Tue, Jul 29, 2025	BREAKING: Shane D. Tamura, a former football player from Granada Hills Charter in L.A., is believed to have targeted the NFL offices at 345 Park Avenue. Officials say he exchanged gunfire with an NYPD officer in the building’s lobby before making his way to the 33rd floor. https://t.co/Km4dTaBLgz	https://x.com/newsnoteworthy/status/1950007367493460276	4,033	13	483	5	7	1	6	5	9	2	0	0	0	3.18%
1949520006682697733	Sun, Jul 27, 2025	BREAKING: Passenger train derails in Biberach district of Germany; local media waiting to confirm casualty count. https://t.co/MgsFsQZayx	https://x.com/newsnoteworthy/status/1949520006682697733	3,988	4	127	0	0	0	1	2	7	1	0	0	0	9.62%
1931496025971109994	Sat, Jun 7, 2025	BREAKING: Colombian presidential candidate Miguel Uribe Turbay shot at a campaign event in Bogotá, Colombia; he is reported to be in serious condition. https://t.co/yLLkw7hwpq	https://x.com/newsnoteworthy/status/1931496025971109994	3,983	28	383	7	12	2	1	12	20	110	0	0	0	4.57%
1967574123942465803	Mon, Sep 15, 2025	On September 10, motel manager Chandra Nagamallaiah was brutally decapitated in front of his wife and son after asking an employee not to use a broken washing machine. Police say the attacker, Yordanis Cobos-Martinez, repeatedly stabbed him with a machete, kicked his head into https://t.co/ctCAvbnwnM	https://x.com/newsnoteworthy/status/1967574123942465803	3,983	8	182	4	4	0	0	0	4	37	0	0	0	1.74%
1972829991328182319	Tue, Sep 30, 2025	UPDATE: Tyreek Hill officially ruled out with a knee injury, will be taken to a local hospital for further evaluation.	https://x.com/newsnoteworthy/status/1972829991328182319	3,962	6	69	1	10	0	1	2	3	57	0	0	0	1.77%
1950460398357926328	Wed, Jul 30, 2025	WATCH: Flooding at a building in Hilo, Hawaii amid a 5ft tsunami wave in the area. https://t.co/K2oaVLZOjj	https://x.com/newsnoteworthy/status/1950460398357926328	3,945	16	70	7	4	0	0	7	27	14	2	0	0	4.26%
1971333003591999954	Thu, Sep 25, 2025	Senior Trooper Craig Gaines of the Florida Highway Patrol (FHP) has died following an on duty incident that occurred during the Florida A&amp;M University’s (FAMU) football game against Florida Atlantic University. Gaines had been working as the head of security for FAMU’s head https://t.co/jiMBppsonN	https://x.com/newsnoteworthy/status/1971333003591999954	3,944	19	168	0	4	0	4	3	4	61	2	0	0	6.08%
1973715959350522031	Thu, Oct 2, 2025	BREAKING: Two killed, at least three seriously injured following stabbing, ramming attack outside the Heaton Park Hebrew Congregation Synagogue, Middleton Road, Crumpsall in Manchester, England. The suspect was killed by responding officers. — police https://t.co/KK0HXMxZzA	https://x.com/newsnoteworthy/status/1973715959350522031	3,933	12	239	1	4	0	1	5	2	22	4	0	0	19.34%
1939720381176140288	Mon, Jun 30, 2025	@karol Possibly the same person? https://t.co/pMGHsnF7db	https://x.com/newsnoteworthy/status/1939720381176140288	3,837	4	742	0	4	0	5	0	3	32	17	0	0	1.18%
1972131618576912613	Sun, Sep 28, 2025	Southport, North Carolina City Manager confirms multiple patients transported to hospital amid active shooter incident, shooter not in custody. The shooter reportedly pulled up on a boat to the American Fish Company located on the Southport Yacht Basin, fired into the crowd,	https://x.com/newsnoteworthy/status/1972131618576912613	3,813	9	45	1	0	0	0	6	9	21	0	0	0	5.47%
1930759869700681903	Thu, Jun 5, 2025	BREAKING: "Enemy drones are approaching the capital one after another from multiple directions and over the city’s airspace. Explosions are loud in different parts of Kyiv. Air defenses are active," said Timur Tkachenko, head of the Kyiv City Military Administration. —RBC-Ukraine https://t.co/1QsAVgHf5G	https://x.com/newsnoteworthy/status/1930759869700681903	3,805	12	208	1	2	0	0	4	17	35	0	0	0	4.85%
1938634717676400987	Fri, Jun 27, 2025	Trump on Zohran Mamdani: “Like this communist from New York someday gets elected. I can’t believe that’s happening. That’s a terrible thing for our country by the way. He’s a communist!” https://t.co/aFYNU00O8f	https://x.com/newsnoteworthy/status/1938634717676400987	3,797	39	184	1	0	0	4	9	11	84	0	0	0	5.36%
1911464268014166385	Sun, Apr 13, 2025	Aftermath of a house explosion following a standoff with law enforcement in Austin, Texas. https://t.co/DhTH5JJuUX	https://x.com/newsnoteworthy/status/1911464268014166385	3,790	15	203	2	17	0	3	6	14	117	0	0	0	2.06%
1951503432486944798	Sat, Aug 2, 2025	@rawsalerts Nice work!! Keep crushing it	https://x.com/newsnoteworthy/status/1951503432486944798	3,785	20	78	0	0	1	1	1	45	10	0	0	0	14.45%
1916361250428051718	Sun, Apr 27, 2025	| Viewer discretion is Advised | New footage of the scene where a black SUV drove into a crowd of people at the Filipino Lapu Lapu Day Block Party in Vancouver. https://t.co/KqCoQvRgfJ	https://x.com/newsnoteworthy/status/1916361250428051718	3,785	9	547	7	5	1	0	3	12	54	0	0	0	0.56%
1950483181653635190	Wed, Jul 30, 2025	Tsunami Warning for the State of Hawaii downgraded to a Tsunami Advisory, residents and visitors still advised to heed the advice of local officials.	https://x.com/newsnoteworthy/status/1950483181653635190	3,753	10	21	2	0	0	0	2	3	6	0	0	0	0.94%
1926828949956440171	Mon, May 26, 2025	UPDATE 3: 11 people were transported to area hospitals with injuries following a shooting incident in Little River, South Carolina. Several other people have self-transported to area hospitals — Horry County Sheriff’s Office	https://x.com/newsnoteworthy/status/1926828949956440171	3,731	7	35	2	1	0	0	5	13	10	0	0	0	0.30%
1925388324664975490	Thu, May 22, 2025	@BNONews 👀	https://x.com/newsnoteworthy/status/1925388324664975490	3,675	6	11	0	0	0	0	0	5	0	0	0	0	2.09%
1971388223961301284	Fri, Sep 26, 2025	Caden Speight of Dunnellon, Florida, who was abducted by four armed males in a van, may have been shot according to close family members. Earlier in Dunnellon, the Marion County Sheriff’s Office responded to a reported shooting; however, the victim was not located, just his https://t.co/hB4vD5ouAk	https://x.com/newsnoteworthy/status/1971388223961301284	3,641	16	76	3	3	0	0	5	9	25	0	0	0	2.59%
1926695646871851220	Sun, May 25, 2025	NOW: Scott McLaughlin crashes during the pace laps and is out of the Indy 500 before the race even started. #indy500 #crash https://t.co/2qH8BVPYIl	https://x.com/newsnoteworthy/status/1926695646871851220	3,635	16	94	1	2	0	1	2	7	25	0	1	0	1.86%
1965851225221640366	Wed, Sep 10, 2025	DISTRESSING CONTENT | BREAKING: Video shows the moment Charlie Kirk is shot during a Turning Point USA (TPUSA) event at Utah Valley University in Orem, Utah. https://t.co/JfEIFir7ks	https://x.com/newsnoteworthy/status/1965851225221640366	3,610	4	67	2	4	0	0	1	3	54	1	0	0	0.84%
1950297324540088527	Tue, Jul 29, 2025	All clear given at Old Orchard Mall in Skokie, Illinois. Officials believe an altercation prompted the panic and temporary lockdown of the mall. — ABC7	https://x.com/newsnoteworthy/status/1950297324540088527	3,587	5	30	1	6	0	0	0	4	21	0	0	0	2.72%
1933102088738807817	Thu, Jun 12, 2025	BREAKING: Video shows the moment Air India flight AI171 crashes enroute from Ahmedabad to London immediately after takeoff. The Boeing 787-8 Dreamliner is said to have had 242 passengers and crew onboard. https://t.co/IO4NwMtwgg	https://x.com/newsnoteworthy/status/1933102088738807817	3,562	6	97	0	5	1	2	3	8	25	0	0	0	1.87%
1955015904053305832	Mon, Aug 11, 2025	NOW: Police evacuating several neighborhoods in Tres Cantos area of Madrid, Spain amid fast moving wildfire that has reached several homes. #IFTresCantos https://t.co/0fqC47ICmg	https://x.com/newsnoteworthy/status/1955015904053305832	3,532	4	66	3	5	0	1	6	13	24	0	11	0	1.11%
1939496208004780309	Mon, Jun 30, 2025	@IAFFofficial This is absolutely devastating. Prayers to the first responders and their families 🙏	https://x.com/newsnoteworthy/status/1939496208004780309	3,518	26	39	0	0	0	0	3	6	4	0	0	0	3.62%
1972840695913394421	Tue, Sep 30, 2025	University of Florida (UF) is under a shelter in place order nearby the Smathers Library on campus amid reports of shots fired; the university says no injuries or criminal activity has been reported at this time. https://t.co/H1JhH3bf5b	https://x.com/newsnoteworthy/status/1972840695913394421	3,511	13	127	2	1	0	4	2	21	32	0	0	0	1.43%
1949240677688389811	Sat, Jul 26, 2025	NEW: Footage shows the scene outside the Walmart in Traverse City, Michigan, where multiple individuals were stabbed and a suspect was taken into custody. Parts of the original video are covered for privacy concerns. https://t.co/0G5zKnFoUK	https://x.com/newsnoteworthy/status/1949240677688389811	3,493	10	50	3	2	0	0	6	8	2	0	0	0	6.38%
1977131121143169426	Sat, Oct 11, 2025	VIDEO: Helicopter crashes during Cars and Copters event in Huntington Beach, California; mass-casualty incident declared. https://t.co/k3qycPQ4GD	https://x.com/newsnoteworthy/status/1977131121143169426	3,463	20	221	2	15	0	4	6	10	168	0	0	0	0.47%
1912922713020072217	Thu, Apr 17, 2025	@TheRebelPatient Local media has confirmed that the shooter in custody.	https://x.com/newsnoteworthy/status/1912922713020072217	3,431	5	16	0	0	0	1	0	3	7	0	0	0	6.52%
1954320492229222513	Sat, Aug 9, 2025	NASCAR Xfinity driver Connor Zilisch was taken via ambulance to the infield care center in unknown condition after suffering a traumatic fall during his first place celebration at Watkins Glen International moments ago. He was alert in the ambulance. https://t.co/6OQXpR3yvK	https://x.com/newsnoteworthy/status/1954320492229222513	3,421	16	223	1	11	0	3	6	3	178	16	0	0	3.13%
1910412409942270154	Thu, Apr 10, 2025	An explosion led to a major fire in Heerhugowaard, Netherlands earlier today. Several ambulances and two trauma helicopters were needed to battle the blaze at the apartment complex. Unknown what caused the explosion. H/t @AZ_Intel_ @GlobalReportX https://t.co/Ubip9GfuVE	https://x.com/newsnoteworthy/status/1910412409942270154	3,420	12	107	0	2	1	3	5	10	46	0	0	0	3.35%
1977434312958984407	Sun, Oct 12, 2025	NOW: Flooding in La Ràpita, Montsià (Catalonia, Spain) following heavy rainfall. Roads are affected and emergency crews are responding. #Inundaciones #Cataluña #Emergencia https://t.co/VeEHAualXC	https://x.com/newsnoteworthy/status/1977434312958984407	3,399	20	114	6	9	1	2	9	5	60	0	11	0	7.36%
1906907832873816372	Tue, Apr 1, 2025	A major incident is currently unfolding in Putra Heights, Malaysia following the rupture and subsequent explosion of a petrol pipe. Live updates will be posted below. Follow to stay informed. 🧵👇 https://t.co/x8d2HksWtu	https://x.com/newsnoteworthy/status/1906907832873816372	3,381	21	249	4	0	0	1	5	19	179	0	0	0	0.95%
1949969541867458757	Mon, Jul 28, 2025	BREAKING: Officials requesting blood bank activation amid Level 3 NYPD mobilization to a reported active shooter situation with multiple victims in Midtown Manhattan, New York.	https://x.com/newsnoteworthy/status/1949969541867458757	3,361	13	32	2	1	0	2	6	11	0	0	0	0	5.93%
1933618265579762173	Fri, Jun 13, 2025	WATCH: Iranian missile narrowly misses man filming from an apartment block in Tel Aviv, Israel. תל אביב طهران https://t.co/JfsmiHgYQi	https://x.com/newsnoteworthy/status/1933618265579762173	3,338	28	198	4	7	0	2	7	13	58	3	0	0	2.58%
1958637223953289254	Thu, Aug 21, 2025	BREAKING: Active shooter reported on the Villanova University Campus in Pennsylvania; police responding, all advised to stay clear of Law School Scarpa Hall. https://t.co/luvpPxm4Q5	https://x.com/newsnoteworthy/status/1958637223953289254	3,337	8	86	0	5	0	2	8	4	8	1	0	0	1.08%
1925963643180495131	Fri, May 23, 2025	BREAKING: At least 12 people have been stabbed at a train station in Hamburg, Germany. The suspect is in custody, according to North German Broadcasting. #Hamburg #Germany #BreakingNews #Stabbing #TrainStation https://t.co/bonuBqrjG5	https://x.com/newsnoteworthy/status/1925963643180495131	3,329	8	36	1	0	0	2	1	2	4	0	2	0	1.00%
1916677670160552342	Mon, Apr 28, 2025	@myclearwaterPD @clearwaterfire Prayers for everyone involved and all first responders 🙏	https://x.com/newsnoteworthy/status/1916677670160552342	3,306	12	33	0	0	0	0	0	7	14	0	0	0	2.42%
1911461938741060036	Sun, Apr 13, 2025	NEW: Austin-Travis County EMS is responding to a reported explosion and possible house fire in Northwest Austin. Multiple victims reported, several medic units enroute. Stay with us for updates. https://t.co/mxhThDh4zl	https://x.com/newsnoteworthy/status/1911461938741060036	3,301	10	80	0	1	1	0	2	26	24	3	0	0	1.85%
1935198243366879305	Wed, Jun 18, 2025	@intelFromBrian The lights go out every night ~11pm lol..	https://x.com/newsnoteworthy/status/1935198243366879305	3,298	27	61	0	1	0	1	1	11	21	0	0	0	0.88%
1951374949848920520	Fri, Aug 1, 2025	@tyleraloevera Last two videos have been amazing. Keep up this series!	https://x.com/newsnoteworthy/status/1951374949848920520	3,291	14	29	0	0	0	0	0	3	12	0	0	0	0.91%
1944490106846318788	Sun, Jul 13, 2025	UPDATE: Law enforcement confirms that there are no victims at the Kentucky Kingdom amusement park or at the Expo center. No shots were fired during this incident. Unknown what led to the initial reports of an “active aggressor.”	https://x.com/newsnoteworthy/status/1944490106846318788	3,283	15	30	0	7	0	0	3	11	1	0	0	0	0.59%
1912913268433179099	Thu, Apr 17, 2025	FOX News reports that at least one person has been arrested in connection with the FSU shooting. It is still not confirmed whether this person was the gunman or if there were possibly two involved.	https://x.com/newsnoteworthy/status/1912913268433179099	3,235	11	19	0	0	0	0	1	1	6	0	0	0	17.33%
1933589742311919944	Fri, Jun 13, 2025	BREAKING: Major impact noted in central Tel Aviv, Israel. תל אביב #Iran https://t.co/whlDd4Ye1T	https://x.com/newsnoteworthy/status/1933589742311919944	3,208	6	556	3	22	0	1	2	20	39	2	4	0	0.53%
1913265178042396926	Fri, Apr 18, 2025	@elysepg Sophie!!!!	https://x.com/newsnoteworthy/status/1913265178042396926	3,200	6	17	0	0	0	0	0	3	8	0	0	0	2.00%
1953945104558752059	Fri, Aug 8, 2025	A large contingent of federal law enforcement has now arrived on scene at Emory University in Atlanta, Georgia. https://t.co/fXJVCXde3z	https://x.com/newsnoteworthy/status/1953945104558752059	3,199	20	64	1	2	0	3	10	7	21	0	0	0	0.91%
1924897223864734116	Tue, May 20, 2025	Update: Two students were killed in a residence hall at the University of Wisconsin’s Platteville campus in what authorities described as an “incident” in a residence hall that occurred between two individuals. There was never an active threat to the campus, and the families of	https://x.com/newsnoteworthy/status/1924897223864734116	3,188	6	29	0	0	0	0	2	4	17	0	0	0	6.13%
1942069826517619152	Mon, Jul 7, 2025	WATCH: Flash flood impacting Chapel Hill, North Carolina as the National Weather Service (NWS) releases a warning that the flooding is life threatening. The individual who shared this video on social media confirmed that he is safe. https://t.co/pLB5FzSbIS	https://x.com/newsnoteworthy/status/1942069826517619152	3,183	45	195	5	13	0	3	18	17	69	2	0	0	3.43%
1965894517766443330	Wed, Sep 10, 2025	Video captured from the moment after Charlie Kirk is shot and killed depicts a shadowy figure seemingly running atop of a nearby rooftop on the Utah Valley University Campus. The suspected gunman is still on the run. https://t.co/vJlQBC0Nln	https://x.com/newsnoteworthy/status/1965894517766443330	3,174	14	109	3	1	0	0	5	5	75	0	0	0	2.59%
1940793729092407575	Thu, Jul 3, 2025	BREAKING: Multiple people injured in a stabbing at the Ratina shopping center in Tampere, Finland. Police say the suspect was arrested nearby, and there is no ongoing threat to the public. https://t.co/0XSli3W51p	https://x.com/newsnoteworthy/status/1940793729092407575	3,166	12	82	1	1	1	0	6	5	21	1	0	0	0.60%
1944170627050746022	Sat, Jul 12, 2025	@ExxAlerts Yes, but several cases happen each year, primarily in the western U.S.	https://x.com/newsnoteworthy/status/1944170627050746022	3,160	7	19	0	2	1	0	5	6	0	0	0	0	10.89%
1908746632818000246	Sun, Apr 6, 2025	VIDEO: Several people seen running on the Oceanfront in Virginia Beach amid reports of a large fight with “loud bangs” heard. Still working on getting more information. Video is from Lynn Hazelman on Facebook https://t.co/6kBY29Mv4c	https://x.com/newsnoteworthy/status/1908746632818000246	3,130	33	341	9	23	0	0	4	72	186	1	0	0	1.35%
1950340750668939397	Tue, Jul 29, 2025	An 8.3 magnitude earthquake was recorded off of the Kamchatka Peninsula, just south of Petropavlovsk-Kamchatsky, Russia. — USGS https://t.co/irKQEvdglK	https://x.com/newsnoteworthy/status/1950340750668939397	3,113	5	42	0	0	0	0	2	1	13	0	0	0	0.87%
1916670291805081750	Mon, Apr 28, 2025	Illinois State University (ISU) has advised all students to stay away from the Bone Student Center and University/Locust Streets. Subject is being described as a slender, 5’10” black male with a black afro hair style, and wearing all black.	https://x.com/newsnoteworthy/status/1916670291805081750	3,104	7	27	0	1	0	0	3	11	6	0	0	0	1.22%
1946808255486873975	Sun, Jul 20, 2025	EXCLUSIVE: Delta Flight DL3788 had a close call with a B-52 bomber at Minot Airport in North Dakota. Video shows the moment the frustrated pilot addresses the passengers directly to explain the situation. https://t.co/mGL8zwj9kq	https://x.com/newsnoteworthy/status/1946808255486873975	3,104	14	38	2	9	0	1	7	6	2	0	0	0	2.54%
1975533678811091256	Tue, Oct 7, 2025	BREAKING: Iris Stalzer, the mayor of Herdecke in western Germany, is in critical condition after being stabbed outside her home, according to local reports. https://t.co/tdcAS4NAi0	https://x.com/newsnoteworthy/status/1975533678811091256	3,074	11	78	4	1	0	0	4	2	16	0	0	0	4.45%
1945463687604490458	Wed, Jul 16, 2025	BREAKING: Israel has launched a major wave of airstrikes targeting Syria’s Ministry of Defense in central Damascus. The building functions as the General Staff headquarters of the Syrian Armed Forces. Additional strikes are reportedly ongoing. https://t.co/xu8hFRDNcB	https://x.com/newsnoteworthy/status/1945463687604490458	3,058	21	136	4	2	0	0	9	7	0	0	0	0	3.23%
1973974799530799492	Fri, Oct 3, 2025	BREAKING: Large fire reported at Chevron refinery in El Segundo, California; multiple explosions have been heard. — KCAL https://t.co/i7LK0OW6Kk	https://x.com/newsnoteworthy/status/1973974799530799492	3,033	17	98	1	10	1	0	6	7	61	2	0	0	0.40%
1934611437369827819	Mon, Jun 16, 2025	@TreyYingst https://t.co/MSi2vEBbAP	https://x.com/newsnoteworthy/status/1934611437369827819	3,027	2	12	1	1	0	0	0	3	2	5	0	0	2.38%
1936632674044772855	Sun, Jun 22, 2025	BREAKING: 10 shot, 1 killed at VFW event in Andersen County, South Carolina. Dozens of law enforcement responding, several air ambulances requested. This is a developing situation.	https://x.com/newsnoteworthy/status/1936632674044772855	3,027	13	72	0	2	0	1	7	19	32	0	0	0	4.50%
1950627721832501306	Wed, Jul 30, 2025	BREAKING: Danville, Virginia City Councilman Lee Vogler attacked, set on fire following a break in at his office Wednesday morning. Vogler was airlifted to a regional hospital in unknown condition. — police https://t.co/AVSKZZtN6d	https://x.com/newsnoteworthy/status/1950627721832501306	3,002	25	135	1	1	0	3	12	11	28	1	0	0	0.84%
1973187104009310648	Wed, Oct 1, 2025	Law enforcement is responding to reports of a shots fired incident at the Ross Park Mall in Ross Township, Pennsylvania, according to police.	https://x.com/newsnoteworthy/status/1973187104009310648	2,992	8	25	0	1	0	1	2	5	9	0	0	0	3.05%
1939471439129911500	Sun, Jun 29, 2025	Major points from the Kootenai Press Conference: - “We have 2 deaths. An unknown amount of casualties at this time. We still have civilians up there..they might be stuck.” - “We are actively taking sniper fire as we speak.” - “We don’t know who the suspect is. We don’t know https://t.co/PkjtSVnNqC	https://x.com/newsnoteworthy/status/1939471439129911500	2,986	22	91	1	4	0	1	8	5	43	0	0	0	0.67%
1944490449382830308	Sun, Jul 13, 2025	Update: No victims were found at the Expo center. No shots were fired during the incident. The investigation is ongoing.	https://x.com/newsnoteworthy/status/1944490449382830308	2,963	8	20	0	5	0	0	1	11	0	0	0	0	1.93%
1954596083071410683	Sun, Aug 10, 2025	WATCH: Several buildings have collapsed in Balıkesir, Turkey following a magnitude 6.0 earthquake that was felt in Istanbul and the surrounding areas. #Türkiye #deprem https://t.co/JVkmGwdvpx	https://x.com/newsnoteworthy/status/1954596083071410683	2,952	11	57	2	2	0	1	2	11	28	0	2	0	5.96%
1973976309601874190	Fri, Oct 3, 2025	BREAKING: Intense fire at Chevron refinery in El Segundo, California. https://t.co/wrCduwxbEw	https://x.com/newsnoteworthy/status/1973976309601874190	2,952	18	176	2	9	0	2	3	5	33	1	0	0	1.73%
1968399789831204945	Wed, Sep 17, 2025	Major law enforcement response underway in York County, Pennsylvania amid reports of several officers shot during an active incident. https://t.co/oaAylJoRTY	https://x.com/newsnoteworthy/status/1968399789831204945	2,945	11	51	1	0	0	1	4	6	27	0	0	0	2.42%
1946832202517328286	Sun, Jul 20, 2025	BREAKING: Tsunami watch issued for Hawaii, parts of Russia following magnitude 7.4 earthquake in the North Pacific. https://t.co/itfXvdQUyE	https://x.com/newsnoteworthy/status/1946832202517328286	2,934	8	71	0	0	0	0	5	10	1	0	0	0	0.72%
1935109932686135759	Tue, Jun 17, 2025	@clashreport @MilMonWorld These two bombers were conducting training sorties, according to the WSJ.	https://x.com/newsnoteworthy/status/1935109932686135759	2,910	10	21	1	0	0	0	0	2	9	0	0	0	3.44%
1911462908388684056	Sun, Apr 13, 2025	UPDATE: Explosion in Northwest Austin has occurred nearby to a police standoff, cause of explosion is currently unknown. Address of the standoff is 10400 Double Spur Loop, Austin TX. Several victims reported.	https://x.com/newsnoteworthy/status/1911462908388684056	2,905	9	100	3	9	1	1	2	22	65	0	0	0	3.08%
1953909951333617876	Fri, Aug 8, 2025	BREAKING: A fire has broken out at the Mosque Cathedral of Córdoba (La Mezquita de Córdoba). Fire crews are on scene. #Fuego #Córdoba #España #Incendio #Cordoba #火事 https://t.co/FzpcHywBh9	https://x.com/newsnoteworthy/status/1953909951333617876	2,894	10	89	2	1	1	0	6	17	40	0	9	0	2.39%
1926515942143545807	Sun, May 25, 2025	BREAKING: At least 4 people stabbed at Northland Shopping Centre in Melbourne, Australia during knife attack — 7NEWS https://t.co/yFQM9l2xeI	https://x.com/newsnoteworthy/status/1926515942143545807	2,889	8	69	1	3	0	0	3	15	17	0	0	0	2.88%
1935198606602158269	Wed, Jun 18, 2025	@ExxAlerts This is old &amp; from earlier today. It’s currently almost 8am in Israel, and there are no detected launches as of this moment.	https://x.com/newsnoteworthy/status/1935198606602158269	2,885	32	83	0	0	0	1	1	23	26	0	0	0	2.37%
1976720133860343858	Fri, Oct 10, 2025	BREAKING: Active shooter reported at Cannon Air Force Base (AFB) in New Mexico. — emergency alert system https://t.co/2eqQNrTVS9	https://x.com/newsnoteworthy/status/1976720133860343858	2,866	8	68	0	0	0	2	5	4	15	0	0	0	9.04%
1951834564441383221	Sun, Aug 3, 2025	BREAKING: A 3.0 magnitude earthquake struck northeast New Jersey. Reports of tremors felt across New York City. #Terremoto https://t.co/tIGgb83r3z	https://x.com/newsnoteworthy/status/1951834564441383221	2,865	18	259	1	7	0	0	5	10	26	0	5	0	1.92%
1926854727393821092	Mon, May 26, 2025	@Cheryl629524955 11+ people were hospitalized following a shooting in Little River, South Carolina. As of now, there is no definite cause, but it’s believed that someone opened fire at or near a tourist boat dock (of the boat featured above). Additionally, a North Myrtle Beach PD officer was shot	https://x.com/newsnoteworthy/status/1926854727393821092	2,863	9	55	0	1	0	3	1	29	13	0	0	0	1.09%
1958637815039967584	Thu, Aug 21, 2025	WATCH: People flee as Randor Township Police respond to a reported active shooter incident on the Villanova University campus. Video below is from a first year student mass event. https://t.co/7VVfa6bILf	https://x.com/newsnoteworthy/status/1958637815039967584	2,846	4	31	0	3	0	0	2	2	23	0	0	0	1.35%
1916200130253934731	Sat, Apr 26, 2025	BREAKING: Portion of Champs-Élysées in Paris shutdown following a suspected shooting near a Sephora store. Police and military have cordoned off the area amid the incident; still no word on casualties or any suspects. https://t.co/jedPAyCqQN	https://x.com/newsnoteworthy/status/1916200130253934731	2,806	6	38	1	3	0	0	3	3	15	0	0	0	3.28%
1936590652222951522	Sun, Jun 22, 2025	BREAKING: Six bunker buster bombs dropped on Fordow nuclear site in Iran; Tomahawk missiles launched from submarines 400 miles away on separate nuclear sites — Sean Hannity citing his phone call with President Trump.	https://x.com/newsnoteworthy/status/1936590652222951522	2,771	24	91	3	2	0	3	6	7	51	0	0	0	0.90%
1916683449903014121	Mon, Apr 28, 2025	@LilSlapShot Yes, that is confirmed by the mayor. We added the update to the thread. Thank you.	https://x.com/newsnoteworthy/status/1916683449903014121	2,766	8	25	0	0	0	0	0	9	8	0	0	0	26.10%
1953529473166368811	Thu, Aug 7, 2025	Ohio University Police aware of a shooting incident on West Union and Depot Street area of Athens, Ohio; people and students advised to avoid the area until further notice. https://t.co/F9xw8crCoh	https://x.com/newsnoteworthy/status/1953529473166368811	2,736	11	714	0	17	0	3	3	46	97	0	0	0	2.23%
1923454445876047987	Fri, May 16, 2025	WATCH: Jacksonville International Airport (JAX) is closed after a major fire broke out in the parking garage. https://t.co/9cYxfYzZ3d	https://x.com/newsnoteworthy/status/1923454445876047987	2,733	8	61	2	1	0	0	5	6	13	0	0	0	17.28%
1926466439889748455	Sun, May 25, 2025	@rawsalerts Yes, but only temporarily: https://t.co/BvKqvRh1M3	https://x.com/newsnoteworthy/status/1926466439889748455	2,720	19	470	2	7	1	0	3	7	4	3	0	0	9.93%
1951502902205329920	Sat, Aug 2, 2025	On Wednesday night, one of Disney’s ferry boats, The General Joe Potter, collided whilst docking in severe weather during a journey from Magic Kingdom to the Transportation &amp; Ticket Center. Both Osceola County Fire &amp; EMS and the Orange County Fire Rescue Department confirmed to https://t.co/L8x2P4eOZt	https://x.com/newsnoteworthy/status/1951502902205329920	2,710	9	269	0	0	0	0	5	3	28	0	2	0	12.63%
1944448544175194152	Sun, Jul 13, 2025	The plane that crashed at London Southend Airport was used for medevac missions, aerial mapping, and charter flights. It remains unclear what the purpose of today’s flight was. The aircraft went down during takeoff. https://t.co/GipT3ick5i	https://x.com/newsnoteworthy/status/1944448544175194152	2,699	11	341	0	2	0	0	4	0	0	3	0	0	16.94%
1929224946120642566	Sun, Jun 1, 2025	BREAKING: Ukraine’s SBU reports that today’s operation “Spiderweb” struck 34% of Russia’s strategic cruise missile carriers at key airbases, causing an estimated $7 billion in damage. https://t.co/JzXA9HoRxI	https://x.com/newsnoteworthy/status/1929224946120642566	2,698	18	457	3	2	1	2	6	4	23	0	0	0	5.38%
1950352528945672538	Wed, Jul 30, 2025	Video: Alert systems sound following a tsunami warning being issued for portions of Japan. https://t.co/wCB8uCTnUe	https://x.com/newsnoteworthy/status/1950352528945672538	2,697	20	145	4	0	1	0	7	25	86	0	0	0	4.52%
1973709327388336417	Thu, Oct 2, 2025	PHOTO: Suspect seen moments after ramming his vehicle and stabbing congregation members at Heaton Park Hebrew Congregation Synagogue in Manchester, England on Yom Kippur, the holiest day of the year in Judaism. https://t.co/T1WIhOnz4y	https://x.com/newsnoteworthy/status/1973709327388336417	2,679	3	121	1	2	0	0	1	3	3	0	0	0	7.59%
1935819925450637802	Thu, Jun 19, 2025	Update: Law enforcement is actively clearing the Oxford Valley Mall. One victim was located and is now in the care of EMS personnel. No update on the shooter. Media via Santa Scott on FB https://t.co/G3X3zsFdwd	https://x.com/newsnoteworthy/status/1935819925450637802	2,676	13	203	2	2	0	1	4	11	18	5	0	0	4.22%
1970827235306164625	Wed, Sep 24, 2025	BREAKING: Active shooter reported at an ICE facility in Dallas, Texas; multiple people are reportedly shot. Initial reports indicating a sniper on a nearby rooftop has at least one federal officer pinned down. - WFAA https://t.co/dApbrIaR5K	https://x.com/newsnoteworthy/status/1970827235306164625	2,676	15	113	0	3	0	1	8	7	41	0	0	0	3.11%
1909293513532985623	Mon, Apr 7, 2025	NETANYAHU PRESS CONFERENCE WITH TRUMP HAS BEEN CANCELED	https://x.com/newsnoteworthy/status/1909293513532985623	2,673	6	83	1	0	0	2	5	7	63	0	0	0	1.57%
1944501136716927223	Sun, Jul 13, 2025	UPDATE: Two women, ages 72 and 32, were killed in the Richmond Road Baptist Church shooting. One man is in critical condition, and another is in stable condition. Officials confirm the shooter had personal connections to individuals at the church. https://t.co/43DVpc0OUL	https://x.com/newsnoteworthy/status/1944501136716927223	2,669	21	42	3	3	1	1	5	8	2	0	0	0	2.19%
1972321761262965159	Sun, Sep 28, 2025	BREAKING: Grand Blanc Police Department announce that the shooter is down. There is no longer any threat to the public at this time; however, the church is still on fire. https://t.co/Ds1MRnU8MU	https://x.com/newsnoteworthy/status/1972321761262965159	2,650	7	58	0	1	0	1	5	10	9	1	0	0	0.79%
1923610253398040756	Sat, May 17, 2025	@CrimeWithBobby I’m so sorry. I will pray for you. Please stay strong during these difficult times. 🙏	https://x.com/newsnoteworthy/status/1923610253398040756	2,649	9	21	0	0	0	0	0	3	9	0	0	0	3.07%
1923110266599870617	Thu, May 15, 2025	GRAPHIC: At least 20 injured in Cornella, Spain after a person drove their vehicle into a crowd outside of RCDE Stadium, where the Espanyol vs. Barcelona game is being played. https://t.co/EyjJAX3Ol7	https://x.com/newsnoteworthy/status/1923110266599870617	2,639	10	81	4	0	1	0	1	4	30	0	0	0	2.25%
1965862436059386214	Wed, Sep 10, 2025	MSNBC guest claims that the man who shot Charlie Kirk could have been a “supporter firing their gun off in celebration.” https://t.co/2FM8iry4bA	https://x.com/newsnoteworthy/status/1965862436059386214	2,621	5	59	1	3	0	2	1	4	47	0	0	0	0.31%
1913853218922156142	Sun, Apr 20, 2025	@OC_Scanner Horrible 🙁	https://x.com/newsnoteworthy/status/1913853218922156142	2,600	5	8	0	0	0	0	0	0	3	0	0	0	2.27%
1934436240008323532	Mon, Jun 16, 2025	BREAKING: Vance Boelter, suspect in shooting of Minnesota lawmakers, has been taken into custody. — KSTP	https://x.com/newsnoteworthy/status/1934436240008323532	2,594	18	59	0	0	0	1	6	7	27	0	0	0	1.78%
1977176281356845080	Sun, Oct 12, 2025	Shelter in place ordered for Alcorn State University in Mississippi as law enforcement responds to a reported shooting on campus, says the university. https://t.co/bpCsDRjcNn	https://x.com/newsnoteworthy/status/1977176281356845080	2,583	9	46	1	0	0	1	1	4	14	0	0	0	0.43%
1933112665682915388	Thu, Jun 12, 2025	@narendramodi Here is the moment the plane crashed: https://t.co/BRflI9JHmw	https://x.com/newsnoteworthy/status/1933112665682915388	2,573	5	11	3	0	0	0	1	3	0	2	0	0	3.04%
1973976878760563169	Fri, Oct 3, 2025	WATCH: Footage of an explosion at Chevron refinery in El Segundo, California. https://t.co/G8TMDDu97p	https://x.com/newsnoteworthy/status/1973976878760563169	2,570	17	78	2	10	0	0	4	10	43	0	0	0	4.56%
1953931189800018116	Fri, Aug 8, 2025	Initial scanner traffic from the active shooter incident on Emory University’s Atlanta Campus is indicating several victims at this time. https://t.co/Sm1ypmUD8v	https://x.com/newsnoteworthy/status/1953931189800018116	2,566	5	117	0	2	0	1	2	6	14	0	0	0	2.11%
1940534028500861411	Wed, Jul 2, 2025	BREAKING: Multiple people shot at Oglethorpe Mall in Savannah, Georgia. https://t.co/wvJiui7ijN	https://x.com/newsnoteworthy/status/1940534028500861411	2,562	7	54	0	1	0	2	1	5	12	1	0	0	11.44%
1977125022922948867	Sat, Oct 11, 2025	WATCH: Footage of helicopter crash at Huntington Beach, California. https://t.co/TMflWU2MWQ	https://x.com/newsnoteworthy/status/1977125022922948867	2,561	11	293	7	22	0	4	5	7	260	0	0	0	5.00%
1968407263585968447	Wed, Sep 17, 2025	At least one person has been airlifted from the scene in North Codorus Township of York County, Pennsylvania after multiple officers were shot during an active incident. Photo: Harrison Jones/York Daily Record https://t.co/PPz2As3MkD	https://x.com/newsnoteworthy/status/1968407263585968447	2,559	14	128	1	2	0	0	6	5	36	0	0	0	2.06%
1927147647330042217	Mon, May 26, 2025	Eleven people, including two children, were transported to the hospital after a boat carrying 13 occupants “exploded” off the coast of Fort Lauderdale, Florida — U.S. Coast Guard	https://x.com/newsnoteworthy/status/1927147647330042217	2,473	12	51	0	0	0	1	4	6	28	0	0	0	2.44%
1961606017831055570	Sat, Aug 30, 2025	UPDATE: “Evidence suggests a hoax” in reference to a reported armed shooter at the Main Library on University of Georgia (UGA) Athens Campus. https://t.co/tOYpFsu3Xw	https://x.com/newsnoteworthy/status/1961606017831055570	2,464	11	60	1	1	0	1	2	4	13	0	0	0	1.89%
1966893790452654522	Sat, Sep 13, 2025	JUST IN: 21 people injured, some critically after gas explosion at a restaurant in Puente de Vallecas district of Madrid, Spain. https://t.co/PDHjnZRTf7	https://x.com/newsnoteworthy/status/1966893790452654522	2,433	2	46	0	3	0	1	2	17	22	0	0	0	3.55%
1971390668334584115	Fri, Sep 26, 2025	BREAKING: Blackout at Grand Central Terminal in New York City. https://t.co/TOR7IJAV0a	https://x.com/newsnoteworthy/status/1971390668334584115	2,422	29	86	2	3	0	2	15	15	23	1	0	0	2.43%
1950639561807138906	Wed, Jul 30, 2025	BREAKING: Police in Oswego, Illinois on scene of a person who drove their vehicle into a Portillo’s restaurant; injuries have been reported. https://t.co/v89820tNa1	https://x.com/newsnoteworthy/status/1950639561807138906	2,389	8	58	0	3	0	1	2	7	31	0	0	0	1.39%
1916673675106914441	Mon, Apr 28, 2025	Mayor of Clearwater Bruce Rector says the Clearwater Ferry was involved in a collision with a privately owned boat and it is no longer believed that a sandbar was the cause.	https://x.com/newsnoteworthy/status/1916673675106914441	2,367	11	33	0	2	0	0	3	12	7	0	0	0	0.47%
1946278374961213470	Fri, Jul 18, 2025	@LASDHQ This is devastating 🙏	https://x.com/newsnoteworthy/status/1946278374961213470	2,351	5	11	0	0	0	0	2	4	0	0	0	0	3.08%
1950459486843424982	Wed, Jul 30, 2025	The Galápagos National Park and the Governing Council of the Galápagos informs its residents and visitors that all sites in protected areas are now closed as a preventative measure amid a tsunami warning for the island. https://t.co/FKLJ3oByNJ	https://x.com/newsnoteworthy/status/1950459486843424982	2,341	10	72	2	3	0	0	2	2	1	0	0	0	2.23%
1914827177591292238	Tue, Apr 22, 2025	@TradingThomas3 Nooo..there goes the market	https://x.com/newsnoteworthy/status/1914827177591292238	2,335	16	52	0	0	0	3	0	3	30	0	0	0	6.65%
1911781786998239431	Mon, Apr 14, 2025	NOW: Katy Perry and Gayle King kissing the ground after returning from space https://t.co/bBRyIFqvff	https://x.com/newsnoteworthy/status/1911781786998239431	2,330	15	155	2	10	0	1	6	8	57	0	0	0	2.25%
1934892920085111233	Tue, Jun 17, 2025	WATCH: Israeli police and IDF personnel rescue a family trapped inside a heavily damaged apartment building following an Iranian missile attack on central Israel. Media via Israel Police Force #Iran #TelAviv #Tehran https://t.co/X5XvT7Nho3	https://x.com/newsnoteworthy/status/1934892920085111233	2,311	7	52	0	0	0	1	2	2	22	0	3	0	12.52%
1906434437455208684	Sun, Mar 30, 2025	NEW: Ring video captures the moment shots were fired during a house party in Tacoma, Washington, where two people were killed and four others injured. A juvenile suspect is in custody. Viewer discretion advised. https://t.co/KOlfVQIxQw	https://x.com/newsnoteworthy/status/1906434437455208684	2,309	23	289	0	3	1	2	8	24	149	1	0	0	2.15%
1963316270868189268	Wed, Sep 3, 2025	BREAKING: At least three killed after historic Gloria Funicular (Elevador Da Glória) derails, crashes in Lisbon, Portugal. Dozens other injured. — CNN Portugal https://t.co/fVAwS56F5L	https://x.com/newsnoteworthy/status/1963316270868189268	2,282	2	49	2	5	0	0	0	5	37	0	0	0	3.72%
1933989539762102657	Sat, Jun 14, 2025	NOW: Oil refinery/depot currently burning in Tehran, Iran following reported strikes on Iranian oil infrastructure by Israel. #TelAviv https://t.co/QAHRwnajaq	https://x.com/newsnoteworthy/status/1933989539762102657	2,282	5	85	1	0	0	1	2	17	26	0	2	0	9.71%
1929294129290502275	Sun, Jun 1, 2025	NEW: This man attacked people at the Run for Their Lives walk in Boulder, Colorado today with an incendiary weapon. The event was meant to raise awareness for Israeli hostages. The situation is now under control. It’s still unclear how many were hurt or how serious the injuries https://t.co/yjgbWNfuer	https://x.com/newsnoteworthy/status/1929294129290502275	2,275	11	221	0	5	0	2	4	5	24	0	0	0	1.10%
1933963990461288540	Sat, Jun 14, 2025	@AZ_Intel_ That’s terrifying.	https://x.com/newsnoteworthy/status/1933963990461288540	2,269	14	25	1	0	0	0	0	2	9	0	0	0	4.42%
1971390125956649020	Fri, Sep 26, 2025	The Marion County Sheriff’s Office in Dunnellon, Florida responded to a reported shooting in the same vicinity as Caden Speight’s last known location and were unable to locate the victim. The agency has not confirmed the connection, if any, of the two incidents. https://t.co/9WNT0R13Bu	https://x.com/newsnoteworthy/status/1971390125956649020	2,264	14	100	0	1	0	1	3	3	13	0	0	0	2.43%
1912212468513792397	Tue, Apr 15, 2025	NOW: Dallas PD is on scene at Wilmer Hutchins High School after a shooting; injuries have been reported.	https://x.com/newsnoteworthy/status/1912212468513792397	2,263	10	55	1	0	0	2	2	18	23	0	0	0	5.63%
1970242857085624761	Mon, Sep 22, 2025	Copenhagen Airport (CPH) in Denmark is currently closed until 5 a.m. amid intense drone activity from an unknown source in the vicinity of the airport. https://t.co/9vWyi2aRwv	https://x.com/newsnoteworthy/status/1970242857085624761	2,254	10	127	1	2	0	0	2	17	24	1	0	0	9.34%
1936265387022467398	Sat, Jun 21, 2025	NOW: Three people shot in Daytona Beach, Florida. The suspect fled the scene and police are searching for what is believed to be a lifted-up white Ford pickup truck with LED lights. Media via Lonne McCloud on FB https://t.co/doftAb1huu	https://x.com/newsnoteworthy/status/1936265387022467398	2,249	9	210	0	0	0	1	3	20	53	1	0	0	0.80%
1944427699935567904	Sun, Jul 13, 2025	NOW: Video shows a crash at London Southend Airport. https://t.co/h2GnBXpxDq	https://x.com/newsnoteworthy/status/1944427699935567904	2,247	5	18	0	1	0	0	4	4	1	0	0	0	14.48%
1942052398651920630	Mon, Jul 7, 2025	BREAKING: Dam failure is imminent in Taylortown, North Carolina. Life threatening flash flooding is expected along Joe’s Fork toward Whispering Pines. Residents in low areas should evacuate immediately. https://t.co/itDUEEf1L3	https://x.com/newsnoteworthy/status/1942052398651920630	2,245	18	325	4	2	0	2	12	9	46	0	0	0	2.51%
1945198421737894072	Tue, Jul 15, 2025	BREAKING: There is an active shooter situation at Legacy Wine &amp; Spirits near Lee Victory Parkway in Smyrna, Tennessee. Smyrna PD just confirmed this on their official Facebook account. https://t.co/nRrmgUY3UN	https://x.com/newsnoteworthy/status/1945198421737894072	2,233	8	56	0	1	0	0	7	8	1	0	0	0	2.82%
1931776569779081350	Sun, Jun 8, 2025	NOW: Air alerts in eastern Ukraine as the nation braces for a major onslaught of Russian missiles and drones that are expected to target major population centers within the coming hours. https://t.co/Jf3odkBnkk	https://x.com/newsnoteworthy/status/1931776569779081350	2,232	9	63	0	0	0	1	3	5	7	1	0	0	3.28%
1970565586733408698	Tue, Sep 23, 2025	JUST IN: Emergency services in Oslo, Norway responding to a reported explosion in the Pilestredet area. — police Photo: wfwitness/Tlgram https://t.co/3ie2pDaTEs	https://x.com/newsnoteworthy/status/1970565586733408698	2,228	13	73	0	0	0	3	6	9	20	0	0	0	0.90%
1972333541917958424	Sun, Sep 28, 2025	@AnnaRMatson Thank you for reporting on this.	https://x.com/newsnoteworthy/status/1972333541917958424	2,224	13	20	0	0	0	0	0	2	5	0	0	0	5.45%
1910429413847507074	Thu, Apr 10, 2025	BREAKING: Scanner traffic indicating 6 possible victims as a result of the helicopter crash into the Hudson River moments ago. 3 victims are confirmed dead, 1 more is in critical condition. Unclear on the status of the others. https://t.co/OLc5efktya	https://x.com/newsnoteworthy/status/1910429413847507074	2,221	10	121	1	0	0	1	3	8	30	0	0	0	3.47%
1974590786215047463	Sat, Oct 4, 2025	UPDATE: Mark Sanchez arrested at the hospital, charged with “battery with injury, unlawful entry of a motor vehicle, and public intoxication.” — IMPD https://t.co/9hUmanhCKz	https://x.com/newsnoteworthy/status/1974590786215047463	2,218	7	77	0	5	0	0	1	2	20	1	0	0	12.91%
1918346456882159657	Fri, May 2, 2025	BREAKING: 7 people are dead after a tour van and pickup truck collided Thursday night near Henry’s Lake State Park, just 16 miles from Yellowstone, per Idaho State Police. https://t.co/Y2MmuonEcY	https://x.com/newsnoteworthy/status/1918346456882159657	2,192	9	283	2	14	0	1	10	8	54	1	0	0	0.55%
1950353618525196351	Wed, Jul 30, 2025	Tsunami watch remains in effect for Hawaii at this time following major M8.7 earthquake off the coast of Kamchatka, Russia. EMA: If tsunami waves occur, first time of impact for Hawaii is 07:17 p.m HST, 01:17 a.m. EST.	https://x.com/newsnoteworthy/status/1950353618525196351	2,188	4	12	0	1	0	0	1	1	6	0	0	0	2.48%
1969579907320570013	Sun, Sep 21, 2025	Police say there is now only one shooter involved in the shooting at Sky Meadow Country Club in Nashua, New Hampshire; the shooter is currently detained. https://t.co/QaDOr0L47K	https://x.com/newsnoteworthy/status/1969579907320570013	2,140	6	53	1	0	0	0	4	5	9	0	0	0	2.25%
1926451470116802880	Sun, May 25, 2025	@Worldsource24 ELT is an emergency locator transmitter onboard aircraft that activates automatically when a plane goes down or makes a hard landing, for those who are curious. Not quite sure what this ELT is in relation to.	https://x.com/newsnoteworthy/status/1926451470116802880	2,135	25	48	1	0	1	1	1	2	18	0	0	0	2.86%
1950342912648028366	Tue, Jul 29, 2025	BREAKING: Tsunami alert in effect for Russia’s east coast and Kamchatka Peninsula; tsunami advisory in effect for portions of Alaska, and a tsunami watch issued for all of Hawaii and Guam following magnitude 8.0 earthquake off the coast of Russia. — PTWC https://t.co/MHHBiV3fdM	https://x.com/newsnoteworthy/status/1950342912648028366	2,131	6	61	0	1	0	1	6	3	3	0	0	0	0.85%
1934487875959378071	Mon, Jun 16, 2025	A 16 year old gunman is in custody following a shooting at the West Fest fair in West Valley City, Utah. 3 people were killed &amp; 2 were injured following the shooting that occurred during a dispute. — WVC Police	https://x.com/newsnoteworthy/status/1934487875959378071	2,117	6	18	0	0	0	0	1	3	8	0	0	0	5.72%
1964158218772374006	Sat, Sep 6, 2025	WATCH: The Pyrite Fire burning in Jurupa Valley, CA has already scorched almost 100 acres. Evacuation orders have been issued for the area. From: @DadGuyTheMan https://t.co/227oU76aSN	https://x.com/newsnoteworthy/status/1964158218772374006	2,116	15	121	0	0	0	3	7	10	31	0	0	0	0.24%
1934424575837941776	Mon, Jun 16, 2025	@EylonALevy @vcdgf555 @lookner	https://x.com/newsnoteworthy/status/1934424575837941776	2,098	2	5	0	0	0	0	0	1	2	0	0	0	5.93%
1973846401101803794	Thu, Oct 2, 2025	British Counter Terrorism Police have named 35-year-old Jihad al Shamie as the suspect responsible for today’s terrorist attack at a Manchester synagogue. Three others have been taken into custody in relation to the attack, though their charges are unknown. https://t.co/x1t6Oqat9H	https://x.com/newsnoteworthy/status/1973846401101803794	2,074	6	123	0	0	0	1	2	0	15	1	0	0	4.45%
1925390170943057949	Thu, May 22, 2025	BREAKING: Israel’s Ambassador to the United States has called the shooting attack on embassy staff outside of the Capital Jewish Museum in Washington, D.C. an “act of anti-Semetic terrorism.” U.S. Attorney General Pam Bondi has arrived on scene. https://t.co/um2K4swL0R	https://x.com/newsnoteworthy/status/1925390170943057949	2,067	10	92	2	6	0	4	1	61	5	0	0	0	1.99%
1950480896466788829	Wed, Jul 30, 2025	WATCH: Doctors continue surgery on a patient in Kamchatka, Russia despite intense shaking caused by a M8.8 earthquake. Footage via Kamchatka Health Minister https://t.co/psv8jY37bs	https://x.com/newsnoteworthy/status/1950480896466788829	2,063	14	41	8	1	0	0	3	5	15	0	0	0	1.21%
1934462802611306683	Mon, Jun 16, 2025	West Valley City Police: “Several people are hurt” following a shooting at Westfest which was occurring in Centennial Park.	https://x.com/newsnoteworthy/status/1934462802611306683	2,059	11	25	0	0	0	0	2	7	5	0	0	0	0.88%
1925385926290616560	Thu, May 22, 2025	@TaraBull808 https://t.co/EnUDKIxhIF	https://x.com/newsnoteworthy/status/1925385926290616560	2,051	6	18	0	0	0	2	1	4	0	5	0	0	1.91%
1912912849313095933	Thu, Apr 17, 2025	Video shows the swift response from law enforcement at FSU, though the number of casualties remains unknown. https://t.co/GOiRrIjDr5	https://x.com/newsnoteworthy/status/1912912849313095933	2,040	7	39	0	1	0	0	1	1	7	17	0	0	1.13%
1923913567029411991	Sun, May 18, 2025	The vessel that has collided with the Brooklyn Bridge has now been identified as Mexican navy talk ship ARM Cuauhtémoc. Rescue operations are still ongoing. Roughly 200 people were onboard at the time, it is unknown how many are actually in the water — NYP	https://x.com/newsnoteworthy/status/1923913567029411991	2,028	8	23	0	0	0	0	2	7	6	0	0	0	3.06%
1950416049783926793	Wed, Jul 30, 2025	Warning alarms are currently being sounded in Ecuador’s Galápagos Islands amid a potential tsunami threat following a M8.8 earthquake off the coast of Russia earlier. https://t.co/a46yuLr2DT	https://x.com/newsnoteworthy/status/1950416049783926793	2,025	20	62	4	0	1	0	12	9	16	2	0	0	0.79%
1939511663520059444	Mon, Jun 30, 2025	@ScooterCasterNY 🙏 This is devastating.	https://x.com/newsnoteworthy/status/1939511663520059444	2,018	7	16	0	0	0	0	0	1	8	0	0	0	1.69%
1935088757344264283	Tue, Jun 17, 2025	BREAKING: Homeland Security Secretary Kristi Noem has been transported by ambulance to a hospital in the D.C. area, she is currently conscious. No cause given yet. - CNN	https://x.com/newsnoteworthy/status/1935088757344264283	2,015	7	34	0	0	0	1	2	2	22	0	0	0	0.89%
1950473191820079176	Wed, Jul 30, 2025	@blics Good job tonight! Stay safe.	https://x.com/newsnoteworthy/status/1950473191820079176	2,013	3	18	0	0	0	0	1	10	4	0	0	0	1.05%
1944535070884176165	Sun, Jul 13, 2025	WATCH: Hundreds of people forced to wait in unusually long lines spilling into the streets outside St. Louis International Airport. This is mostly due to several Southwest Airlines flights facing delays as large groups of people leave a religious convention. https://t.co/O1TwHf0Uai	https://x.com/newsnoteworthy/status/1944535070884176165	2,003	8	21	2	4	0	2	2	6	0	1	0	0	2.70%
1972125309844824426	Sun, Sep 28, 2025	BREAKING: Active shooter reported at the Southport Yacht Basin in Southport, North Carolina. — city statement https://t.co/5DDS1IjHwa	https://x.com/newsnoteworthy/status/1972125309844824426	2,003	5	54	0	2	1	0	2	4	16	1	0	0	1.15%
1933981777913122857	Sat, Jun 14, 2025	JUST IN: Loud explosions reported in Haifa, Israel following missile attack from Iran. #Iran #Tehran #TelAviv	https://x.com/newsnoteworthy/status/1933981777913122857	2,000	4	23	0	0	0	1	1	8	7	0	2	0	2.66%
1933931772233892150	Sat, Jun 14, 2025	UPDATE: Julio Rosas, a reporter for The Blaze, reports that the gunman in the Minnesota shootings is Vance Luther Boelter. Authorities have not yet confirmed the suspect’s identity, so stay tuned for updates.	https://x.com/newsnoteworthy/status/1933931772233892150	1,992	10	53	0	0	0	0	2	9	32	0	0	0	0.95%
1950347774936981915	Wed, Jul 30, 2025	No tsunami threat to New Zealand following M8.0 Kamchatka, Russia earthquake; awaiting more information on other areas.	https://x.com/newsnoteworthy/status/1950347774936981915	1,992	6	19	0	0	0	0	1	2	10	0	0	0	2.21%
1953928625939722266	Fri, Aug 8, 2025	BREAKING: Active shooter reported on Emory University’s Atlanta Campus (Emory Point). Standby for additional updates. https://t.co/SvkyPK39w5	https://x.com/newsnoteworthy/status/1953928625939722266	1,990	6	44	0	0	0	5	2	0	6	1	0	0	6.85%
1933347810013032947	Fri, Jun 13, 2025	UPDATE: Ground stop at IAH has been lifted, still no word on what the security incident was. Any updates on what it was will be provided as they become available. https://t.co/9e7AFQxR2W	https://x.com/newsnoteworthy/status/1933347810013032947	1,985	18	136	1	8	0	2	5	15	26	0	0	0	7.97%
1934038795000971389	Sun, Jun 15, 2025	BREAKING: Direct impact in Tel Aviv, Israel. #Iran #TelAviv https://t.co/aJyDA5avlk	https://x.com/newsnoteworthy/status/1934038795000971389	1,983	14	158	7	7	1	2	4	22	67	0	1	0	3.54%
1953940435849592917	Fri, Aug 8, 2025	WATCH: Alert sirens and gunshots ring out simultaneously as law enforcement responds to an active shooter near Emory University and the CDC Headquarters in Atlanta, Georgia. https://t.co/v9zf7EtEO9	https://x.com/newsnoteworthy/status/1953940435849592917	1,977	13	70	3	0	0	0	6	5	31	0	0	0	8.35%
1965878870562976122	Wed, Sep 10, 2025	BREAKING: President Trump has announced that Charlie Kirk is dead. https://t.co/6GN7xRDAtB	https://x.com/newsnoteworthy/status/1965878870562976122	1,976	4	165	0	10	0	0	2	9	7	2	0	0	13.94%
1953271941483381207	Thu, Aug 7, 2025	Additional documentation from the scene on North Grove Street in Glenwood, Iowa depicts a house fully engulfed in flames. Victim breakdown (shooting/fire) currently unknown at this time. https://t.co/Um0yYWTrnG	https://x.com/newsnoteworthy/status/1953271941483381207	1,973	13	275	3	5	0	1	6	6	38	3	0	0	3.91%
1977454012271046783	Sun, Oct 12, 2025	BREAKING: Plane crashes in Fort Worth, Texas, multiple vehicles on fire; no word on injuries. https://t.co/TifvbN88hB	https://x.com/newsnoteworthy/status/1977454012271046783	1,968	9	77	0	2	0	2	6	8	46	0	0	0	4.22%
1912929480785486190	Thu, Apr 17, 2025	NOW: President Trump reacts to the shooting at FSU. https://t.co/T3F8HHQddC	https://x.com/newsnoteworthy/status/1912929480785486190	1,968	7	83	1	5	0	0	2	3	18	1	0	0	1.07%
1946832681703993423	Sun, Jul 20, 2025	@NWS_NTWC Tsunami Watch issued for Hawaii:	https://x.com/newsnoteworthy/status/1946832681703993423	1,966	9	21	0	0	0	0	2	9	1	0	0	0	3.94%
1934074936814907704	Sun, Jun 15, 2025	NOW: Active shooter alarm sounding at Fort Cavazos in Texas. The military base is currently on lockdown — CBS19 https://t.co/RCTr3hWczp	https://x.com/newsnoteworthy/status/1934074936814907704	1,953	16	77	3	0	0	3	8	15	22	0	0	0	5.63%
1939837825572126841	Tue, Jul 1, 2025	The firefighters murdered in yesterday’s Canfield Mountain ambush have been identified as Coeur d’Alene Fire Department Battalion Chief John Morrison, 52, and Battalion Chief Frank Harwood, 42, of Northern Lakes Fire. Rest in peace. https://t.co/I87tWD9Ioy	https://x.com/newsnoteworthy/status/1939837825572126841	1,935	37	109	1	1	0	1	9	4	17	0	0	0	1.50%
1949978430021218630	Mon, Jul 28, 2025	Number of victims in active shooter incident at Manhattan office building in New York City has risen to 6. — FOX https://t.co/USJhGBjHoV	https://x.com/newsnoteworthy/status/1949978430021218630	1,934	7	29	1	0	1	0	7	8	1	0	0	0	4.42%
1949984237701996629	Tue, Jul 29, 2025	Two police officers shot, one fatally during active shooter incident at Manhattan, New York office building. — FOX https://t.co/CENs6dOxAq	https://x.com/newsnoteworthy/status/1949984237701996629	1,921	14	85	0	2	1	0	3	4	1	0	0	0	9.06%
1965878886312690103	Wed, Sep 10, 2025	President Trump: “The Great, and even Legendary, Charlie Kirk is dead.” https://t.co/QqWd0IVrqg	https://x.com/newsnoteworthy/status/1965878886312690103	1,920	5	174	0	8	0	1	3	3	15	0	0	0	5.95%
1931122808576192778	Fri, Jun 6, 2025	ICE raids in central Los Angeles, California today led to dozens of arrests as the agency expanded the scope of its operations in the area; protesters gathered in clash with federal law enforcement, with LA Mayor Bass condemning the raids. https://t.co/PtPG7Ikm1G	https://x.com/newsnoteworthy/status/1931122808576192778	1,917	17	114	1	0	1	0	2	9	31	0	0	0	3.86%
1953175390450798621	Wed, Aug 6, 2025	Quornelius Radford, age 28, is the alleged gunman who opened fire at Fort Stewart in Georgia, injuring 5 soldiers. Radford, an army sergeant with ties to Florida, was arrested in May for driving under the influence. The photo below is from his previous arrest for DUI in May. https://t.co/qSZc1tmDBP	https://x.com/newsnoteworthy/status/1953175390450798621	1,917	10	74	1	0	0	2	7	5	18	2	0	0	0.94%
1949964355023327515	Mon, Jul 28, 2025	BREAKING: Active shooter situation on Park Avenue in Midtown Manhattan, New York; multiple injuries reported, law enforcement responding.	https://x.com/newsnoteworthy/status/1949964355023327515	1,914	7	18	0	2	0	0	2	8	1	0	0	0	0.37%
1949220491446903029	Sat, Jul 26, 2025	@alertpage What’s going on today!	https://x.com/newsnoteworthy/status/1949220491446903029	1,900	1	7	0	0	0	0	0	6	0	0	0	0	6.10%
1919853119023763475	Tue, May 6, 2025	INDIAN ARMY: Forces launched ‘OPERATION SINDOOR,’ targeting terrorist infrastructure in Pakistan and Pakistan-occupied Jammu and Kashmir, following deadly Pahalgam terrorist attack weeks prior. Nine sites targeted in total. https://t.co/b0DScNZzpO	https://x.com/newsnoteworthy/status/1919853119023763475	1,886	7	115	2	9	0	1	3	1	9	0	0	0	2.99%
1944778014790713421	Mon, Jul 14, 2025	@GarandThumb1 https://t.co/lRQBVPWIcW	https://x.com/newsnoteworthy/status/1944778014790713421	1,876	32	56	2	1	0	1	5	1	0	1	0	0	1.44%
1931508625098567822	Sun, Jun 8, 2025	BREAKING: California National Guard being mobilized to assist in quelling unrest in Los Angeles, U.S. Border Patrol sources say. — NewsNation	https://x.com/newsnoteworthy/status/1931508625098567822	1,874	13	27	1	0	0	0	3	3	8	0	0	0	3.48%
1940787934145454285	Thu, Jul 3, 2025	BREAKING: 4 people injured in an axe attack on an ICE express train between Straubing and Plattling in Bavaria, Germany. The train was heading to Vienna with around 500 passengers on board. The suspect was arrested, but police have not released any details on the person. (AP) https://t.co/VOyPSi5Xub	https://x.com/newsnoteworthy/status/1940787934145454285	1,869	15	65	0	0	0	1	6	1	26	0	0	0	0.59%
1966255422446485630	Thu, Sep 11, 2025	Preliminary information from Boston Police indicates that this was another swatting call with no actual shots fired at UMass Boston.	https://x.com/newsnoteworthy/status/1966255422446485630	1,863	7	11	0	0	0	0	1	0	3	0	0	0	2.26%
1924269637052539341	Mon, May 19, 2025	JUST IN: 5 pedestrians struck by a train near the Miles Newton Bridge in Fremont, Ohio. Scanner traffic indicating several severe injuries, possible fatalities. H/t @alertpage @AZ_Intel_ https://t.co/02CZkk47op	https://x.com/newsnoteworthy/status/1924269637052539341	1,858	10	42	0	2	1	1	4	5	4	0	0	0	1.51%
1950294033307488280	Tue, Jul 29, 2025	BREAKING: Shots fired at a daycare in Granada Hills, California; at least one person shot. — KTLA	https://x.com/newsnoteworthy/status/1950294033307488280	1,857	7	28	0	0	0	2	1	2	16	0	0	0	6.33%
1939482861561639226	Mon, Jun 30, 2025	WATCH: Armored law enforcement vehicles arriving at a staging area in Coeur d'Alene, Idaho. https://t.co/tWDEvPqhvx	https://x.com/newsnoteworthy/status/1939482861561639226	1,849	27	117	3	3	1	0	8	14	24	0	0	0	0.92%
1923912132921352375	Sun, May 18, 2025	UPDATE: The location has been revised to the Brooklyn Bridge. It appears that upwards of 200 people were onboard the boat ad it crashed. Eyewitness video shows a Mexican flag flying on top of the ship.	https://x.com/newsnoteworthy/status/1923912132921352375	1,848	5	17	0	0	0	0	1	1	10	0	0	0	5.21%
1972390811431321809	Sun, Sep 28, 2025	BREAKING: Grand Blanc, Michigan church shooting suspect identified as Iraq War veteran Thomas Jacob Sanford. — NYPost Photo via NYpost https://t.co/51qm1Jr2On	https://x.com/newsnoteworthy/status/1972390811431321809	1,844	5	96	1	4	0	0	2	3	25	0	0	0	0.71%
1945531210261823520	Wed, Jul 16, 2025	WATCH: A large fire has broken out on the mainstage of Tomorrowland music festival in Belgium just days before the event is set to begin. https://t.co/KjYf4zI792	https://x.com/newsnoteworthy/status/1945531210261823520	1,835	3	13	0	0	0	0	1	3	1	1	0	0	0.33%
1953998827863630076	Sat, Aug 9, 2025	He was later removed from the field via an ambulance. The game has now been called early due to the circumstances.	https://x.com/newsnoteworthy/status/1953998827863630076	1,824	5	6	0	0	0	0	1	0	0	0	0	0	3.68%
1932930876221853981	Wed, Jun 11, 2025	Developments in the Middle East today: - U.S. Embassy in Iraq is preparing for an ordered evacuation due to elevated security threats in the region, according to Reuters. - U.S. Secretary of Defense Pete Hegseth authorized the voluntary departure of military dependents from	https://x.com/newsnoteworthy/status/1932930876221853981	1,820	10	67	4	1	0	0	5	7	45	0	0	0	0.72%
1951031409574887440	Thu, Jul 31, 2025	@EndGameWW3 Get well soon! 💪	https://x.com/newsnoteworthy/status/1951031409574887440	1,806	3	13	0	0	0	0	0	3	7	0	0	0	1.55%
1972350407356674336	Sun, Sep 28, 2025	“The service was active, there were 100s of people within the church.” Law enforcement expects to find more victims in the rubble of the Grand Blanc, Michigan church following a gunman ramming his vehicle into the church and opening fire. https://t.co/jRJP0ucAxu	https://x.com/newsnoteworthy/status/1972350407356674336	1,804	9	28	0	0	0	2	3	1	11	0	0	0	3.44%
1973584193235067030	Thu, Oct 2, 2025	JUST IN: Two Delta Airlines regional aircraft collide during taxiing at LaGuardia International Airport in New York.	https://x.com/newsnoteworthy/status/1973584193235067030	1,803	11	62	2	2	0	0	4	4	43	0	0	0	0.39%
1939473475414192476	Sun, Jun 29, 2025	@BBCWorld The fatalities are believed to be firefighting personnel:	https://x.com/newsnoteworthy/status/1939473475414192476	1,786	1	7	1	0	0	0	2	4	0	0	0	0	0.78%
1949528641488269811	Sun, Jul 27, 2025	Approximately 100 passengers were onboard a Deutsche Bahn regional express train when it derailed in the Biberach (Baden-Württemberg) district of Germany, at least three were injured. — BILD	https://x.com/newsnoteworthy/status/1949528641488269811	1,784	6	14	1	1	0	1	2	4	1	0	0	0	9.31%
1980009838944887064	Sun, Oct 19, 2025	BREAKING: Former Tampa Bay Buccaneers running back Doug Martin has died at age 36. https://t.co/GbN7vIaBe1	https://x.com/newsnoteworthy/status/1980009838944887064	1,783	8	166	0	4	0	0	3	3	122	0	0	0	1.35%
1938291024297603209	Thu, Jun 26, 2025	BREAKING: Dangerous situation on Waco Campus at Baylor University.	https://x.com/newsnoteworthy/status/1938291024297603209	1,782	7	24	0	0	0	1	3	3	10	0	0	0	1.91%
1934085829967724768	Sun, Jun 15, 2025	Update:	https://x.com/newsnoteworthy/status/1934085829967724768	1,778	18	34	0	0	0	0	10	3	3	0	0	0	3.15%
1909789285462482956	Wed, Apr 9, 2025	JUST IN: Earthquake felt in Taipei and rest of Taiwan following reports of a preliminary magnitude 4.8 earthquake. Standby for more information.	https://x.com/newsnoteworthy/status/1909789285462482956	1,777	10	56	1	0	3	0	4	19	20	0	0	0	7.55%
1950693725686182033	Wed, Jul 30, 2025	@rawsalerts You can read the FDA’s announcement here: https://t.co/XT5MH0MJWI	https://x.com/newsnoteworthy/status/1950693725686182033	1,776	5	134	0	0	0	0	2	3	14	110	0	0	5.98%
1932296129028514238	Tue, Jun 10, 2025	WATCH: CNN crew covering unrest in Los Angeles is asked to leave by law enforcement, then briefly placed in zipties and warned not to return to the area. https://t.co/1QollE49yb	https://x.com/newsnoteworthy/status/1932296129028514238	1,757	18	105	1	0	0	3	5	14	37	0	0	0	2.57%
1966897980356935998	Sat, Sep 13, 2025	BREAKING: Sirens sounding in Swidnik, Poland amid threats posed by Russian drones. https://t.co/44kR8yMK0Q	https://x.com/newsnoteworthy/status/1966897980356935998	1,752	8	45	0	3	0	0	3	3	30	0	0	0	0.17%
1946708564648624422	Sat, Jul 19, 2025	@ParkPolice Wow	https://x.com/newsnoteworthy/status/1946708564648624422	1,748	1	3	0	0	0	0	0	2	0	0	0	0	3.09%
1926729764250755186	Sun, May 25, 2025	Video: Tornado on the ground in Puerto Varas, Chile; major damage suspected. https://t.co/v2GTPd255w	https://x.com/newsnoteworthy/status/1926729764250755186	1,747	7	54	1	1	0	1	4	5	14	0	0	0	4.09%
1935557836685152280	Thu, Jun 19, 2025	Additional documentation of Soroka Hospital in Be’er Sheva, Israel; the hospital was directly hit by an Iranian missile. No immediate word on casualties. #Iran #TelAviv #arak https://t.co/O216CKHDZT	https://x.com/newsnoteworthy/status/1935557836685152280	1,735	5	71	0	1	1	2	4	9	21	0	2	0	4.46%
1934636923324379323	Mon, Jun 16, 2025	One more video of the state TV IRIB building in flames after the strike by Israel. https://t.co/EyL643eT8l	https://x.com/newsnoteworthy/status/1934636923324379323	1,727	8	77	1	2	0	0	2	2	26	0	0	0	3.25%
1950357735364493722	Wed, Jul 30, 2025	BREAKING: Tsunami warning issued for Hawaii; warnings issued only if a tsunami is expected to occur, according to NWS. HEED ALL OFFICIAL WARNINGS. https://t.co/TmMnXE7Wee	https://x.com/newsnoteworthy/status/1950357735364493722	1,721	9	56	0	3	0	0	3	0	8	0	0	0	2.22%
1945235598903574665	Tue, Jul 15, 2025	UPDATE: Smyrna, Tennessee police say this is no longer an active shooter situation; the suspect is barricaded. https://t.co/HPHqrJuHpI	https://x.com/newsnoteworthy/status/1945235598903574665	1,713	7	38	0	1	0	0	2	4	1	2	0	0	4.38%
1924155190367662490	Sun, May 18, 2025	NEW: FBI identifies Palm Springs, California fertility clinic bomber as Guy Edward Bartkus. https://t.co/nH4bosPMcn	https://x.com/newsnoteworthy/status/1924155190367662490	1,711	14	75	3	4	0	6	3	1	12	3	0	0	2.05%
1968803124216226136	Thu, Sep 18, 2025	JUST IN: 32 people sent to the hospital after pepper spray was used during a large school fight at Lake Worth High School in south Florida. https://t.co/Yq8m7sjCJk	https://x.com/newsnoteworthy/status/1968803124216226136	1,709	8	35	0	2	0	3	3	3	17	0	0	0	2.64%
1927221322142081084	Tue, May 27, 2025	JUST IN: Evacuations underway at DOJ building in Manila, Philippines following nearby earthquake; other buildings in metro Manila are said to have experienced notable shaking as well. https://t.co/N4MiCcniHD	https://x.com/newsnoteworthy/status/1927221322142081084	1,704	6	45	0	0	0	1	2	3	14	0	0	0	3.08%
1934463940215681356	Mon, Jun 16, 2025	@AZ_Intel_ Witnesses reporting 10+ shots fired.	https://x.com/newsnoteworthy/status/1934463940215681356	1,688	15	52	0	0	1	1	0	26	9	0	0	0	5.96%
1939487237961392262	Mon, Jun 30, 2025	Additional press briefing now scheduled for 9:30pm local time at the Kootenai County Office of Emergency Management to update on the active incident in Coeur d'Alene, Idaho. https://t.co/XqNevYGUj7	https://x.com/newsnoteworthy/status/1939487237961392262	1,677	6	100	0	0	0	0	4	4	10	0	0	0	5.02%
1940284623097077904	Wed, Jul 2, 2025	BREAKING: Military helicopter crashes in Mogadishu, Somalia. — NYT https://t.co/qEH2LfIToq	https://x.com/newsnoteworthy/status/1940284623097077904	1,672	9	84	0	4	1	2	5	11	38	0	0	0	6.18%
1939465681558270028	Sun, Jun 29, 2025	Kootenai County Sheriff’s Office: “At approximately 1:30pm, KCFR responded to a wildfire burning at Canfield Mountain. At approximately 2:00pm shots were fired on Canfield Mountain..the suspect is still outstanding.” Press conference momentarily. https://t.co/GqqFGPpCoQ	https://x.com/newsnoteworthy/status/1939465681558270028	1,668	14	103	0	2	1	0	4	6	17	1	0	0	1.68%
1963323674217341314	Wed, Sep 3, 2025	BREAKING: Footage circulating online of a person holding a rifle at the University of Massachusetts Lowell (UML). Police say that the suspect is an Asian male, wearing a gray or white sweatshirt and black shorts. https://t.co/ohLScvhdv0	https://x.com/newsnoteworthy/status/1963323674217341314	1,666	3	28	1	2	0	0	1	8	14	0	0	0	1.20%
1940545632797970738	Wed, Jul 2, 2025	Update: Shooting at Oglethorpe Mall in Savannah, Georgia that injured multiple people was gang related. — WCJL 22	https://x.com/newsnoteworthy/status/1940545632797970738	1,662	7	20	1	0	0	0	5	1	7	0	0	0	1.03%
1945557328129855508	Wed, Jul 16, 2025	WATCH: The mainstage at Tomorrowland music festival in Belgium has been completely destroyed after a massive fire broke out just days before the event was set to begin. These clips show different angles of the flames engulfing the structure. https://t.co/VtEeWDqAU2	https://x.com/newsnoteworthy/status/1945557328129855508	1,651	6	17	1	2	0	1	4	4	0	0	0	0	4.43%
1951502874405486738	Sat, Aug 2, 2025	NEW: 19 hospitalized, dozens injured after Disney ferry boat crash during severe weather. More below: https://t.co/CZgHKy2tHz	https://x.com/newsnoteworthy/status/1951502874405486738	1,649	18	73	1	1	0	1	11	6	34	0	0	0	1.09%
1918392695195582938	Fri, May 2, 2025	@intelFromBrian Quite an intriguing development	https://x.com/newsnoteworthy/status/1918392695195582938	1,644	9	18	1	0	0	0	1	2	6	0	0	0	2.87%
1934352058251186471	Sun, Jun 15, 2025	Tense footage shows Israeli efforts to shoot down over 100 Iranian drones amid retaliatory attacks by Iran. Israel successfully intercepted all aerial targets. #iran #Tehran #TelAviv https://t.co/S1jg3zpVd5	https://x.com/newsnoteworthy/status/1934352058251186471	1,640	7	47	0	0	0	3	2	2	28	0	0	0	5.18%
1952555195805663382	Tue, Aug 5, 2025	An explosion at the Plaza Altabrisa Tabasco mall in Villahermosa, Mexico, caused by a gas leak, injured at least 14 people. — MILENIO #explosión https://t.co/yXtUsxvPSY	https://x.com/newsnoteworthy/status/1952555195805663382	1,640	11	85	3	2	1	1	4	27	37	0	3	0	1.17%
1969561347156558229	Sun, Sep 21, 2025	One suspect detained, Nashua Police searching for armed 2nd suspect; multiple gunshot victims reported.	https://x.com/newsnoteworthy/status/1969561347156558229	1,626	7	19	0	1	0	0	1	4	7	0	0	0	6.42%
1939457090415665629	Sun, Jun 29, 2025	Shoshone County Sheriff’s Office, adjacent to Coeur d'Alene and Kootenai County where this is all unfolding, is describing this incident as an active shooter situation with the shooter still at large. https://t.co/FhbfJVufLr	https://x.com/newsnoteworthy/status/1939457090415665629	1,621	7	104	1	2	0	0	4	3	13	0	0	0	6.01%
1910424394411004379	Thu, Apr 10, 2025	Photo of the vast emergency response after a passenger helicopter ‘split in half’ and crashed into the Hudson River. FDNY and NYPD handling primary response. Law enforcement indicating at least one fatality, helicopter was carrying 4 or more passengers. https://t.co/0Fx1CE3jnp	https://x.com/newsnoteworthy/status/1910424394411004379	1,614	8	97	2	1	0	1	1	2	15	0	0	0	3.97%
1950403383233224780	Wed, Jul 30, 2025	All commercial vessels in the state of Hawaii have been issued an order to evacuate all commercial harbors due to fear of an incoming tsunami. All harbors are closed to incoming vessel traffic, due to order from the USCG Captain of the Port Honolulu. https://t.co/xi0bF7a6Ro	https://x.com/newsnoteworthy/status/1950403383233224780	1,611	6	64	0	0	0	2	5	1	3	0	0	0	2.55%
1970820874271109631	Wed, Sep 24, 2025	WATCH: Super Typhoon Ragasa slams Hong Kong last night. Water poured into the Fullerton Hotel Ocean Park, forcing residents to tape windows at 4 AM as flooding intensified. #颱風 #香港 #Ragasa #台風 https://t.co/lYcld5SS6u	https://x.com/newsnoteworthy/status/1970820874271109631	1,605	6	41	0	4	0	0	1	6	20	0	6	0	3.82%
1941600508453515552	Sat, Jul 5, 2025	BREAKING: Texas officials confirm 32 dead in Central Texas flooding as of 3:50 CDT today. 14 of the victims are children.	https://x.com/newsnoteworthy/status/1941600508453515552	1,598	28	61	0	0	0	0	8	5	20	0	0	0	4.40%
1920530907376627723	Thu, May 8, 2025	BREAKING: Robert Prevost has emerged onto the balcony. He is the first American-born leader of the Catholic Church. Watch as the crowd erupts! "Annuntio vobis gaudium magnum! Habemus Papam!" Translation: "I announce to you a great joy! We have a pope!" https://t.co/1uf3JOsojx	https://x.com/newsnoteworthy/status/1920530907376627723	1,592	9	70	2	5	0	0	3	8	13	0	0	0	6.41%
1949867535584678306	Mon, Jul 28, 2025	BREAKING: Sailboat and barge collide in Biscayne Bay near Miami, FL; at least 5 children reportedly missing. — WPLG10 https://t.co/Ck2ZBfoYQ7	https://x.com/newsnoteworthy/status/1949867535584678306	1,591	7	102	1	3	0	0	8	7	2	0	0	0	7.76%
1958654472646955359	Thu, Aug 21, 2025	President of Villanova University describes today’s incident on campus as stemming from a “cruel hoax.” There were no injuries. https://t.co/LkO6r5HRo0	https://x.com/newsnoteworthy/status/1958654472646955359	1,586	8	123	1	6	0	0	3	6	18	0	0	0	1.96%
1933993458672525709	Sat, Jun 14, 2025	WATCH: Shahran Oil Depot in western Tehran, Iran currently engulfed in major flames following Israeli strikes on the facility. #Israel #TelAviv https://t.co/BIy2mDGcZZ	https://x.com/newsnoteworthy/status/1933993458672525709	1,585	2	31	0	0	0	0	0	6	7	1	1	0	4.11%
1920973602679046464	Fri, May 9, 2025	@FaytuksNetwork India feels obligated to redeem itself, and Pakistan feels obligated to defend itself — let’s see how long they climb the escalatory ladder.	https://x.com/newsnoteworthy/status/1920973602679046464	1,580	11	65	0	0	0	1	2	15	36	0	0	0	2.29%
1957310926719262736	Mon, Aug 18, 2025	Scanner traffic from Box Elder County, Utah: “Shots fired! I’ve been hit!” “He’s..he’s still shooting!” “We got two officers down in the intersection, not moving.”	https://x.com/newsnoteworthy/status/1957310926719262736	1,575	13	36	2	2	0	0	5	6	12	0	0	0	2.16%
1960130737711272146	Tue, Aug 26, 2025	University of Colorado Boulder: “CUPD is investigating a potential swatting incident at Norlin Library.” CUPD initially responded to Norlin Library regarding an active shooter incident. During this incident, statements released by UW-Madison and Kansas State University https://t.co/FzwOvbRKGX	https://x.com/newsnoteworthy/status/1960130737711272146	1,575	7	34	1	5	1	1	2	3	12	0	0	0	0.44%
1944792978150584565	Mon, Jul 14, 2025	@Faytuks Yeah, I would say that’s noteworthy 👍	https://x.com/newsnoteworthy/status/1944792978150584565	1,575	4	7	0	0	0	0	0	3	0	0	0	0	1.21%
1916390616268783944	Sun, Apr 27, 2025	Vancouver Police: Suspect arrested for driving car into crowd of people at Lapu Lapu Festival is a 30 year old male.	https://x.com/newsnoteworthy/status/1916390616268783944	1,569	6	19	0	0	0	0	2	6	5	0	0	0	1.79%
1935834272650379523	Thu, Jun 19, 2025	The shooting at the Oxford Valley Mall was an isolated incident, and both the suspect and the victim knew each other. It is believed that the shooting was a targeted act. The victim is receiving care at a local hospital and the suspect is still at large. — local police	https://x.com/newsnoteworthy/status/1935834272650379523	1,568	5	28	0	0	0	0	3	0	20	0	0	0	1.81%
1950452417146888239	Wed, Jul 30, 2025	Earlier: Police in Page, Arizona responded to several 911 calls reporting an active shooter incident at a store in the city. The shooter fired multiple rounds inside of the business and opened fire on at least one vehicle on property before fleeing the scene. Law enforcement https://t.co/LrG4Prc8Hh	https://x.com/newsnoteworthy/status/1950452417146888239	1,546	5	28	1	0	0	0	1	1	10	0	0	0	4.69%
1979310026591473762	Fri, Oct 17, 2025	JUST IN: George Santos to be released from prison immediately following a commutation order signed by President Trump. Santos, a former NY Congressman, had been serving 87 months in prison after being convicted of wire fraud and aggravated identity theft, according to the DOJ. https://t.co/aokx3Kk9qd	https://x.com/newsnoteworthy/status/1979310026591473762	1,535	10	72	0	2	0	0	4	8	26	0	0	0	3.41%
1938291307153076546	Thu, Jun 26, 2025	NOW: Shelter in Place at Baylor University School officials urge everyone to seek secure shelter and avoid doors/windows. https://t.co/WcC7bQXtjW	https://x.com/newsnoteworthy/status/1938291307153076546	1,525	5	52	0	5	0	1	2	4	15	0	0	0	0.66%
1944433238178484400	Sun, Jul 13, 2025	NOW: The EEAST Ambulance Service has sent 4 ambulances, a rapid response vehicle, 4 Hazardous Area Response Team vehicles, 3 senior paramedic cars to the scene of the plane crash at London Southend Airport. Essex and Herts Air Ambulance are also responding.	https://x.com/newsnoteworthy/status/1944433238178484400	1,518	7	10	0	0	0	0	2	1	0	0	0	0	4.02%
1910712179562528931	Fri, Apr 11, 2025	Flight path of the small plane that crashed moments ago in Boca Raton, Florida. Appears that it may have attempted to return to its airport of origin. Reports of several casualties. https://t.co/NP3ACSBvxa	https://x.com/newsnoteworthy/status/1910712179562528931	1,517	6	61	5	5	0	1	3	3	29	0	0	0	0.74%
1936580627349823577	Sun, Jun 22, 2025	@Osint613 Congratulations! 🔥🔥	https://x.com/newsnoteworthy/status/1936580627349823577	1,494	6	11	0	0	0	0	0	1	4	0	0	0	2.75%
1976688085271196100	Fri, Oct 10, 2025	BREAKING: Footage shows the scene of an explosion at a manufacturing plant in Hickman County, Tennessee. https://t.co/qrfIOXWjTk	https://x.com/newsnoteworthy/status/1976688085271196100	1,493	16	41	2	2	0	1	4	2	12	0	0	0	2.96%
1951356228850098621	Fri, Aug 1, 2025	Granite County Sheriff’s Office in Montana confirms an active shooter situation in Anaconda Deer Lodge. Shooter said to be wearing the dyed shirt, blue jeans; and an orange bandana. https://t.co/8FfZkehq2s	https://x.com/newsnoteworthy/status/1951356228850098621	1,488	10	44	0	0	0	0	5	4	12	0	0	0	7.32%
1915172598788374656	Wed, Apr 23, 2025	BREAKING NEWS: Russian missiles hitting Kyiv. https://t.co/hI4emotjB4	https://x.com/newsnoteworthy/status/1915172598788374656	1,475	17	108	1	2	0	0	4	5	23	0	0	0	3.53%
1936440998789292335	Sat, Jun 21, 2025	BREAKING: A hot‑air balloon carrying 21 people caught fire and crashed in Praia Grande, Brazil. At least 8 people are confirmed dead and 13 others are injured. The original graphic content has been removed for viewer sensitivity. #Brazil #HotAirBalloon #PraiaGrande https://t.co/FPpIHSV43r	https://x.com/newsnoteworthy/status/1936440998789292335	1,472	6	52	1	0	0	2	2	4	22	0	1	0	6.85%
1939495329973391584	Mon, Jun 30, 2025	Department of Homeland Security air assets seen participating in the multiagency response to the active shooter situation in Coeur d'Alene, Idaho. https://t.co/zp0BUvQ2tg	https://x.com/newsnoteworthy/status/1939495329973391584	1,459	27	100	1	0	0	1	6	8	29	0	0	0	2.96%
1953254982268203158	Thu, Aug 7, 2025	A system wide outage effecting technology at United Airlines has led the airline to hold all mainline flights at their point of departure, causing significant delays for passengers and flight crew. https://t.co/cuRxfP7ojR	https://x.com/newsnoteworthy/status/1953254982268203158	1,455	4	43	0	2	0	1	1	1	13	0	0	0	4.26%
1940633111043453176	Thu, Jul 3, 2025	BREAKING: Multiple people shot in downtown Chicago, Illinois; preliminary information suggests 12 possible victims. https://t.co/2ERN5K4qHA	https://x.com/newsnoteworthy/status/1940633111043453176	1,455	11	62	1	0	0	0	4	11	23	0	0	0	35.63%
1906051610616140075	Sat, Mar 29, 2025	NEW: The plane appears to have flown from South Florida and is a fixed-wing, single-engine aircraft with a turboprop engine. It was registered in 2016 to Hennepin County—the same county as Brooklyn Park, where the crash occurred. #planecrash #brookylnpark #Minnesota #crash https://t.co/P87IYcmWFg	https://x.com/newsnoteworthy/status/1906051610616140075	1,451	8	517	0	1	0	0	3	7	240	0	4	0	5.31%
1923764600568217788	Sat, May 17, 2025	BREAKING: A nationwide listeria outbreak linked to frozen nutritional shakes has left 14 dead and 42 hospitalized across 21 states. The contaminated shakes were mainly distributed to hospitals and long-term care facilities. The CDC has now declared the outbreak over. https://t.co/lgZ2mEgAMk	https://x.com/newsnoteworthy/status/1923764600568217788	1,449	8	77	0	0	0	0	2	4	5	0	0	0	2.76%
1953911475124507034	Fri, Aug 8, 2025	WATCH: Another angle of the fire at the Mosque Cathedral of Córdoba (La Mezquita de Córdoba). Fire crews are on scene. https://t.co/vRyG9zs07X	https://x.com/newsnoteworthy/status/1953911475124507034	1,448	8	40	0	1	0	1	2	9	17	0	0	0	8.59%
1939516254236356762	Mon, Jun 30, 2025	BREAKING: Shelter in place lifted in Coeur d’Alene, Idaho. Kootenai Sheriff SWAT located a deceased male on Canfield Mountain with a firearm nearby. More information to follow. https://t.co/X0VEW1xP6x	https://x.com/newsnoteworthy/status/1939516254236356762	1,444	15	124	1	3	0	0	6	2	12	0	0	0	1.25%
1944488949361111194	Sun, Jul 13, 2025	Additional reports of an “active aggressor” at the Kentucky Kingdom amusement park, located adjacent to the exposition center, are unfounded. Authorities confirm that there are no victims at the amusement park.	https://x.com/newsnoteworthy/status/1944488949361111194	1,443	8	18	0	0	0	0	1	8	1	0	0	0	2.22%
1912215005191094429	Tue, Apr 15, 2025	Heavy police and ambulance presence outside Wilmer Hutchins High School amid ongoing shooting response. https://t.co/YPJpB57BFP	https://x.com/newsnoteworthy/status/1912215005191094429	1,440	9	32	0	0	1	0	3	3	2	0	0	0	8.14%
1950370376493502493	Wed, Jul 30, 2025	BREAKING: Portions of U.S west coast now under a tsunami advisory, an upgrade from earlier’s tsunami watch. https://t.co/MmJUlZh17L	https://x.com/newsnoteworthy/status/1950370376493502493	1,438	8	117	1	2	0	0	4	1	5	1	0	0	0.70%
1944430471812681751	Sun, Jul 13, 2025	Essex Police: “We remain on the scene of a serious incident at Southend Airport, we were alerted shortly before 4pm to reports of a collision involving one 12-meter plane…As a precaution due to their proximity to the incident, we are evacuating the Rochford Hundred Golf Club and	https://x.com/newsnoteworthy/status/1944430471812681751	1,436	5	10	1	0	0	0	1	3	1	0	0	0	2.73%
1912215097797206289	Tue, Apr 15, 2025	Video from the scene at Wilmer-Hutchins High School in Dallas, Texas following shots fired on school property. Parents are urged to stay away from the scene at this time. Video via Vegas Now https://t.co/YPJpB57BFP	https://x.com/newsnoteworthy/status/1912215097797206289	1,427	9	39	0	0	0	1	5	2	4	0	0	0	1.13%
1953124449726705682	Wed, Aug 6, 2025	BREAKING: Active shooter situation at Fort Stewart in Hinesville, Georgia; at least 4 people shot. — WTOC	https://x.com/newsnoteworthy/status/1953124449726705682	1,420	6	16	0	2	0	0	2	1	7	0	0	0	4.78%
1950571638988382628	Wed, Jul 30, 2025	WATCH: Russia’s Klyuchevskoy volcano erupts, following the powerful earthquake off of the Kamchatka Peninsula. #Volcán #火山 https://t.co/BJDG2V3Eg1	https://x.com/newsnoteworthy/status/1950571638988382628	1,401	18	67	4	0	0	1	9	6	20	0	7	0	0.86%
1945587796200096089	Wed, Jul 16, 2025	BREAKING: Tsunami warning issued following 7.2 magnitude earthquake on the Alaska Peninsula. https://t.co/xcVwFB7ZTm	https://x.com/newsnoteworthy/status/1945587796200096089	1,398	4	12	0	0	0	0	1	1	1	0	0	0	7.22%
1972337780677287984	Sun, Sep 28, 2025	BREAKING: A photo shows that the gunman drove into the Grand Blanc, Michigan church before opening fire. Journalist Anna Matson has posted that a young girl has been shot in the back and that many people have blood on their clothes. https://t.co/TJtXEktpxp	https://x.com/newsnoteworthy/status/1972337780677287984	1,398	5	101	0	0	0	2	1	5	13	0	0	0	0.64%
1965854960085852623	Wed, Sep 10, 2025	Charlie Kirk rushed to local hospital in unknown condition, spokesman says.	https://x.com/newsnoteworthy/status/1965854960085852623	1,396	1	9	1	0	0	1	1	5	1	0	0	0	2.01%
1914889531175694845	Wed, Apr 23, 2025	@Natsecjeff 100%. Your perspectives would provide some invaluable insight into everything that is going on - especially for those of us that are not keen on past events. Hopefully you do seriously consider.	https://x.com/newsnoteworthy/status/1914889531175694845	1,390	5	28	0	0	0	0	0	3	20	0	0	0	3.05%
1950384352518689216	Wed, Jul 30, 2025	The U.S Army and Navy are now assisting the Hawaii State Department of Transportation in facilitating coastal evacuations, opening up portions of Joint Base Pearl Harbor Hickam to the public to transit through. https://t.co/NmqHZczxaR	https://x.com/newsnoteworthy/status/1950384352518689216	1,378	14	42	0	0	0	2	5	0	9	1	0	0	3.57%
1961932767559553105	Sat, Aug 30, 2025	WATCH: Florida State University (FSU) fans rush the field after upsetting #8 Alabama 31-17 in Tallahassee. #Noles https://t.co/VHFMG13IJU	https://x.com/newsnoteworthy/status/1961932767559553105	1,371	14	49	0	3	0	1	5	3	24	0	1	0	3.80%
1950560957152846123	Wed, Jul 30, 2025	WATCH: Ozzy Osbourne’s hearse makes its way through the streets of Birmingham as fans gather to pay their respects during the funeral procession. #PrinceOfDarkness #RIPOzzy #LegendNeverDies #BlackSabbath https://t.co/kdSrGTf2cw	https://x.com/newsnoteworthy/status/1950560957152846123	1,368	24	52	2	2	0	0	5	2	12	0	7	0	4.75%
1933327565361721587	Fri, Jun 13, 2025	Statement from Israeli PM Netanyahu regarding Israel's attack on Iran and its nuclear capabilities: https://t.co/FbyVyy036N	https://x.com/newsnoteworthy/status/1933327565361721587	1,368	5	65	0	4	0	0	1	1	35	0	0	0	7.24%
1950354784759747011	Wed, Jul 30, 2025	BREAKING: Tsunami warning issued for the western coast of the United States. — PTWC https://t.co/SAMvgjcIYS	https://x.com/newsnoteworthy/status/1950354784759747011	1,368	8	99	0	3	0	0	4	0	7	0	0	0	13.02%
1933601649026613731	Fri, Jun 13, 2025	Israeli media showing an elderly woman being removed from the damaged apartment block in Tel Aviv, Israel. No severe injuries from Iran’s missile barrages have been reported. תל אביב طهران https://t.co/fBBZTOJY5g	https://x.com/newsnoteworthy/status/1933601649026613731	1,367	4	178	0	4	0	0	1	8	18	1	0	0	1.47%
1968858112061792446	Fri, Sep 19, 2025	UPDATE: All clear given on University of North Carolina Wilmington (UNCW) campus following earlier reports of an active shooter situation. No evidence of a shooter was found.	https://x.com/newsnoteworthy/status/1968858112061792446	1,362	3	20	0	2	0	0	0	3	14	0	0	0	0.74%
1933087636593451257	Thu, Jun 12, 2025	@BNODesk Former Gujarat CM Vijay Rupani reported to be onboard, according to local media.	https://x.com/newsnoteworthy/status/1933087636593451257	1,355	6	10	0	0	0	0	0	1	3	0	0	0	4.74%
1964548212792164690	Sun, Sep 7, 2025	BREAKING: $1.8 billion Powerball jackpot won by two tickets, one in Missouri and one in Texas. https://t.co/85UXvtWxkC	https://x.com/newsnoteworthy/status/1964548212792164690	1,351	10	64	0	0	0	2	1	5	11	0	0	0	1.19%
1934641669162357132	Mon, Jun 16, 2025	@clashreport https://t.co/t6N7Sytj8k	https://x.com/newsnoteworthy/status/1934641669162357132	1,347	5	16	0	0	0	1	0	4	5	1	0	0	6.98%
1905594616503562421	Fri, Mar 28, 2025	Rooftop pool sloshes around in Bangkok, Thailand following major earthquake in the region. https://t.co/VI0RfYl81J #myanmar #junta #earthquake #burma #bangkok #thailand #BREAKING	https://x.com/newsnoteworthy/status/1905594616503562421	1,346	10	94	2	2	0	2	5	6	51	0	4	0	2.23%
1950035666571567273	Tue, Jul 29, 2025	NEW: Stewart Friesen involved in a crash at Autodrome Drummond during tonight’s DIRTcar Series race. He was transported to a local hospital to be evaluated for any injuries. https://t.co/xmO2SQteRZ	https://x.com/newsnoteworthy/status/1950035666571567273	1,346	9	30	0	4	0	0	5	7	7	1	0	0	2.61%
1974670950487748925	Sun, Oct 5, 2025	JUST IN: Campus placed on lockdown following shots fired at Hugine Suites on the campus of South Carolina State University (SCSU), the university says. https://t.co/CUBB3ZK7Ue	https://x.com/newsnoteworthy/status/1974670950487748925	1,343	7	35	0	2	0	1	3	4	12	0	0	0	5.29%
1927492451754742064	Tue, May 27, 2025	UPDATE: Waterbury Mayor Paul Pernerewski confirms that all shooting victims have been safely transported to a local hospital. No fatalities reported. Authorities believe a single shooter was involved. A press conference is expected in about an hour. 🎥 @twtimes203 (The Waterbury https://t.co/srzTAYSsOq	https://x.com/newsnoteworthy/status/1927492451754742064	1,341	10	71	0	0	0	1	5	14	21	0	0	0	2.46%
1979374865481175242	Sat, Oct 18, 2025	BREAKING: Balcony collapses from an approximate height of 20 feet in Cincinnati, Ohio; upwards of 20 victims reported. — AlertPage	https://x.com/newsnoteworthy/status/1979374865481175242	1,339	9	33	0	0	0	0	2	7	15	0	0	0	1.49%
1972355269297639481	Sun, Sep 28, 2025	NYPD will deploy additional resources to religious institutions across the city amid mass shooting during church service in Grand Blanc, Michigan.	https://x.com/newsnoteworthy/status/1972355269297639481	1,339	8	20	0	0	0	1	3	1	7	0	0	0	18.89%
1920540049034170468	Thu, May 8, 2025	@Delicious_Tacos Based on his X posts, I don’t think he’s a “pro-Trump” pope. https://t.co/qhSViK1ilu	https://x.com/newsnoteworthy/status/1920540049034170468	1,334	9	252	0	1	0	3	0	7	54	1	0	0	24.89%
1912222663013200162	Tue, Apr 15, 2025	Large emergency response seen following active shooter situation at Wilmer-Hutchins High School in Dallas, Texas. From Le’quisa smith on Facebook https://t.co/xu8FrH6UDv	https://x.com/newsnoteworthy/status/1912222663013200162	1,334	10	332	0	0	0	1	2	2	21	0	0	0	2.95%
1972829306029297940	Tue, Sep 30, 2025	Tyreek Hill has been carted off the field following what appeared to be a significant leg injury as the Miami Dolphins faced the New York Jets on MNF. https://t.co/m1L0ARbOVq	https://x.com/newsnoteworthy/status/1972829306029297940	1,322	10	39	1	0	0	0	2	5	22	0	0	0	2.28%
1968418212543873480	Wed, Sep 17, 2025	BREAKING: 5 police officers shot, including 3 in grave condition after gunman opens fire on law enforcement in North Codorus Township area of York County, Pennsylvania. The suspect was found deceased from a self-inflicted gunshot wound. — NBC	https://x.com/newsnoteworthy/status/1968418212543873480	1,318	11	30	0	0	0	0	2	4	13	0	0	0	1.67%
1972844801398829381	Tue, Sep 30, 2025	UPDATE: Campus police confirm that the incident at Smathers Library on the University of Florida campus is consistent with a hoax call.	https://x.com/newsnoteworthy/status/1972844801398829381	1,315	10	22	0	0	0	0	3	2	7	0	0	0	5.56%
1955012538724196834	Mon, Aug 11, 2025	Authorities responding to a plane crash at Kalispell City Airport in Kalispell, Montana; injuries unknown at this time. https://t.co/TvgAK1bh0s	https://x.com/newsnoteworthy/status/1955012538724196834	1,313	5	73	0	0	0	0	3	0	6	0	0	0	3.36%
1927822217817047387	Wed, May 28, 2025	Full List: - John G. Rowland, former governor of Connecticut - Kentrell Gaulden, “NBA YoungBoy” - Michael Grimm, former NY representative - Kevin Eric Baisden - Mark C. Bashaw - Todd and Julie Chrisley, reality TV stars - Tanner Mansell - John Moore He also commuted the	https://x.com/newsnoteworthy/status/1927822217817047387	1,310	12	44	2	0	0	0	1	5	26	0	0	0	1.07%
1951857121655439579	Sun, Aug 3, 2025	@libsoftiktok @FBI @DHSgov These types of posts are becoming more common on TikTok.	https://x.com/newsnoteworthy/status/1951857121655439579	1,303	6	14	0	0	0	1	0	2	5	0	0	0	7.32%
1935560784248967398	Thu, Jun 19, 2025	Soroka Hospital in Be’er Sheva, Israel, the largest hospital in southern Israel, has been significantly damaged; a heavy casualty toll is expected. #Iran #TelAviv https://t.co/CxyTvCBagY	https://x.com/newsnoteworthy/status/1935560784248967398	1,298	13	95	0	2	0	3	3	6	20	0	0	0	2.55%
1933979607406879120	Sat, Jun 14, 2025	All of Israel under red alert due to Iranian missile fire; several missiles expected to arrive imminently. #Iran #TelAviv https://t.co/fqLwGpD4Nw	https://x.com/newsnoteworthy/status/1933979607406879120	1,294	4	33	0	0	0	0	2	5	9	0	0	0	2.63%
1953930025431961846	Fri, Aug 8, 2025	WATCH: Several shots ring out on Emory College Campus amid a reported active shooter situation in Emory Point, Georgia. https://t.co/Zr4wI0SL9D	https://x.com/newsnoteworthy/status/1953930025431961846	1,294	5	34	0	2	0	0	2	0	24	1	0	0	3.18%
1969760223838589069	Sun, Sep 21, 2025	@ItsMeghanLHall @jordybreporting https://t.co/DFGCikI5Jn	https://x.com/newsnoteworthy/status/1969760223838589069	1,289	12	41	0	0	0	0	0	2	5	0	0	0	4.99%
1930332629418627099	Wed, Jun 4, 2025	BREAKING: Small aircraft has crashed into the Atlantic Ocean about 400 yards off Melbourne Beach, FL. Fire crews are on scene launching boats. Reports say 2 people and 1 dog are out of the plane. https://t.co/6yuwXjdf4H	https://x.com/newsnoteworthy/status/1930332629418627099	1,283	6	64	0	1	0	1	1	6	28	0	0	0	1.33%
1931506289097716109	Sun, Jun 8, 2025	JUST IN: Federal government moving to take over control of California National Guard and deploy upwards of 2,000 troops, according to Gov. Newsom.	https://x.com/newsnoteworthy/status/1931506289097716109	1,280	8	17	0	0	0	0	2	0	7	0	0	0	4.54%
1970264836966678992	Mon, Sep 22, 2025	Footage from Copenhagen Airport (CPH) in Denmark appears to show at least one drone flying at a low altitude over the airport. https://t.co/4184g1SRp6	https://x.com/newsnoteworthy/status/1970264836966678992	1,278	6	58	1	0	0	1	2	10	35	1	0	0	9.78%
1974268050003095694	Sat, Oct 4, 2025	BREAKING: Around 4 PM PDT a car crashed into the steps of Los Angeles City Hall. A bystander leaving City Hall shared this photo of the vehicle and described the driver as elderly The writing on the signs reads: “I NEED UR HELP, D. TRUMP U.S. VET” “DON’T WANT TO HURT NOBODY” https://t.co/eyqV2gE9td	https://x.com/newsnoteworthy/status/1974268050003095694	1,278	12	125	2	1	0	5	5	2	28	0	0	0	1.02%
1912949559195783234	Thu, Apr 17, 2025	FSU: University campus is SECURED. The threat has been neutralized. Busing is being provided to assist students in teaching the reunification point. At this time, avoid the Student Union, Bellamy, HCB Classroom Building, Rovetta A&amp;B, Moore Auditorium, Shaw, Pepper, Hecht House	https://x.com/newsnoteworthy/status/1912949559195783234	1,274	7	13	0	0	0	0	1	3	2	0	0	0	4.33%
1953962395149250641	Fri, Aug 8, 2025	BREAKING: The police officer who was shot responding to an active shooter incident at Emory University in Atlanta, Georgia has died. — CNN https://t.co/yRzWQMO7wD	https://x.com/newsnoteworthy/status/1953962395149250641	1,270	14	55	0	3	0	1	3	3	7	0	0	0	6.70%
1934698811684766037	Mon, Jun 16, 2025	Twelve people were shot, one fatally, following a mass shooting incident at a home in Elkhart, Indiana on Father’s Day. No arrests have been made. — ABC7 https://t.co/5NM0oubSTt	https://x.com/newsnoteworthy/status/1934698811684766037	1,269	8	85	1	3	0	1	3	9	40	0	0	0	8.37%
1931178350837457102	Sat, Jun 7, 2025	WATCH: Federal law enforcement in riot gear push protestors away from federal property in Los Angeles as protests against ICE raids rage on in the city. Less-lethal munitions were used to disperse the crowd; at least one detained. 🎥: @AnthonyCabassa_ https://t.co/QEzQJIzwI4	https://x.com/newsnoteworthy/status/1931178350837457102	1,267	10	106	3	1	0	0	7	7	39	0	0	0	3.09%
1912218878739968437	Tue, Apr 15, 2025	BREAKING: Police are reportedly urging parents to pick up their children from the stadium following a reported shooting at Wilmer-Hutchins High School. https://t.co/ltTbtjl1c1 https://t.co/4O3LVgpZo6	https://x.com/newsnoteworthy/status/1912218878739968437	1,264	9	39	0	0	0	0	2	2	4	5	0	0	1.58%
1946829256568262886	Sun, Jul 20, 2025	@Turbinetraveler I made a visual aid too 👍 https://t.co/FlwkdMPPGK	https://x.com/newsnoteworthy/status/1946829256568262886	1,263	12	20	4	0	1	0	1	3	0	3	0	0	2.46%
1970827954570826106	Wed, Sep 24, 2025	Multiple critical patients reported amid active shooter/sniper incident at an ICE facility in Dallas, Texas. — EMS scanner	https://x.com/newsnoteworthy/status/1970827954570826106	1,258	9	31	1	1	0	3	3	4	12	0	0	0	1.51%
1950296403051500002	Tue, Jul 29, 2025	Update: Gunman in custody after shooting at least one person in what LAFD calls an ‘attack’ at Granada Hills, California daycare. One person transported with gunshot wounds.	https://x.com/newsnoteworthy/status/1950296403051500002	1,256	5	19	0	3	0	0	3	2	9	0	0	0	3.99%
1924270002674299228	Mon, May 19, 2025	BREAKING: Multiple pedestrians, including a 5 year old girl, have been struck by a train in Fremont, Ohio. Police have declared a mass casualty incident. The scene remains active as they search for victims in the water. https://t.co/sgLYy95w3Q	https://x.com/newsnoteworthy/status/1924270002674299228	1,254	8	50	0	0	0	0	3	7	5	0	0	0	6.46%
1912220733725610244	Tue, Apr 15, 2025	Unconfirmed images show law enforcement searching for an active shooter at Wilmer Hutchins High School. https://t.co/0Xht4CIHl5	https://x.com/newsnoteworthy/status/1912220733725610244	1,238	15	80	0	2	0	0	4	6	13	0	0	0	1.21%
1950410278455173545	Wed, Jul 30, 2025	@sanandreafault No way you’re jealous of the 8.8 👀	https://x.com/newsnoteworthy/status/1950410278455173545	1,238	4	15	1	0	0	1	1	3	6	0	0	0	5.44%
1968447172631736829	Wed, Sep 17, 2025	NEW: Nexstar Media Group, the largest television station owner in the United States, has indefinitely preempted Jimmy Kimmel’s “Jimmy Kimmel Live!” after his commentary on the killing of Charlie Kirk. https://t.co/BoRS8hhmZX	https://x.com/newsnoteworthy/status/1968447172631736829	1,232	13	67	0	2	0	1	1	3	24	0	0	0	2.04%
1933592834323423569	Fri, Jun 13, 2025	NEW: Iran fired approximately 100 missiles at Israel, with roughly 5-7 managing to get through the layered defense system; however, minimal to no casualties have been reported, according to regional sources who spoke to Jennifer Griffin of FOX. תל אביב #Tehran	https://x.com/newsnoteworthy/status/1933592834323423569	1,228	4	25	0	0	0	1	2	5	11	0	2	0	16.90%
1957645864182104287	Tue, Aug 19, 2025	The two slain officers from the Tremonton Garland Police Department in Utah have been identified as Sergeant Lee Sorensen (L) and Officer Eric Estrada (R). Both officers were fatally shot by a high-powered rifle whilst responding to a domestic violence call in the city. In https://t.co/ztrhW1moru	https://x.com/newsnoteworthy/status/1957645864182104287	1,225	16	207	1	2	0	1	5	3	20	0	0	0	9.24%
1934045522781782281	Sun, Jun 15, 2025	BREAKING: 3 drones targeted a United States military base in Iraq; all drones were intercepted, according to AP. https://t.co/holGqjR8cV	https://x.com/newsnoteworthy/status/1934045522781782281	1,223	12	113	0	9	0	4	2	5	57	0	0	0	5.57%
1926694722489237622	Sun, May 25, 2025	WATCH: 160th SOAR Night Stalkers fly around the Indy 500 track. Listen to the crowd get hyped! #indy500 #flyover #nightstalkers https://t.co/y8Jinpv236	https://x.com/newsnoteworthy/status/1926694722489237622	1,221	8	68	0	12	1	0	3	9	25	0	6	0	4.87%
1906040102905671832	Sat, Mar 29, 2025	JUST IN: Reports coming in of a plane crash in Brooklyn Park, Minnesota. Casualties and other information is not known at this time.	https://x.com/newsnoteworthy/status/1906040102905671832	1,211	10	59	0	1	0	2	4	10	32	0	0	0	3.81%
1951791830926028896	Sat, Aug 2, 2025	Update: Police confirm no active shooter incident at the Valdosta Mall; 3 people have been arrested as a result of this incident. Still unknown if any shots were fired. — WALB	https://x.com/newsnoteworthy/status/1951791830926028896	1,208	15	46	0	1	0	2	8	4	17	0	0	0	2.49%
1953948325436330339	Fri, Aug 8, 2025	BREAKING: Gunman dead after opening fire near Emory University and CDC Headquarters in Atlanta, Georgia; one police officer is in unknown condition after being shot in the incident. — FOX5 Atlanta Shelter in place lifted on campus. https://t.co/6LJac6WjPD	https://x.com/newsnoteworthy/status/1953948325436330339	1,203	9	30	0	0	0	2	4	4	6	0	0	0	2.58%
1977190159885258793	Sun, Oct 12, 2025	UPDATE: 3 people shot, 1 killed in shooting at Alcorn State University in Mississippi. — WAPT	https://x.com/newsnoteworthy/status/1977190159885258793	1,203	13	31	0	2	0	1	5	4	8	0	0	0	6.07%
1942707969164009479	Tue, Jul 8, 2025	Flash flood emergency declared in Ruidoso, New Mexico as the Rio Ruidoso River reaches “major flood stage.” Residents are urged to seek higher ground immediately. 📷 USGS https://t.co/Ozn6ag03gz	https://x.com/newsnoteworthy/status/1942707969164009479	1,202	15	73	0	0	0	0	4	3	12	0	0	0	1.08%
1966983449182667152	Sat, Sep 13, 2025	Fear of an active shooter at the West County Mall in Des Peres, Missouri unfounded, were sparked by a “disturbance between individuals,” local law enforcement says.	https://x.com/newsnoteworthy/status/1966983449182667152	1,201	5	13	0	0	0	0	3	0	5	0	0	0	0.75%
1972165334619893930	Sun, Sep 28, 2025	UPDATE: Three people killed, eight injured after person opens fire at Southport Yacht Basin in Southport, North Carolina. A person of interest is being questioned. — StarNews Online	https://x.com/newsnoteworthy/status/1972165334619893930	1,196	6	9	0	0	0	0	2	0	1	0	0	0	1.59%
1972526297319628833	Mon, Sep 29, 2025	A security officer was fatally shot during a multi-victim shooting at “The Hideout” residential community in Lake Ariel, Pennsylvania. Two others were injured and a suspect is in custody, state police say.	https://x.com/newsnoteworthy/status/1972526297319628833	1,195	6	19	0	0	0	1	5	1	6	0	0	0	3.19%
1911553634623431085	Sun, Apr 13, 2025	PGA: Rory McIlroy and Justin Rose are headed to a playoff to determine the winner of this year’s Masters Tournament.	https://x.com/newsnoteworthy/status/1911553634623431085	1,193	5	38	0	0	0	0	1	10	22	0	0	0	6.42%
1915890291112055237	Fri, Apr 25, 2025	UPDATE: St. Pete-Clearwater International Airport (PIE) will remain closed until 10pm following a reported bomb threat, according to the FAA. One airplane has been evacuated. https://t.co/SKLaA8Hn2x	https://x.com/newsnoteworthy/status/1915890291112055237	1,183	36	76	1	7	0	0	3	15	16	0	0	0	2.12%
1944818228586270908	Mon, Jul 14, 2025	NEW: The U.S. Department of Defense has awarded a contract to Elon Musk’s xAI to bring its Grok AI system into government use. The deal is worth up to $200 million and places Grok alongside systems from OpenAI, Google, and Anthropic. https://t.co/JCmoeM9DDu	https://x.com/newsnoteworthy/status/1944818228586270908	1,180	9	25	2	0	0	4	4	6	2	0	0	0	4.09%
1933880512898019786	Sat, Jun 14, 2025	BREAKING: Minnesota State Senator John Hoffman and Rep. Melissa Hortman were reportedly shot in their homes by an individual posing as a police officer. Their conditions are unknown. A shelter in place remains active. This is a developing story, so come back for updates. https://t.co/ek00kcklG2	https://x.com/newsnoteworthy/status/1933880512898019786	1,175	7	48	0	0	0	1	5	4	21	0	0	0	4.34%
1937977742416306491	Wed, Jun 25, 2025	@rawsalerts https://t.co/k4yqPGG94J	https://x.com/newsnoteworthy/status/1937977742416306491	1,175	7	51	0	2	0	1	2	1	5	0	0	0	5.72%
1947153646057058700	Mon, Jul 21, 2025	Alaska Airlines and its wholly owned regional airline, Horizon Air, have requested the FAA implement a ground stop until at least 1:15 am EST for all of its aircraft due to a supposed company-wide IT issue. https://t.co/3tDppIvJ7Z	https://x.com/newsnoteworthy/status/1947153646057058700	1,172	9	67	0	0	0	0	6	9	0	0	0	0	2.90%
1976728384605507585	Fri, Oct 10, 2025	UPDATE: All clear status given at Cannon AFB in New Mexico. https://t.co/HLbLpfTbpX	https://x.com/newsnoteworthy/status/1976728384605507585	1,172	15	34	0	0	0	0	4	1	6	0	0	0	0.00%
1934630476930572537	Mon, Jun 16, 2025	@TheInsiderPaper 🤯	https://x.com/newsnoteworthy/status/1934630476930572537	1,160	0	0	1	0	0	0	0	0	0	0	0	0	1.74%
1938770182958158059	Sat, Jun 28, 2025	Update: the fire at the Hulen Mall is under control, crews actively working on ventilation. Nothing further at this time. — Fort Worth Fire Department	https://x.com/newsnoteworthy/status/1938770182958158059	1,148	8	20	0	1	0	0	3	4	5	0	0	0	0.52%
1936833574113567156	Sun, Jun 22, 2025	@Yathatsbullsh_t No, we are not sure. Please use caution as this story is still developing. Thank you.	https://x.com/newsnoteworthy/status/1936833574113567156	1,148	2	6	0	0	0	0	0	4	0	0	0	0	7.35%
1979763500693250277	Sun, Oct 19, 2025	BREAKING: Vehicle rams into tent in Bladensburg, Maryland, at least eleven injured, according to officials. Suspect reported to have fled on foot. https://t.co/6tN1GoBawk	https://x.com/newsnoteworthy/status/1979763500693250277	1,143	13	84	0	0	0	1	6	6	31	1	0	0	5.95%
1923424254978109608	Fri, May 16, 2025	BREAKING: 11 inmates escaped a New Orleans prison earlier today; 10 remain on the run; 1 has been apprehended — FOX8 https://t.co/RhsnpGvyEn	https://x.com/newsnoteworthy/status/1923424254978109608	1,142	7	68	1	1	0	0	2	6	5	0	0	0	2.63%
1949605443019436096	Sun, Jul 27, 2025	A gunman clad in all black killed two of his neighbors with a long-barreled weapon in the Brindaban Forest subdivision of Okeechobee, Florida before responding deputies shot and killed him. Authorities believe he left explosive devices on scene; bomb squad assessing. — CBS12 https://t.co/dX0x4iySff	https://x.com/newsnoteworthy/status/1949605443019436096	1,142	15	30	0	1	2	0	6	2	3	1	0	0	4.31%
1950382421712461901	Wed, Jul 30, 2025	WATCH: People trapped, stranded in a vehicle as the first tsunami waves begin to arrive in eastern Russia. https://t.co/Y2NrVcfoSg	https://x.com/newsnoteworthy/status/1950382421712461901	1,138	13	49	2	1	0	0	3	6	20	3	0	0	6.18%
1949247813130551339	Sat, Jul 26, 2025	BREAKING: Confirmed photo of the suspect involved in the mass stabbing at the Walmart in Traverse City, Michigan. https://t.co/kJeACA2xwo	https://x.com/newsnoteworthy/status/1949247813130551339	1,133	6	70	0	1	0	0	2	2	0	0	0	0	2.33%
1965868498284163492	Wed, Sep 10, 2025	BREAKING: Hospital states that Charlie Kirk is hospitalized in critical condition. — Associated Press	https://x.com/newsnoteworthy/status/1965868498284163492	1,116	7	26	0	1	0	1	2	9	7	0	0	0	7.26%
1958263491954954270	Wed, Aug 20, 2025	Judge Frank Caprio, age 88, passed away earlier Wednesday. Caprio served on the Providence Municipal Court for almost 40 years, and was well-known for his compassion towards those in the courtroom. https://t.co/dnr4ppwMgK	https://x.com/newsnoteworthy/status/1958263491954954270	1,115	12	81	2	2	0	2	7	7	31	0	0	0	8.45%
1977178897394622867	Sun, Oct 12, 2025	JUST IN: Shooting reported in tailgate section of Jackson State University’s (Mississippi) football stadium; at least one child injured. Law enforcement is asking all attendees to clear the area immediately. — sheriff https://t.co/cZjMZ7bePS	https://x.com/newsnoteworthy/status/1977178897394622867	1,112	13	94	2	1	0	2	5	3	39	0	0	0	4.78%
1954933208706871636	Mon, Aug 11, 2025	BREAKING: Emergency crews are responding to the U.S. Steel Clairton Coke Works plant in Pennsylvania after a large explosion moments ago. Multiple injuries are confirmed, and the incident has been declared a mass casualty event. https://t.co/Pv2F8GGrwg	https://x.com/newsnoteworthy/status/1954933208706871636	1,109	16	53	0	0	0	4	4	7	20	0	0	0	3.88%
1973910137766138331	Fri, Oct 3, 2025	BREAKING: Munich Airport (MUC) in Germany closed due to confirmed sightings of several drones, according to a federal Police spokesperson. — BILD https://t.co/abWDRtph4Q	https://x.com/newsnoteworthy/status/1973910137766138331	1,107	9	43	1	4	0	0	3	9	15	0	0	0	1.54%
1974532948805198250	Sat, Oct 4, 2025	FOX Sports: “Mark Sanchez was injured in Indianapolis on Saturday and is currently recovering in the hospital in stable condition. We are deeply grateful to the medical team for their exceptional care and support. Our thoughts and prayers are with Mark, and we ask that everyone	https://x.com/newsnoteworthy/status/1974532948805198250	1,105	6	17	0	0	0	0	1	1	9	0	0	0	6.74%
1956910158539342060	Sun, Aug 17, 2025	BREAKING: Truck driver arrested on three counts of vehicular homicide is in the United States illegally. The charges stem from an incident early last week in which the driver of the semi-truck made an illegal U-Turn across several lanes of traffic on Florida’s Turnpike, causing https://t.co/0cHGvBdbu9	https://x.com/newsnoteworthy/status/1956910158539342060	1,098	10	74	0	2	0	2	5	1	44	0	0	0	3.28%
1950031748944806104	Tue, Jul 29, 2025	Didarul Islam has been identified as the NYPD officer shot and killed during today’s mass shooting in Manhattan. Islam, an immigrant from Bangladesh, was a father of two. His wife was pregnant with their third child, expected to arrive within the next month. Rest in peace. https://t.co/rvb1oWmDw5	https://x.com/newsnoteworthy/status/1950031748944806104	1,097	11	36	0	1	0	0	3	0	3	0	0	0	1.28%
1966901221849264224	Sat, Sep 13, 2025	BREAKING: Shelter-in-place orders issued for several places in northern Romania over possibility of Russian drones impacting Romanian territory. Romania is a NATO member. https://t.co/pxqEreSXXz	https://x.com/newsnoteworthy/status/1966901221849264224	1,094	4	14	1	0	0	0	1	1	5	0	0	0	4.03%
1965969587146732008	Thu, Sep 11, 2025	BREAKING: A gas tanker truck overturned and exploded on a highway in southeast Mexico City, killing at least three and injuring around 70 — Reuters https://t.co/u8nj9D7VfQ	https://x.com/newsnoteworthy/status/1965969587146732008	1,091	10	44	1	1	0	0	1	2	22	0	0	0	2.94%
1968755024214847709	Thu, Sep 18, 2025	BREAKING: Magnitude 7.8 earthquake strikes area of Petropavlovsk-Kamchatsky, Russia. — USGS https://t.co/5JedmNphK4	https://x.com/newsnoteworthy/status/1968755024214847709	1,088	6	32	0	0	0	2	1	2	7	0	0	0	3.68%
1976688095899562002	Fri, Oct 10, 2025	Video: Hollywood Rip Ride Rockit roller coaster tracks catch fire at Universal Studios Orlando; the ride has been permanently closed since August 18th of this year. https://t.co/ed0X9WYhQx	https://x.com/newsnoteworthy/status/1976688095899562002	1,087	7	40	0	8	0	1	2	2	24	0	0	0	2.31%
1945602354281083052	Wed, Jul 16, 2025	UPDATE: Tsunami warning for Alaska Peninsula downgraded to a tsunami advisory. — PTWC https://t.co/hgb3IggBqx	https://x.com/newsnoteworthy/status/1945602354281083052	1,083	6	25	1	0	0	0	1	0	1	1	0	0	0.09%
1933923116163453031	Sat, Jun 14, 2025	@AZ_Intel_ 👀	https://x.com/newsnoteworthy/status/1933923116163453031	1,078	1	1	0	0	0	0	0	0	0	0	0	0	1.68%
1929299150685733098	Sun, Jun 1, 2025	@rawsalerts Border lol	https://x.com/newsnoteworthy/status/1929299150685733098	1,074	7	18	1	0	0	2	0	2	7	0	0	0	2.52%
1953934467459924108	Fri, Aug 8, 2025	Atlanta Police Department confirms that they are assisting several agencies in response to an active shooter incident in the area of Emory University. https://t.co/fMYgzoPTNt	https://x.com/newsnoteworthy/status/1953934467459924108	1,072	6	27	1	1	0	0	2	1	8	0	0	0	0.93%
1944483408572510330	Sun, Jul 13, 2025	BREAKING: Police are responding to reports of an “active aggressor” at the @KyVenues Fairgrounds in Louisville.	https://x.com/newsnoteworthy/status/1944483408572510330	1,071	4	10	0	0	0	0	1	4	1	0	0	0	2.06%
1952903199834230854	Wed, Aug 6, 2025	Law enforcement has confirmed to local media that they are now investigating a hate crime in Clayton, Missouri after three cars were torched and ‘Death to IDF’ graffiti was found nearby. — FOX2 Clayton is a suburb of St. Louis.	https://x.com/newsnoteworthy/status/1952903199834230854	1,066	5	22	1	0	0	0	2	3	11	1	0	0	5.49%
1957325582594609170	Mon, Aug 18, 2025	BREAKING: 2 police officers in Tremonton, Utah killed during an active incident, Box Elder County deputy wounded. — KUTV Radio traffic from the incident can be heard in the post below. https://t.co/pmhoeDfAax	https://x.com/newsnoteworthy/status/1957325582594609170	1,057	5	58	0	0	0	0	3	2	22	0	0	0	4.88%
1934418211979632713	Mon, Jun 16, 2025	Several parts of Israel under red alert due to imminent threat of ballistic missiles launched from Iran. #TelAviv #Tehran https://t.co/G78Mn2UpJy	https://x.com/newsnoteworthy/status/1934418211979632713	1,046	4	51	0	0	0	1	1	2	13	0	1	0	3.65%
1940534530517225923	Wed, Jul 2, 2025	BREAKING: Plane carrying 13 people goes down in Williamstown, New Jersey; several injuries reported. Via @alertpage https://t.co/kzqfZ6s6UC	https://x.com/newsnoteworthy/status/1940534530517225923	1,040	6	38	0	0	0	0	3	5	4	0	0	0	1.16%
1950269538966155651	Tue, Jul 29, 2025	Heavy law enforcement response underway in Greenville, South Carolina following an incident during a SWAT training exercise in which two sheriff’s deputies were shot. — Cody Alcorn, 11Alive https://t.co/d12zqtC700	https://x.com/newsnoteworthy/status/1950269538966155651	1,036	5	12	0	0	0	1	3	1	1	0	0	0	7.07%
1913025643995898019	Fri, Apr 18, 2025	WATCH: Tornado visible north of Eppley Airfield in Omaha, Nebraska. https://t.co/AOUNB1sIJ8	https://x.com/newsnoteworthy/status/1913025643995898019	1,033	10	73	1	2	0	0	2	11	35	0	0	0	3.29%
1927216541394731182	Tue, May 27, 2025	At least two people were killed whilst 8 others were injured following a shooting incident at Fairmount Park in Philadelphia, Pennsylvania - ABC 6 https://t.co/BeKp00DWYQ	https://x.com/newsnoteworthy/status/1927216541394731182	1,033	6	34	0	1	0	0	1	3	11	0	0	0	2.33%
1974208411769225353	Fri, Oct 3, 2025	BREAKING: Multiple fatalities reported during shooting incident in Les Moulins neighborhood of Nice, France, according to Nice mayoral candidate Eric Ciotti. https://t.co/szzYCQfN85	https://x.com/newsnoteworthy/status/1974208411769225353	1,032	8	24	0	0	0	0	1	7	7	0	0	0	1.46%
1973978476039594377	Fri, Oct 3, 2025	NOW: Large fire at Chevron refinery in El Segundo, California. https://t.co/3OIKEJHS8F	https://x.com/newsnoteworthy/status/1973978476039594377	1,029	6	15	1	1	0	0	1	1	7	0	0	0	2.04%
1949286862343798967	Sun, Jul 27, 2025	WATCH: Armed citizen confronts knife-wielding man after he stabbed several people at a Walmart in Traverse City, Michigan. https://t.co/KFj5lMLZpQ	https://x.com/newsnoteworthy/status/1949286862343798967	1,029	10	21	1	0	0	0	4	2	2	0	0	0	6.44%
1934545770343956568	Mon, Jun 16, 2025	Five people were shot at the Caribbean American Society in Hartford, Connecticut in a Father’s Day mass-shooting. — WFSB https://t.co/8ZNZpR5ZOb	https://x.com/newsnoteworthy/status/1934545770343956568	1,025	8	66	1	1	0	0	3	6	41	0	0	0	3.34%
1953838351754121599	Fri, Aug 8, 2025	NEW: Video from Royal Caribbean’s Icon of the Seas shows passengers yelling “stop the ride” after a glass panel shattered on a water slide, injuring one guest. Passengers successfully prevented another person from going down the slide. https://t.co/361FXurADw	https://x.com/newsnoteworthy/status/1953838351754121599	1,018	7	34	1	1	0	0	2	0	24	0	0	0	2.85%
1927489721963270560	Tue, May 27, 2025	UPDATE: The mayor’s office confirms that 4 people were shot. The shooter is believed to be on the run, with local law enforcement closing nearby roads and beginning a wide search of the area.	https://x.com/newsnoteworthy/status/1927489721963270560	1,017	10	29	0	0	0	1	7	3	8	0	0	0	7.19%
1974266422973849946	Sat, Oct 4, 2025	BREAKING: Sheriff’s deputies are evacuating Gloria Molina Park outside Los Angeles City Hall after a black car crashed into the building’s steps. The area is being roped off for what officials are calling a bomb threat. https://t.co/8sDvW7Kb1C	https://x.com/newsnoteworthy/status/1974266422973849946	1,016	11	73	2	3	0	2	6	7	46	0	0	0	5.44%
1953172495722529058	Wed, Aug 6, 2025	Shooter at Fort Stewart military installation in Georgia identified by law enforcement as Quornelius Radford. — NBC https://t.co/PYTy4MrjqA	https://x.com/newsnoteworthy/status/1953172495722529058	1,011	4	55	1	1	0	0	1	1	18	2	0	0	9.90%
1908756260637245484	Sun, Apr 6, 2025	Footage shows law enforcement arriving on scene following a report of shots fired and a large fight in Virginia Beach, VA earlier tonight. There is no active threat to the public at this time. 🎥 Kevin Cropp on FB https://t.co/nJuLCQRA3P	https://x.com/newsnoteworthy/status/1908756260637245484	990	11	98	3	5	1	0	3	17	44	0	0	0	5.57%
1906041760117084303	Sat, Mar 29, 2025	UPDATE: Minnesota DOT cameras show smoke billowing near the site of a plane crash in Brooklyn Park, Minnesota. The size of the plane and any casualties remains unknown. https://t.co/YCWTsjbxys	https://x.com/newsnoteworthy/status/1906041760117084303	988	5	55	0	3	0	0	3	6	33	0	0	0	2.23%
1939452084614566133	Sun, Jun 29, 2025	“SHELTER IN PLACE” issued for Canfield Mt. area of Coeur d'Alene, Idaho.	https://x.com/newsnoteworthy/status/1939452084614566133	987	8	22	0	1	0	0	1	4	9	0	0	0	4.27%
1915886514619515337	Fri, Apr 25, 2025	Sara Seay is on the ground posting videos of the situation unfolding. Thank you for sharing this! Hopefully everyone is safe.	https://x.com/newsnoteworthy/status/1915886514619515337	983	10	42	0	2	0	0	1	3	28	0	0	0	2.55%
1953125026061787574	Wed, Aug 6, 2025	Officials confirm active shooter incident at Fort Stewart Hunter Army Airfield, the base states that there are multiple casualty being reported. https://t.co/cb4GL0J9nJ	https://x.com/newsnoteworthy/status/1953125026061787574	982	6	25	0	2	0	0	4	1	4	0	0	0	1.84%
1944131780325331000	Sat, Jul 12, 2025	BREAKING: Shooting at Tyner Community Center in Chattanooga, Tennessee; multiple victims reported. - Local 3	https://x.com/newsnoteworthy/status/1944131780325331000	980	7	18	0	0	0	1	2	8	0	0	0	0	1.74%
1965976633032212886	Thu, Sep 11, 2025	NEW: MSNBC has fired political analyst Matthew Dowd over the comments he made following the assassination of Charlie Kirk.	https://x.com/newsnoteworthy/status/1965976633032212886	978	4	17	1	0	0	2	4	0	7	0	0	0	2.86%
1943783269566206147	Fri, Jul 11, 2025	NOW: Pennsylvania is facing a statewide 911 outage. Residents unable to reach 911 should immediately call the local 911 center’s non-emergency line. https://t.co/ZG53ktR3o5	https://x.com/newsnoteworthy/status/1943783269566206147	978	6	28	0	1	0	0	3	1	1	0	0	0	5.02%
1941321482631774339	Sat, Jul 5, 2025	WATCH: Fireworks display explodes in Sanford, Florida after lightning strike triggers accidental detonation. 📸 Joshua Phipps https://t.co/OsGDbG1RIl	https://x.com/newsnoteworthy/status/1941321482631774339	976	8	49	1	2	0	0	3	1	18	0	0	0	4.93%
1940523850527396268	Wed, Jul 2, 2025	WATCH: Fireworks display explodes at the New Seabury golf course in Mashpee, Massachusetts; several injuries reported. https://t.co/VLxOvyAboh	https://x.com/newsnoteworthy/status/1940523850527396268	974	6	48	0	2	0	0	2	2	26	0	0	0	3.83%
1926821586922803581	Mon, May 26, 2025	UPDATE: A disruptive individual is being treated. Someone on the scanner said that a group on motorcycles fled the scene. The person initially detained was not the shooter, just a kid causing a disturbance. The actual shooter was last seen running on foot out of the scene.	https://x.com/newsnoteworthy/status/1926821586922803581	965	13	37	1	2	0	0	1	3	20	0	0	0	1.14%
1939470311390425237	Sun, Jun 29, 2025	@beholdisrael 👀	https://x.com/newsnoteworthy/status/1939470311390425237	962	4	11	0	0	0	0	0	5	2	0	0	0	2.18%
1928101835262329119	Thu, May 29, 2025	@Turbinetraveler Isn’t every landing technically a controlled crash?	https://x.com/newsnoteworthy/status/1928101835262329119	962	6	21	0	0	0	2	0	0	13	0	0	0	3.95%
1970939314675843102	Wed, Sep 24, 2025	BREAKING: Former FBI Director James Comey is expected to be indicted in the coming days, according to several MSNBC sources. The charges are unclear, but at least one charge may accuse him of lying to Congress during his September 30, 2020 testimony. https://t.co/ssQG9oPHQz	https://x.com/newsnoteworthy/status/1970939314675843102	962	8	38	0	0	0	0	3	1	14	0	0	0	6.03%
1924195405933240469	Sun, May 18, 2025	BREAKING: Former President Joe Biden diagnosed with prostate cancer. https://t.co/j5qM7LC29H	https://x.com/newsnoteworthy/status/1924195405933240469	962	8	58	1	1	0	1	3	10	11	0	0	0	5.53%
1933650979867566286	Fri, Jun 13, 2025	WATCH: Direct impact in central Tel Aviv, Israel near the HaKirya, Israel’s central military establishment. #Iran https://t.co/Hmfd2ekqCh	https://x.com/newsnoteworthy/status/1933650979867566286	959	4	53	0	1	0	1	2	3	19	0	0	0	2.71%
1950296224067916079	Tue, Jul 29, 2025	BREAKING: New York City is facing record-breaking heat as temperatures at LaGuardia Airport hit 100°F, surpassing the previous high of 97°F set in 1949. It could get even hotter later this afternoon. Please hydrate! https://t.co/0aBojaLNxV	https://x.com/newsnoteworthy/status/1950296224067916079	959	4	26	0	1	0	0	1	0	2	0	0	0	7.54%
1936572840171680028	Sat, Jun 21, 2025	BREAKING: United States has completed a “very successful attack” on the Fordow, Natanz, and Esfahan nuclear sites inside of Iran. All U.S. planes involved are now on their way home. #Israel #TelAviv #Tehran https://t.co/lKlRMEC0R9	https://x.com/newsnoteworthy/status/1936572840171680028	955	6	72	1	2	1	2	3	6	26	0	0	0	6.70%
1951376897792774568	Fri, Aug 1, 2025	Suspect in mass shooting at Owl Bar in Anaconda, Montana identified as 45-year-old Michael Brown; multiple people killed, Brown remains on the run. — NBC https://t.co/HrF0Yw7wVn	https://x.com/newsnoteworthy/status/1951376897792774568	955	19	64	0	3	0	2	4	1	27	0	0	0	3.56%
1950381134484824432	Wed, Jul 30, 2025	President Trump on tsunami threat for portions of the United States: “STAY STRONG AND STAY SAFE!” https://t.co/5SCxuIzpSE	https://x.com/newsnoteworthy/status/1950381134484824432	954	8	34	0	3	0	0	2	0	3	1	0	0	2.94%
1940291723168514334	Wed, Jul 2, 2025	Preliminary information suggests that a military helicopter crashed at the Aden Adde International Airport in Mogadishu, Somalia, with heavy damage expected in the vicinity of the crash, according to Somalia based SBC TV. Local journalists claim that the helicopter was	https://x.com/newsnoteworthy/status/1940291723168514334	953	4	28	0	0	0	0	2	4	18	0	0	0	3.67%
1949532739499360566	Sun, Jul 27, 2025	BREAKING: Suspect in Traverse City, Michigan stabbing spree at Walmart, Bradford James Gilley, charged with terrorism. https://t.co/H4PYJOBGvB	https://x.com/newsnoteworthy/status/1949532739499360566	953	6	35	2	1	0	0	4	3	1	0	0	0	2.42%
1971345359848050861	Thu, Sep 25, 2025	BREAKING: Former FBI Director James Comey has been indicted on one count of making false statements and on one count of obstruction of justice. — ABC	https://x.com/newsnoteworthy/status/1971345359848050861	951	7	23	1	0	0	0	2	0	14	0	0	0	9.41%
1949975333853131109	Mon, Jul 28, 2025	Full list of building occupants: https://t.co/AiDNRZHYku	https://x.com/newsnoteworthy/status/1949975333853131109	946	9	89	0	1	0	0	1	0	0	1	0	0	1.28%
1933605912251445389	Fri, Jun 13, 2025	@TreyYingst Amazing job so far, stay safe!!	https://x.com/newsnoteworthy/status/1933605912251445389	941	5	12	0	0	0	0	0	3	4	0	0	0	1.81%
1949973148721410486	Mon, Jul 28, 2025	UPDATE: Building security in Manhattan has suspected gunman on camera with a self-inflicted gunshot, unsure if there are other shooters. — NYPD Scanner	https://x.com/newsnoteworthy/status/1949973148721410486	941	8	17	0	1	0	0	4	4	1	0	0	0	2.66%
1973245124206633452	Wed, Oct 1, 2025	UPDATE: At least 1 person hospitalized, no suspect or suspects in custody following the exchange of gunfire between several individuals at the Ross Park Mall in Ross Township, Pennsylvania. — WTAE4	https://x.com/newsnoteworthy/status/1973245124206633452	940	12	25	1	0	0	0	4	2	7	0	0	0	3.73%
1923127074224537648	Thu, May 15, 2025	BREAKING: Shots fired on the 4th floor of the Zeidler Municipal Building in Milwaukee. City Hall and Zeidler are under lockdown. There is a massive police presence. No confirmed injuries at this time. @WISN12News https://t.co/Tx3osU2QQF	https://x.com/newsnoteworthy/status/1923127074224537648	939	5	35	0	1	0	0	2	8	6	0	0	0	2.13%
1935092118671982977	Tue, Jun 17, 2025	Update: Homeland Security Secretary Kristi Noem suffered an allergic reaction earlier today, and she was taken to the hospital out of an abundance of caution. Officials say she is alert and recovering, according to NewsNation citing a DHS official.	https://x.com/newsnoteworthy/status/1935092118671982977	938	5	20	0	0	0	1	3	2	9	0	0	0	4.38%
1976485106320859266	Fri, Oct 10, 2025	WATCH: Intense shaking, significant damage at a building in Visayas, Philippines during major earthquake. lindol https://t.co/CMq8ZKKeVm	https://x.com/newsnoteworthy/status/1976485106320859266	937	13	41	2	1	0	1	6	7	11	0	0	0	2.67%
1933717424098193476	Sat, Jun 14, 2025	BREAKING: Direct impact in Rishon LeZion, Israel following preceding wave of Iranian missiles; reports of several injuries. #Tehran #Iran https://t.co/3x6YoB3BvF	https://x.com/newsnoteworthy/status/1933717424098193476	937	4	25	0	1	0	1	1	3	12	0	2	0	3.10%
1936541530774183964	Sat, Jun 21, 2025	BREAKING: At least ten injured after a boat believed to be carrying 400 passengers crashes into a dock in Manhattan. Footage via @ScooterCasterNY https://t.co/KJevqUHvc4	https://x.com/newsnoteworthy/status/1936541530774183964	935	6	29	0	0	0	1	1	2	14	0	0	0	5.69%
1959460619351933023	Sun, Aug 24, 2025	Tampa Bay Buccaneers player Shilo Sanders was ejected from a preseason game against the Buffalo Bills after punching Bills TE Zach Davidson. It remains undecided whether or not Shilo, the son of Deion Sanders, will earn a spot on the Tampa Bay roster. https://t.co/2ezNxAMumg	https://x.com/newsnoteworthy/status/1959460619351933023	931	4	53	0	1	0	0	1	4	44	0	0	0	2.04%
1933314193429823785	Fri, Jun 13, 2025	BREAKING: Israel Defense Minister Israel Katz announces an imminent attack from Iran.	https://x.com/newsnoteworthy/status/1933314193429823785	931	6	19	0	0	0	0	3	4	6	0	0	0	3.67%
1933665705859428761	Fri, Jun 13, 2025	VIDEO: The HaKirya in Israel, housing the Israeli Ministry of Defense, has been impacted during Iran’s recent missile barrage on Tel Aviv, Israel. Media via Fox News https://t.co/PI5Y6IuS7Q	https://x.com/newsnoteworthy/status/1933665705859428761	926	3	34	0	0	0	0	0	2	10	0	0	0	6.62%
1927530954647642156	Wed, May 28, 2025	BREAKING: Stanislaus State University in California is on lockdown after a report of a possible threat, per Turlock Police. Scanner traffic indicates officers are actively clearing buildings, and the FBI has asked if they are needed on scene. There is a helicopter circling the https://t.co/3ngnKsVTC1	https://x.com/newsnoteworthy/status/1927530954647642156	922	9	61	0	1	0	1	1	7	19	0	0	0	1.85%
1911831045688774860	Mon, Apr 14, 2025	BREAKING: Magnitude 6.0 Earthquake strikes San Diego, California region.	https://x.com/newsnoteworthy/status/1911831045688774860	919	5	17	0	0	0	0	1	2	9	0	0	0	0.54%
1949982868521750687	Mon, Jul 28, 2025	BREAKING: Scene contained, lone shooter “neutralized” after shooting at Manhattan office building. — NYPD	https://x.com/newsnoteworthy/status/1949982868521750687	919	3	5	0	0	0	0	0	1	1	0	0	0	5.12%
1976466429341041051	Fri, Oct 10, 2025	JUST IN — 7.7 magnitude earthquake recorded in Philippine Islands region. — GlobalQuake preliminary report https://t.co/OJ7pxNq0Wo	https://x.com/newsnoteworthy/status/1976466429341041051	918	9	47	2	1	0	2	6	2	11	0	0	0	1.31%
1965852149524672705	Wed, Sep 10, 2025	Statement from Utah Valley University: “A single shot was fired on campus toward a visiting speaker. Police are investigating now, suspect in custody.”	https://x.com/newsnoteworthy/status/1965852149524672705	913	5	12	0	0	0	0	2	2	3	0	0	0	4.83%
1926521040978546899	Sun, May 25, 2025	BREAKING: Reports of multiple victims following barrage of heavy gunfire near Potter Drive in Colorado Springs. https://t.co/IcU97r2Zf8	https://x.com/newsnoteworthy/status/1926521040978546899	911	9	44	1	0	0	1	1	2	15	0	0	0	3.58%
1977132315790000470	Sat, Oct 11, 2025	At least five patients transported to area hospitals following Huntington Beach, CA helicopter crash, per PulsePoint app. https://t.co/taa5MveetN	https://x.com/newsnoteworthy/status/1977132315790000470	893	6	32	0	0	1	0	5	2	9	0	0	0	2.13%
1933330746325733416	Fri, Jun 13, 2025	**DEVELOPING SITUATION: As of 9:00pm in Washington, D.C. and 4:00am in Israel, Israel has launched preemptive strikes on Iran against its nuclear facilities and capabilities. Several structures were seen burning in the Iranian capital of Tehran and at locations around the	https://x.com/newsnoteworthy/status/1933330746325733416	892	3	19	0	1	0	0	1	5	10	0	0	0	6.06%
1932626744135024666	Wed, Jun 11, 2025	BREAKING: Unlawful assembly declared in Denver, Colorado as demonstrations against immigration enforcement continue to spread in major cities nationwide. https://t.co/C5wC32Lec7	https://x.com/newsnoteworthy/status/1932626744135024666	891	12	54	1	1	0	0	3	6	20	0	0	0	4.96%
1946784389666419127	Sun, Jul 20, 2025	Emerging: Multiple people reportedly shot on Highview Dr. in Cleveland, Ohio; cops requesting additional units, are currently “outnumbered.” — scanner traffic	https://x.com/newsnoteworthy/status/1946784389666419127	887	10	44	1	0	0	3	5	19	7	0	0	0	2.26%
1946631811079057543	Sat, Jul 19, 2025	At least 34 dead after a tourist boat capsized during a thunderstorm in Halong Bay, Vietnam. The vessel was carrying 53 people, including over 20 children. CNN reports that a 14 year old survivor was found alive after spending four hours trapped inside the sunken cabin. https://t.co/HLlvDHCMWS	https://x.com/newsnoteworthy/status/1946631811079057543	884	10	20	0	0	0	2	2	3	0	0	0	0	3.62%
1916198206813425903	Sat, Apr 26, 2025	Developing: Heavy police presence seen in Champs-Élysées, Paris following reports of a shooting incident; no word on casualties or suspects. https://t.co/X0tihSl9Zd	https://x.com/newsnoteworthy/status/1916198206813425903	884	5	32	1	0	0	0	1	8	12	0	0	0	0.57%
1938359631639629995	Thu, Jun 26, 2025	@AZ_Intel_ Glad the worker is recovering ❤️‍🩹 Great reporting as always!	https://x.com/newsnoteworthy/status/1938359631639629995	876	1	5	0	0	0	0	0	3	1	0	0	0	12.01%
1943130330287768037	Thu, Jul 10, 2025	WATCH: Doorbell security camera captures arrest of Zion Ephraim Jessiah Skepple in Orlando, FL, accused of waving a gun around in front of several people on July 4th. The Orlando Police Department has faced immense backlash on social media following the release of this video, https://t.co/xtFMJkJorm	https://x.com/newsnoteworthy/status/1943130330287768037	874	18	105	2	1	1	3	1	6	61	0	0	0	6.19%
1933628815051259920	Fri, Jun 13, 2025	A dog has been rescued from the rubble in Tel Aviv, Israel following an Iranian missile impact. #Iran https://t.co/8fryeVgVal	https://x.com/newsnoteworthy/status/1933628815051259920	872	8	54	0	0	0	1	4	7	19	0	0	0	1.61%
1952469580414386569	Mon, Aug 4, 2025	Update: Ground stop lifted at Chicago O’Hare International Airport (ORD), operations have resumed.	https://x.com/newsnoteworthy/status/1952469580414386569	868	4	14	0	1	0	0	0	3	7	0	0	0	5.79%
1973599129705300343	Thu, Oct 2, 2025	WATCH: Footage from inside the eye of Hurricane Imelda as it passes over Bermuda right now. #HurricaneImelda #Bermuda #HuracánImelda https://t.co/D0qDGyhkuY	https://x.com/newsnoteworthy/status/1973599129705300343	863	16	50	1	0	0	0	2	7	13	0	9	0	18.54%
1936608117267304850	Sun, Jun 22, 2025	NOW: The White House has released images of President Trump alongside his national intelligence team in the Situation Room today, June 21, 2025. https://t.co/qWzOOSRAaW	https://x.com/newsnoteworthy/status/1936608117267304850	863	10	160	2	10	0	0	3	4	22	1	0	0	4.17%
1912914921307722098	Thu, Apr 17, 2025	Video shows students hiding under desks as police knock on doors and clear classrooms following an active shooter situation. https://t.co/uJnRPuXfNw	https://x.com/newsnoteworthy/status/1912914921307722098	863	9	36	2	2	0	0	2	0	7	0	0	0	8.47%
1934419858504262088	Mon, Jun 16, 2025	BREAKING: Multiple impacts recorded in Tel Aviv, Israel amid major Iranian missile launch. #Iran #Haifa #Tehran https://t.co/EKQ2rVMf3r	https://x.com/newsnoteworthy/status/1934419858504262088	862	6	73	2	3	0	1	3	8	27	1	0	0	11.86%
1960390454182088926	Tue, Aug 26, 2025	BREAKING: Taylor Swift and Travis Kelce have announced their engagement. #TaylorSwift #traviskelce #proposal https://t.co/VEGduL6GDC	https://x.com/newsnoteworthy/status/1960390454182088926	860	9	102	0	0	0	0	4	5	24	0	5	0	9.31%
1933642918067327218	Fri, Jun 13, 2025	WATCH: Egyptians engaged in fights with members of a pro-Palestinian group that are trying to reach Gaza. #Egypt #Israel https://t.co/pWWsOBI5QI	https://x.com/newsnoteworthy/status/1933642918067327218	859	14	80	0	0	0	1	5	7	13	0	1	0	1.29%
1933662160975991133	Fri, Jun 13, 2025	BREAKING: Confirmed impact at the HaKirya in Tel Aviv, Israel, according to Fox News’ Trey Yingst. The HaKirya houses the Israeli Ministry of Defense. #Iran #IsraeliranWar	https://x.com/newsnoteworthy/status/1933662160975991133	850	3	11	0	0	0	0	2	1	5	0	0	0	4.47%
1909788443103682990	Wed, Apr 9, 2025	NOW: M4.8 earthquake hits near Taiwan at 10:53 JST, depth 50km, intensity 2. https://t.co/0WBSjonNfM	https://x.com/newsnoteworthy/status/1909788443103682990	850	10	38	0	0	0	0	5	6	13	0	0	0	1.18%
1972353789320708261	Sun, Sep 28, 2025	Grand Blanc: Emergency personnel advised to clear the area around the church amid renewed beeping sound coming from the suspect’s truck. — scanner	https://x.com/newsnoteworthy/status/1972353789320708261	844	6	10	1	0	0	0	1	1	2	0	0	0	7.95%
1937701315330642077	Wed, Jun 25, 2025	BREAKING: Andrew Cuomo has conceded the Democratic primary for New York City Mayor to Zohran Mamdani. https://t.co/VkbKFbLOUp	https://x.com/newsnoteworthy/status/1937701315330642077	843	9	67	0	0	0	1	2	5	29	1	0	0	1.19%
1938295913841148123	Thu, Jun 26, 2025	UPDATE: Baylor University has confirmed that the threat is related to robbery suspects last seen on campus. The shelter in place order remains in effect as multiple police agencies continue searching for the individuals.	https://x.com/newsnoteworthy/status/1938295913841148123	841	5	10	0	0	0	0	1	0	4	0	0	0	2.97%
1944437459435004342	Sun, Jul 13, 2025	Essex County Fire and Rescue Service on the incident at Southend Airport: https://t.co/P46UmzsiQJ	https://x.com/newsnoteworthy/status/1944437459435004342	841	4	25	0	0	0	1	1	1	0	0	0	0	11.44%
1933996254033277387	Sat, Jun 14, 2025	PHOTO: Suspect Vance Boelter seen moments before opening fire at one of his victims earlier today. Boelter is wanted for the shooting of Democratic Senator John Hoffman and murder of Rep. Melissa Hortman, both Democratic lawmakers from Minnesota. https://t.co/UKS9rZ4epM	https://x.com/newsnoteworthy/status/1933996254033277387	839	6	96	0	5	0	1	3	3	28	0	0	0	2.63%
1949223481545269306	Sat, Jul 26, 2025	BREAKING: Multiple people stabbed at a Walmart in Traverse City, Michigan. A Level 2 Mass Casualty Incident has been declared and there is an initial report of 9 victims. https://t.co/6ZAeg4mZfV	https://x.com/newsnoteworthy/status/1949223481545269306	837	12	22	0	0	0	0	4	4	1	1	0	0	2.15%
1950663380844630249	Wed, Jul 30, 2025	14 people were injured, at least 1 critically, after a vehicle drove through a Portillo’s restaurant in Oswego, Illinois. Preliminary investigation points to this being an accident. — OPD	https://x.com/newsnoteworthy/status/1950663380844630249	836	5	18	0	0	0	0	3	1	9	0	0	0	4.80%
1939463755164794919	Sun, Jun 29, 2025	“He’s at the upper parking lot…the upper parking lot. Up on the dirt parking lot. We need law enforcement up here immediately! Law enforcement up here immediately! We have another Coeur d'Alene firefighter down. He needs help immediately..we need law enforcement immediately!” https://t.co/stXb0AGLJG	https://x.com/newsnoteworthy/status/1939463755164794919	833	10	40	1	1	0	1	1	2	23	0	0	0	0.36%
1936588487806820464	Sun, Jun 22, 2025	@Osint613 Keep up the great work 🙏 Huge milestone tonight.	https://x.com/newsnoteworthy/status/1936588487806820464	832	2	3	0	0	0	0	0	0	1	0	0	0	2.78%
1924244356304691293	Sun, May 18, 2025	@AZ_Intel_ I’m sure everyone will take kindly to this name-	https://x.com/newsnoteworthy/status/1924244356304691293	828	16	23	0	0	0	0	0	6	1	0	0	0	2.42%
1937107360226386397	Mon, Jun 23, 2025	BREAKING: U.S. Embassy in Doha, Qatar issues message to U.S. citizens, recommends they shelter in place until further notice. — Reuters	https://x.com/newsnoteworthy/status/1937107360226386397	827	5	20	0	1	0	1	1	6	7	0	0	0	6.53%
1977222290325532910	Sun, Oct 12, 2025	Two people were shot earlier tonight on the campus of Louisiana State University (LSU) in Baton Rouge, Louisiana as fans gathered for the school’s homecoming football game. — WDSU https://t.co/1hqNs1QeXE	https://x.com/newsnoteworthy/status/1977222290325532910	827	7	54	0	0	0	0	3	3	23	0	0	0	3.39%
1933456670333563050	Fri, Jun 13, 2025	WATCH: Footage released by Israel shows Mossad agents covertly participating in offensive operations inside of Iran. #Tehran #طهران https://t.co/v2aKZmhv5d	https://x.com/newsnoteworthy/status/1933456670333563050	826	4	28	0	1	0	1	3	1	9	0	0	0	2.67%
1954398174803574942	Sun, Aug 10, 2025	Video: Heavy flooding at the Wisconsin State Fair has led to the fair closing early amid heavy rain and flash flooding in the Milwaukee area. https://t.co/T1DbexCAvx	https://x.com/newsnoteworthy/status/1954398174803574942	823	6	22	0	0	0	0	3	2	9	0	0	0	4.50%
1932573387139748274	Tue, Jun 10, 2025	WATCH: Immigrant houses are set on fire in Ballymena, Northern Ireland as unrest rages on for a second consecutive night over alleged sexual assault of a minor by immigrants. https://t.co/5HGZC7hmNp	https://x.com/newsnoteworthy/status/1932573387139748274	823	7	37	1	0	0	0	1	2	15	0	0	0	5.35%
1931125058950283496	Fri, Jun 6, 2025	Grant Hardin, known as the “Devil in the Ozarks,” was recaptured on Friday, nearly two weeks after his escape from an Arkansas prison. Hardin, a former police chief, was serving decades for murder and rape convictions; he was found a short distance from the prison he escaped https://t.co/txbeJFLeeQ	https://x.com/newsnoteworthy/status/1931125058950283496	822	10	44	1	0	0	0	3	2	6	0	0	0	2.57%
1939462437419602021	Sun, Jun 29, 2025	NOW: Governor Brad Little issues a statement on today’s shooting in North Idaho, where multiple firefighters were ambushed.	https://x.com/newsnoteworthy/status/1939462437419602021	818	8	21	0	0	0	0	2	2	9	0	0	0	1.47%
1912215689743507831	Tue, Apr 15, 2025	“Very active scene” at Wilmer Hutchins High School after reported shooting. “Parents and community members are urged not to come to campus,” per FOX4 Dallas. Law enforcement remains on scene.	https://x.com/newsnoteworthy/status/1912215689743507831	815	7	12	0	0	0	0	2	2	1	0	0	0	2.22%
1968441755407208493	Wed, Sep 17, 2025	BREAKING: Three officers shot and killed whilst serving a warrant in York County, Pennsylvania; two others are in critical condition, according to the governor.	https://x.com/newsnoteworthy/status/1968441755407208493	810	5	18	1	0	0	1	2	0	10	0	0	0	2.72%
1973597032079303103	Thu, Oct 2, 2025	NEW: Another angle of the plane crash at LaGuardia Airport.	https://x.com/newsnoteworthy/status/1973597032079303103	810	5	22	0	1	0	0	1	5	11	0	0	0	10.89%
1920653771492688244	Fri, May 9, 2025	Access into the Florida Keys via roadway is now significantly restricted following a fast moving wildfire that has burned over 100 acres in southern Miami-Dade County. https://t.co/hWMxGA5BUS	https://x.com/newsnoteworthy/status/1920653771492688244	808	6	88	0	0	0	0	1	8	35	0	0	0	5.36%
1912910212303831070	Thu, Apr 17, 2025	The AIR-1 helicopter, operated by the Leon County Sheriff’s Office and Tallahassee Police Department, is currently hovering over the scene of the incident. https://t.co/CG3Pwt4Jwi	https://x.com/newsnoteworthy/status/1912910212303831070	802	5	43	0	2	0	0	1	4	5	0	0	0	1.75%
1912224588722819213	Tue, Apr 15, 2025	Dallas ISD is reporting that Wilmer Hutchins is SECURED. Parents are asked to refrain from coming to campus, and to have ID ready in order to begin reunification.	https://x.com/newsnoteworthy/status/1912224588722819213	799	7	14	0	0	0	0	2	4	1	0	0	0	4.16%
1944631857116545226	Mon, Jul 14, 2025	Shaking detected in Almería, Spain amid preliminary magnitude 5.2 earthquake off the coast of the city. https://t.co/giE62hrTbw	https://x.com/newsnoteworthy/status/1944631857116545226	794	13	33	0	0	0	0	5	2	1	0	0	0	2.27%
1929387061863129344	Mon, Jun 2, 2025	NEW: At least 11 people were hospitalized earlier following a stabbing incident at a homeless shelter in Salem, Oregon; police have taken the suspect into custody. — Statesman Journal	https://x.com/newsnoteworthy/status/1929387061863129344	794	6	18	0	0	0	0	0	1	11	0	0	0	4.42%
1942293887571124417	Mon, Jul 7, 2025	WATCH: LA Mayor Karen Bass attempts to halt ICE raids as operations targeting undocumented immigrants continue to escalate. https://t.co/bxa5a2HbL0	https://x.com/newsnoteworthy/status/1942293887571124417	792	9	35	1	0	0	2	1	6	8	0	0	0	5.07%
1972309092225237253	Sun, Sep 28, 2025	BREAKING: Police in Southport, North Carolina have identified Nigel Edge as the suspected shooter in a restaurant attack that killed 3 and injured at least 8 others Saturday night. https://t.co/C08OLiIwGX	https://x.com/newsnoteworthy/status/1972309092225237253	789	7	40	0	0	0	1	3	1	9	0	0	0	1.65%
1911472338056446144	Sun, Apr 13, 2025	Power is out in the area after an explosion in Austin damaged power lines.	https://x.com/newsnoteworthy/status/1911472338056446144	788	5	13	0	0	0	0	1	1	6	0	0	0	1.65%
1933659857703612807	Fri, Jun 13, 2025	@clashreport Hi, this footage is not recent.	https://x.com/newsnoteworthy/status/1933659857703612807	787	7	13	0	0	0	0	0	3	3	0	0	0	4.83%
1950277702373511648	Tue, Jul 29, 2025	WATCH: Explosion at Horizon Biofuels Inc. plant in Fremont, Nebraska; 3-mile radius surrounding the plant is blocked off as emergency crews respond. https://t.co/4Jk4jhYItP	https://x.com/newsnoteworthy/status/1950277702373511648	787	5	38	0	1	1	0	3	6	19	0	0	0	5.08%
1943033554843140276	Wed, Jul 9, 2025	BREAKING: George Santos sentenced to over 7 years in prison — tells supporters he is not suicidal in final message before departing. https://t.co/ACiCvMdsCX	https://x.com/newsnoteworthy/status/1943033554843140276	787	9	40	0	0	0	0	3	2	8	0	0	0	5.34%
1939454504966963573	Sun, Jun 29, 2025	WATCH: Shelter in place order issued in Coeur d’Alene, Idaho after multiple firefighters were reportedly shot in an ambush. https://t.co/ffqpJIqG0P	https://x.com/newsnoteworthy/status/1939454504966963573	786	8	42	0	1	0	0	2	5	15	0	0	0	3.83%
1968270190153715969	Wed, Sep 17, 2025	BREAKING: Man plows into protective gate at FBI’s Pittsburgh Field Office in intentional “act of terror.” — FBI Authorities are still searching for the suspect. https://t.co/JEsbQyd9NL	https://x.com/newsnoteworthy/status/1968270190153715969	784	7	30	1	0	0	1	2	3	13	0	0	0	7.44%
1935571704983548204	Thu, Jun 19, 2025	Footage of the Iranian strike on Soroka University Medical Center in Be’er Sheva, Israel. #IsrealIranWar #Tehran #TelAviv #Iran https://t.co/NQDPTxKMB7	https://x.com/newsnoteworthy/status/1935571704983548204	780	8	58	1	1	0	0	7	5	15	0	1	0	4.25%
1965603999157260405	Wed, Sep 10, 2025	NEW: This roar is the sound of fighter jets scrambling over Rzeszów, Poland after Russian “drone-type objects” breach Polish airspace. 🎥: @Grant_Blaisdell https://t.co/J5LwAVLgK7	https://x.com/newsnoteworthy/status/1965603999157260405	776	5	33	1	0	1	1	2	4	16	0	0	0	21.47%
1936650861494825303	Sun, Jun 22, 2025	BREAKING: Iran has launched 20–30 ballistic missiles at Israel. Reports of impacts in Tel Aviv. https://t.co/9BMIiGpxz4	https://x.com/newsnoteworthy/status/1936650861494825303	773	5	166	1	0	0	0	2	7	35	0	0	0	5.30%
1937649756378992917	Tue, Jun 24, 2025	12 people were hospitalized with non-life-threatening injuries after 18 people were struck by lightning at Lake Murray Public Park in Lexington, South Carolina. — WIS 10 https://t.co/GzUvq879Gr	https://x.com/newsnoteworthy/status/1937649756378992917	773	9	41	1	1	0	2	3	5	13	0	0	0	1.30%
1944599745789374552	Mon, Jul 14, 2025	Initial investigation indicates that a mechanical issue led to the activation of a security alarm at the Expo center in Louisville, Kentucky. Run4TheRoses tournament will resume tomorrow.	https://x.com/newsnoteworthy/status/1944599745789374552	767	6	10	0	0	0	0	1	2	1	0	0	0	0.13%
1944921609082442109	Tue, Jul 15, 2025	@kczar18 Kyle! Awesome work with the videotaping! Hope you’re all safe!	https://x.com/newsnoteworthy/status/1944921609082442109	766	0	1	0	0	0	0	0	1	0	0	0	0	3.80%
1976471992707731501	Fri, Oct 10, 2025	BREAKING: Tsunami warning issued for portions of southern Philippines; “destructive tsunami” with “life threatening wave heights” expected following preliminary magnitude 7.6 earthquake, says Philippines govt. https://t.co/ZRkpdje7pF	https://x.com/newsnoteworthy/status/1976471992707731501	764	5	29	0	0	0	0	1	2	5	0	0	0	6.99%
1908966042308616700	Sun, Apr 6, 2025	The BR 101 in Brazil, near Palhoça, is currently closed in both directions following a major explosion that occurred following a crash involving a fuel truck. Vegetation and several vehicles have caught fire as a result of the incident. https://t.co/g1eFJO6zBJ	https://x.com/newsnoteworthy/status/1908966042308616700	758	7	53	0	1	0	0	3	12	28	0	0	0	3.31%
1950279719515279851	Tue, Jul 29, 2025	New York City Mayor Eric Adams, in an interview with FOX News, disclosed that “part of the weapon” used by Shane Tamura in yesterday’s deadly Midtown Manhattan was purchased by “an associate” of his. https://t.co/mHiNpVKC2i	https://x.com/newsnoteworthy/status/1950279719515279851	756	5	25	0	0	0	1	1	4	12	0	0	0	1.46%
1968762351034724416	Thu, Sep 18, 2025	A tsunami threat of 0.3-1 meters has been issued for Hawaii following a M7.8 earthquake off the coast of Russia. An additional threat of 1-3 meters of tsunami was issued for parts of Russia. https://t.co/Y8eP8H7MtK	https://x.com/newsnoteworthy/status/1968762351034724416	756	1	11	0	0	0	0	0	3	5	0	0	0	9.59%
1949994574664901029	Tue, Jul 29, 2025	Photo shows the suspected Manhattan gunman dead from a self-inflicted gunshot wound on the 33rd floor. — NYP https://t.co/P2thh3H4Yj	https://x.com/newsnoteworthy/status/1949994574664901029	751	3	72	2	5	0	1	1	4	4	1	0	0	2.80%
1960115365502996954	Mon, Aug 25, 2025	This marks at least the 8th active shooter hoax on a college campus within the past week. This evening, University of New Hampshire Police Department received initial reports of a shooter on campus near the Dimond Library, though those reports were later determined to be false.	https://x.com/newsnoteworthy/status/1960115365502996954	749	5	21	0	2	0	1	3	3	9	0	0	0	0.13%
1950386881352651020	Wed, Jul 30, 2025	@stormchasernick Phew! 😅	https://x.com/newsnoteworthy/status/1950386881352651020	749	0	1	0	0	0	0	0	1	0	0	0	0	14.32%
1928602531048947716	Sat, May 31, 2025	Noteworthy News https://t.co/onrxbSSlff	https://x.com/newsnoteworthy/status/1928602531048947716	747	15	107	1	2	1	2	2	13	64	1	0	0	1.74%
1965852699821486132	Wed, Sep 10, 2025	BREAKING: Charlie Kirk has been shot during an event at Utah Valley University in Orem, Utah. This is a developing story. https://t.co/pnXBuhPQ2K	https://x.com/newsnoteworthy/status/1965852699821486132	746	2	13	0	0	1	0	2	0	5	0	0	0	4.97%
1933710424588820550	Sat, Jun 14, 2025	Interceptions of Iranian missiles now seen over Tel Aviv, Israel amid renewed attack by Iran. https://t.co/2ybIdenYix	https://x.com/newsnoteworthy/status/1933710424588820550	745	3	37	0	0	1	0	1	3	1	0	0	0	1.34%
1934034624247681314	Sat, Jun 14, 2025	BREAKING: Multiple explosions heard in Tel Aviv, Israel amid new missile launches from Iran. Interceptors active.	https://x.com/newsnoteworthy/status/1934034624247681314	745	5	10	0	0	0	0	1	2	2	0	0	0	3.62%
1979388095104417841	Sat, Oct 18, 2025	UPDATE: 10 people taken to area hospitals following structural collapse at a building in Cincinnati, Ohio; at least one individual has life-threatening injuries. — WCPO9	https://x.com/newsnoteworthy/status/1979388095104417841	745	6	27	0	0	0	1	3	1	16	0	0	0	2.29%
1966664045634699740	Sat, Sep 13, 2025	Full remarks from Mrs. Erika Kirk can be found below:	https://x.com/newsnoteworthy/status/1966664045634699740	743	5	17	0	0	0	0	1	0	11	0	0	0	2.56%
1950985717196218611	Thu, Jul 31, 2025	WATCH: “360 Degrees” ride snaps mid-swing at Green Mountain Park in Taif, Saudi Arabia, leaving 23 people injured. — FOX https://t.co/HUlPCFd69X	https://x.com/newsnoteworthy/status/1950985717196218611	742	4	19	2	0	0	0	0	4	11	0	0	0	5.53%
1918272440037241274	Fri, May 2, 2025	Grand Theft Auto VI (GTA 6) is now scheduled for release in May of 2026. https://t.co/hOONwcQZxN	https://x.com/newsnoteworthy/status/1918272440037241274	741	9	41	1	4	0	8	2	1	16	0	0	0	12.64%
1912272339347141057	Tue, Apr 15, 2025	Reports of a major explosion in Tucson, Arizona. Major fire seen in area of explosion; standby for additional information. https://t.co/V9ZkqHczwY	https://x.com/newsnoteworthy/status/1912272339347141057	736	10	93	1	0	0	2	3	17	49	0	0	0	3.95%
1920972225764524100	Fri, May 9, 2025	BREAKING: Nur Khan Airbase, in Rawalpindi, has reportedly been struck by Indian missiles. Rawalpindi is located adjacent to Islamabad, PK’s capital. https://t.co/BGKB9spSdS	https://x.com/newsnoteworthy/status/1920972225764524100	734	5	29	0	0	0	0	1	4	13	0	0	0	5.18%
1933465293625684132	Fri, Jun 13, 2025	TRUMP: “Iran must make a deal, before there is nothing left, and save what was once known as the Iranian Empire. No more death, no more destruction, JUST DO IT BEFORE IT IS TOO LATE. God Bless You All!” https://t.co/s6RtpQxknA	https://x.com/newsnoteworthy/status/1933465293625684132	733	6	38	0	1	0	1	2	3	5	0	0	0	1.92%
1934124353836175680	Sun, Jun 15, 2025	NOW: Anti-ICE activists are setting fires in the streets outside the Federal Building in Seattle. Blockades are going up as tensions continue to rise. https://t.co/GQqRKHRafI	https://x.com/newsnoteworthy/status/1934124353836175680	730	3	14	1	0	0	0	2	4	4	0	0	0	2.88%
1954927145244836030	Mon, Aug 11, 2025	NOW: Pete Hegseth says the National Guard has officially begun mobilizing in Washington, D.C. https://t.co/0v9poCzvgF	https://x.com/newsnoteworthy/status/1954927145244836030	729	6	21	0	0	0	0	2	2	9	0	0	0	4.53%
1912916006999097781	Thu, Apr 17, 2025	UPDATE: Continue to shelter in place. Law enforcement will use the safe word SEMINOLE to confirm it is safe to open the door. https://t.co/qw3vjLvOPt	https://x.com/newsnoteworthy/status/1912916006999097781	729	7	33	0	0	0	1	1	0	8	0	0	0	1.92%
1944634072933847312	Mon, Jul 14, 2025	BREAKING: Fall River, MA Fire Chief confirms multiple fatalities and injuries as a result of the multi-alarm fire at the Gabriel House Nursing/Assisted Living Facility. The cause of the fire is under investigation.	https://x.com/newsnoteworthy/status/1944634072933847312	729	7	14	0	0	0	1	2	3	1	0	0	0	6.21%
1972329043107500341	Sun, Sep 28, 2025	https://t.co/L9HwLiDxDR	https://x.com/newsnoteworthy/status/1972329043107500341	725	9	45	0	2	0	0	2	1	31	0	0	0	4.15%
1934631371927859517	Mon, Jun 16, 2025	BREAKING: Israel has just struck Iran’s state media broadcaster, IRIB. https://t.co/PXprLNph96	https://x.com/newsnoteworthy/status/1934631371927859517	723	6	30	0	0	0	1	1	3	9	0	0	0	0.14%
1934625260470497497	Mon, Jun 16, 2025	@caucasusmonitor 👀	https://x.com/newsnoteworthy/status/1934625260470497497	721	0	1	0	0	0	0	0	1	0	0	0	0	2.23%
1968755374598537589	Thu, Sep 18, 2025	A tsunami threat advisory is now in place off the east coast of Kamchatka, Russia following a preliminary M7.8 earthquake. https://t.co/YN9KOwlzrR	https://x.com/newsnoteworthy/status/1968755374598537589	718	2	16	0	0	0	0	0	2	9	0	0	0	0.56%
1973988761546494332	Fri, Oct 3, 2025	53-year-old Adrian Daulby and 66-year-old Melvin Cravitz, both from Crumpsall, have been identified as the two victims killed during a terrorist attack at the Heaton Park Congregation Synagogue in Manchester, England on Thursday. Three others were seriously wounded.	https://x.com/newsnoteworthy/status/1973988761546494332	715	3	4	0	0	0	0	1	0	0	0	0	0	1.82%
1947007227589538132	Sun, Jul 20, 2025	@EndGameWW3 Video: https://t.co/FlwkdMPPGK	https://x.com/newsnoteworthy/status/1947007227589538132	713	10	13	0	0	0	0	2	0	0	1	0	0	17.56%
1949976248102404364	Mon, Jul 28, 2025	@lookner Here are all of those with an office in this building: https://t.co/xJ8HuoB5pr	https://x.com/newsnoteworthy/status/1949976248102404364	712	6	125	3	3	0	2	1	2	0	0	0	0	7.58%
1960093224132804808	Mon, Aug 25, 2025	NEW: University of Arkansas Police Department received nearly 350 emergency 911 calls from seven different buildings on campus, most of which reported hearing shots fired or seeing an armed suspect. — press conference Official now believe this is the result of “swatting.” https://t.co/ShGyylxPvA	https://x.com/newsnoteworthy/status/1960093224132804808	712	8	54	1	0	0	1	6	3	25	0	0	0	2.53%
1952433670997844213	Mon, Aug 4, 2025	@crumbl Honestly, I’m craving a cookie right now! https://t.co/ziWwJYCXqf	https://x.com/newsnoteworthy/status/1952433670997844213	711	6	18	0	0	0	3	2	1	6	0	0	0	4.22%
1932909511821373468	Wed, Jun 11, 2025	BREAKING: U.S. Secretary of Defense Pete Hegseth confirmed earlier today that Iran is actively working towards the development of a nuclear weapon, according to U.S. Senator Tom Cotton.	https://x.com/newsnoteworthy/status/1932909511821373468	711	7	30	0	2	0	2	1	4	16	0	0	0	1.41%
1944587411872436421	Mon, Jul 14, 2025	“Multiple victims have been removed from the building..this is a mass casualty incident.” — Fall River scanner traffic.	https://x.com/newsnoteworthy/status/1944587411872436421	710	5	10	0	0	0	0	2	3	0	0	0	0	3.53%
1969762517741154423	Sun, Sep 21, 2025	BREAKING: The United Kingdom, Australia, and Canada have now formally recognized the State of Palestine today. Watch remarks from the UK’s prime minister: https://t.co/ajUbw1MQ7b	https://x.com/newsnoteworthy/status/1969762517741154423	708	7	25	0	0	0	1	3	2	10	0	0	0	3.13%
1918348051875545443	Fri, May 2, 2025	7 people were killed yesterday night near Yellowstone National Park after a private tour van was involved in a fiery crash with a pickup truck. 6 of the 14 occupants on the van were killed, while the sole occupant of the truck died on impact. Idaho State Police are investigating. https://t.co/IWSicSurvK	https://x.com/newsnoteworthy/status/1918348051875545443	704	5	22	2	1	0	0	4	2	8	0	0	0	3.43%
1966274657000038511	Thu, Sep 11, 2025	Vice President JD Vance assisted in carrying Charlie Kirk’s casket onto Air Force Two as it prepares to fly Charlie home to his family in Arizona. https://t.co/UMtfDdsfij	https://x.com/newsnoteworthy/status/1966274657000038511	700	8	24	0	0	0	0	3	2	10	0	0	0	5.32%
1966323752477843850	Fri, Sep 12, 2025	WATCH: Charlie Kirk’s assassin seen in new video running, jumping from roof of building after firing fatal shot. https://t.co/2p9aapNPVf	https://x.com/newsnoteworthy/status/1966323752477843850	696	8	37	2	5	1	0	1	1	25	0	0	0	27.59%
1905755493978800189	Fri, Mar 28, 2025	MIRACLE: A baby was successfully delivered in the middle of the earthquake this morning in Myanmar &amp; Thailand. The baby was born outside of a Thai hospital, with doctors working to deliver the baby during active tectonic shaking. The baby was delivered by a team of doctors https://t.co/pnaTrZufrA	https://x.com/newsnoteworthy/status/1905755493978800189	696	13	192	0	2	0	0	5	3	110	0	0	0	4.03%
1950271076883198182	Tue, Jul 29, 2025	Greenville: “Preliminary information reveals that the incident occurred around 2:00 p.m at a vacant building at 2000 Wade Hampton Boulevard. During the exercise, both deputies were struck by a round…the injured deputies were transported to a local hospital for treatment.” https://t.co/T0RBw7uAg9	https://x.com/newsnoteworthy/status/1950271076883198182	694	4	28	0	2	0	0	1	2	6	0	0	0	3.75%
1935798720416666109	Thu, Jun 19, 2025	NEW: A grenade was thrown at the home of the Norwegian ambassador in Herzliya, Israel, according to the Israeli Ministry of Foreign Affairs. There were no injuries. #Iran #TelAviv	https://x.com/newsnoteworthy/status/1935798720416666109	693	7	26	1	0	0	1	2	2	14	0	0	0	7.22%
1969898832512041033	Sun, Sep 21, 2025	BREAKING: “I think we found an answer to Autism,” President Trump just announced at Charlie Kirk’s memorial service. He added that he will make a “huge announcement” tomorrow. https://t.co/QP1b6gDqwa	https://x.com/newsnoteworthy/status/1969898832512041033	693	10	50	0	1	0	1	2	2	34	0	0	0	1.73%
1945265623946133767	Tue, Jul 15, 2025	Suspect in Smyrna, Tennessee shooting &amp; barricade situation taken into custody without incident. — police	https://x.com/newsnoteworthy/status/1945265623946133767	692	7	12	0	0	0	0	2	2	1	0	0	0	12.34%
1956816885410132410	Sat, Aug 16, 2025	Melania Trump’s peace letter to President Putin of Russia released: “Such a bold idea transcends all human division, and you, Mr. Putin, are fit to implement this vision with a stroke of the pen today.” https://t.co/RQugp2BIyt	https://x.com/newsnoteworthy/status/1956816885410132410	689	10	85	0	1	0	4	3	6	30	0	0	0	6.43%
1957887668328534220	Tue, Aug 19, 2025	WATCH: An explosion occurred at a veterinary clinic under construction in Wilmington, NC after a vehicle struck a gas line. Wilmington firefighters later shared video of their response. Three firefighters were injured. https://t.co/Q4UhVD4cyX	https://x.com/newsnoteworthy/status/1957887668328534220	684	8	44	2	3	1	1	6	3	15	0	0	0	4.12%
1936579700903842249	Sun, Jun 22, 2025	BREAKING: Trump to address the nation at 10:00 P.M EST in the White House, calls this a historic moment for the world. https://t.co/35BigTrZKB	https://x.com/newsnoteworthy/status/1936579700903842249	680	7	28	1	0	0	0	1	3	14	0	0	0	3.68%
1933648893587435852	Fri, Jun 13, 2025	Sirens sounding in Tel Aviv, Israel amid incoming barrage of Iranian missiles. #Iran https://t.co/hMIZsmrik1	https://x.com/newsnoteworthy/status/1933648893587435852	680	5	25	0	0	0	0	2	5	2	0	1	0	2.51%
1945994167261319545	Thu, Jul 17, 2025	@TheNewsTrending https://t.co/8YBZ03ZJKJ	https://x.com/newsnoteworthy/status/1945994167261319545	676	5	17	0	0	0	3	0	9	0	0	0	0	6.80%
1934751656127909983	Mon, Jun 16, 2025	JUST IN: Entirety of Ukraine currently under air raid alert following massive Russian offensive operation utilizing drones and missiles. #Kyiv https://t.co/XmvKLqoayh	https://x.com/newsnoteworthy/status/1934751656127909983	676	10	46	0	0	0	0	3	3	12	0	0	0	3.11%
1966952192440713309	Sat, Sep 13, 2025	Romania was forced to scramble two F-16 fighter jets earlier in response to a Russian drone entering its territory. The F-16s tracked the drone until it disappeared and no damage was reported its defense minister says.	https://x.com/newsnoteworthy/status/1966952192440713309	675	8	21	0	0	0	2	1	4	6	0	0	0	1.78%
1951820904172036361	Sun, Aug 3, 2025	@DanielHerrold Congrats on starting this new chapter in life! 👏	https://x.com/newsnoteworthy/status/1951820904172036361	675	3	12	0	0	0	1	0	5	3	0	0	0	8.35%
1911127222141714563	Sat, Apr 12, 2025	Authorities are responding to reports of a small plane crash in Copake, New York. No word on any casualties or damages. Initial reports indicating that the plane was flying in low visibility.	https://x.com/newsnoteworthy/status/1911127222141714563	671	8	56	0	0	0	2	3	6	37	0	0	0	1.65%
1949966018354233412	Mon, Jul 28, 2025	PRELIMINARY information suggests a Middle Eastern male armed with an assault rifle. Unconfirmed reports indicate an NYPD officer was struck by gunfire.	https://x.com/newsnoteworthy/status/1949966018354233412	667	3	11	1	0	0	1	0	7	0	0	0	0	2.11%
1953494086133993526	Thu, Aug 7, 2025	NEW: An AMREF air ambulance crashed into a home in Mwihoko, Kenya, killing all 4 onboard and 2 individuals on the ground. https://t.co/YmaRCkCxBs	https://x.com/newsnoteworthy/status/1953494086133993526	664	5	14	0	0	0	0	0	0	6	0	0	0	1.81%
1944495755190038887	Sun, Jul 13, 2025	BREAKING: At least 3 people killed, including the shooter, following a shooting at the Richmond Road Baptist Church in Lexington, Kentucky, according to KY Gov. Beshear. Several others were injured, including a KSP trooper who was shot before the suspect drove to the church.	https://x.com/newsnoteworthy/status/1944495755190038887	664	6	12	1	0	0	0	2	3	1	0	0	0	1.06%
1961606330688360568	Sat, Aug 30, 2025	UGA Athens Police believe this incident to be the result of a hoax call:	https://x.com/newsnoteworthy/status/1961606330688360568	663	6	7	0	0	0	0	1	0	0	0	0	0	1.51%
1927490323434848530	Tue, May 27, 2025	@MarioNawfal The sounds are horrifying	https://x.com/newsnoteworthy/status/1927490323434848530	663	6	10	0	0	0	0	0	0	4	0	0	0	5.14%
1935812385513566641	Thu, Jun 19, 2025	https://t.co/MkWsIR9FD8	https://x.com/newsnoteworthy/status/1935812385513566641	662	2	34	0	0	0	0	1	1	1	1	0	0	1.06%
1953494527089561812	Thu, Aug 7, 2025	@TheInsiderPaper Is there really a demand for this flavor!? 🤨	https://x.com/newsnoteworthy/status/1953494527089561812	661	4	7	0	0	0	0	0	1	2	0	0	0	2.44%
1965856880431083605	Wed, Sep 10, 2025	President Trump releases statement regarding Charlie Kirk after being shot in the neck during an assassination attempt at a TPUSA event. https://t.co/pjALXaaeJv	https://x.com/newsnoteworthy/status/1965856880431083605	657	3	16	0	0	0	0	2	1	2	0	0	0	3.36%
1939374938831376748	Sun, Jun 29, 2025	BREAKING: Detroit Pistons guard Malik Beasley is under federal investigation for alleged gambling on NBA games and prop bets. https://t.co/u7IzYqfpGL	https://x.com/newsnoteworthy/status/1939374938831376748	655	8	22	1	0	0	0	1	4	8	0	0	0	3.68%
1924895552610685153	Tue, May 20, 2025	A Hawaiian Airlines plane flying from from San Diego International Airport (SAN) to Honolulu was evacuated before takeoff and swarmed by law enforcement after reports of a bomb threat associated with the flight — FOX 5 San Diego https://t.co/Sjju38wIaM	https://x.com/newsnoteworthy/status/1924895552610685153	652	5	24	0	0	1	1	2	7	3	0	0	0	3.38%
1926372569311064200	Sat, May 24, 2025	@AgendaFreeTV Steve, I’m so sorry you’re going through this. I can’t imagine how hard the past couple weeks have been, and I hope you’re able to take all the time you need to grieve and be with your family. We’ll all be here whenever you’re ready. Sending you strength, comfort, and prayers in	https://x.com/newsnoteworthy/status/1926372569311064200	651	10	22	0	0	0	0	0	9	3	0	0	0	4.61%
1970929059443204125	Wed, Sep 24, 2025	Joshua Jahn has been identified as the sniper who opened fire at an ICE facility in Dallas, Texas; Jahn killed two detainees and critically injured a third before turning the gun on himself. Jahn is pictured below after a conviction for marijuana possession in 2015. https://t.co/yUI8IMZ6SR	https://x.com/newsnoteworthy/status/1970929059443204125	651	5	30	0	0	0	0	2	1	9	0	0	0	6.63%
1953134302377455939	Wed, Aug 6, 2025	BREAKING: 5 soldiers shot in active shooter incident at Fort Stewart; shooter apprehended. https://t.co/tYebAOkj8w	https://x.com/newsnoteworthy/status/1953134302377455939	649	5	43	1	2	0	0	3	0	15	0	0	0	3.09%
1968393617556267342	Wed, Sep 17, 2025	JUST IN: Multiple police officers reportedly injured during ongoing incident in York County, Pennsylvania. — local reports/scanner audio Standby for additional.	https://x.com/newsnoteworthy/status/1968393617556267342	648	7	20	0	0	1	0	2	5	5	0	0	0	6.48%
1961275467446555027	Fri, Aug 29, 2025	WATCH: 2 police officers shot in Walton, Kentucky; department confirms that both officers are in stable condition. https://t.co/wujzglbBsz	https://x.com/newsnoteworthy/status/1961275467446555027	648	12	42	0	0	0	0	6	8	14	0	0	0	1.70%
1921024982026498142	Sat, May 10, 2025	BREAKING: Pakistan PM Shehbaz Sharif has called for an urgent meeting of the National Command Authority, the government body in charge of the nation’s nuclear weapons — PAK State Media	https://x.com/newsnoteworthy/status/1921024982026498142	646	5	11	0	0	0	0	1	2	3	0	0	0	6.20%
1936821622196863040	Sun, Jun 22, 2025	BREAKING: Reports of a possible ISIS suicide bombing at Mar Elias Church in Damascus, Syria. Witnesses say dozens are dead and wounded after the blast. https://t.co/BOUw6oCjOi	https://x.com/newsnoteworthy/status/1936821622196863040	645	9	40	2	0	0	0	6	2	8	0	0	0	8.53%
1905597390221869388	Fri, Mar 28, 2025	SEE IT: Subway station shakes in Bangkok, Thailand following a major earthquake earlier. https://t.co/Ekq4M6hvXS #Myanmar #burma #junta #bangkok #thailand #earthquake #BREAKING	https://x.com/newsnoteworthy/status/1905597390221869388	645	6	55	1	2	0	0	1	0	28	0	1	0	14.57%
1940951451939082274	Fri, Jul 4, 2025	NOW: Kyiv International Airport (Zhuliany) is on fire following multiple Russian ballistic missile and drone strikes on the city. https://t.co/ql8JXFnyxP	https://x.com/newsnoteworthy/status/1940951451939082274	645	9	94	0	0	0	0	4	3	17	0	0	0	7.15%
1942714761776595390	Tue, Jul 8, 2025	WATCH: House carried away by flash flooding of the Rio Ruidoso River in New Mexico. https://t.co/Fyi2B9m4iY	https://x.com/newsnoteworthy/status/1942714761776595390	643	12	46	1	1	0	1	1	0	21	0	0	0	6.70%
1954353482594676809	Sun, Aug 10, 2025	BREAKING: Six people, including a 5 year old and a 15 year old, have been shot in Baltimore, Maryland. —@alertpage https://t.co/PCSRahDYuH	https://x.com/newsnoteworthy/status/1954353482594676809	642	7	43	0	1	1	2	4	3	15	0	0	0	5.64%
1971666811813802309	Fri, Sep 26, 2025	BREAKING: Dr. Ian Andre Roberts, Superintendent of Des Moines, Iowa Public Schools, taken into custody by ICE acting on a deportation order. Roberts is an illegal from Guyana and had been ordered removed from the U.S. since May 2024. Roberts allegedly fled ICE in his vehicle https://t.co/6mYRbEJlkU	https://x.com/newsnoteworthy/status/1971666811813802309	638	4	36	0	1	0	2	0	0	16	0	0	0	4.89%
1934087629219176923	Sun, Jun 15, 2025	NEW: An ICE facility in Portland, Oregon was breached by rioters earlier today following several rocks, fireworks, and smoke grenades being launched at officers. At least 4 officers were injured; the facility was later secured — FoxNews Media via AP Photo/Jenny Kane https://t.co/08NMnbB2e1	https://x.com/newsnoteworthy/status/1934087629219176923	634	7	31	0	1	0	1	1	3	12	0	0	0	5.05%
1927365991471706517	Tue, May 27, 2025	BREAKING: U.S. Air Force HH-60W Jolly Green II helicopter (JOLLY11) has declared an emergency (squawk 7700) while flying over northeastern Italy. https://t.co/MaTqyP3koS	https://x.com/newsnoteworthy/status/1927365991471706517	634	6	32	0	0	0	0	1	3	12	0	0	0	4.58%
1915916354298745344	Fri, Apr 25, 2025	ALL CLEAR GIVEN: Pinellas County Sheriff’s Office says that there is no longer a threat to public safety following a “very explicit” bomb threat on St. Pete/Clearwater International Airport (PIE) early today. Six planes in total were searched, and the airport will remain on a	https://x.com/newsnoteworthy/status/1915916354298745344	633	7	29	0	0	0	0	2	3	17	0	0	0	3.16%
1912223387444715724	Tue, Apr 15, 2025	UPDATE: Shooting at Wilmer Hutchins High School is now being classified as NOT an active shooter incident. Appears to be an isolated incident, possibly gang related.	https://x.com/newsnoteworthy/status/1912223387444715724	633	6	20	0	3	0	0	1	4	9	0	0	0	6.67%
1930033004103053797	Tue, Jun 3, 2025	NEW: Social media platform X is down for thousands of users nationwide. Photo courtesy of DownDetector https://t.co/EC2UeL9fXB	https://x.com/newsnoteworthy/status/1930033004103053797	630	9	42	0	0	0	0	3	6	19	0	0	0	5.88%
1937197012795220417	Mon, Jun 23, 2025	NEW: More footage is emerging showing chaos on the ground in Qatar as Iran launches strikes targeting the US Al Udeid Air Base. https://t.co/8WvZpb7dyX	https://x.com/newsnoteworthy/status/1937197012795220417	629	4	37	0	1	0	2	2	5	6	0	0	0	1.75%
1944587039065710674	Mon, Jul 14, 2025	Nearby fire departments are assisting the Fall River Fire Department as they engage with a 3 alarm fire with multiple victims trapped inside. https://t.co/DV3XnTeycI	https://x.com/newsnoteworthy/status/1944587039065710674	629	2	11	0	1	0	0	2	0	0	1	0	0	3.82%
1955782627987767469	Thu, Aug 14, 2025	BREAKING: At least 4 sheriff deputies shot near Gretna in Pittsylvania County, Virginia; situation ongoing at this time. — Southside News Today	https://x.com/newsnoteworthy/status/1955782627987767469	629	4	24	0	0	0	1	2	3	14	0	0	0	2.08%
1933459372748702059	Fri, Jun 13, 2025	BREAKING: Israeli strikes reported in Tabriz, Iran. #طهران #Israel https://t.co/RNvXsttM8Q	https://x.com/newsnoteworthy/status/1933459372748702059	626	2	13	0	0	0	1	1	2	4	0	1	0	5.61%
1979975777186713784	Sun, Oct 19, 2025	WATCH: Footage captures one of the thieves, disguised as a construction worker, cutting into a glass display case at the Louvre Museum and stealing jewels tied to Napoleon Bonaparte and his wife. https://t.co/hRvbCVDvJw	https://x.com/newsnoteworthy/status/1979975777186713784	624	11	35	1	1	0	0	4	0	16	0	0	0	2.27%
1911463517707780531	Sun, Apr 13, 2025	https://t.co/tQDgbnqjf6	https://x.com/newsnoteworthy/status/1911463517707780531	617	6	14	0	0	0	1	1	2	4	0	0	0	7.49%
1925397193030021445	Thu, May 22, 2025	WATCH: New footage from the scene of the deadly shooting outside the Capital Jewish Museum in Washington D.C. where 2 were shot and killed. https://t.co/7V2WjPfqnf	https://x.com/newsnoteworthy/status/1925397193030021445	614	7	46	0	0	0	6	1	2	9	2	0	0	7.50%
1949288431558738072	Sun, Jul 27, 2025	Suspect in Walmart stabbing spree was stopped, restrained by citizens minutes after going on rampage. https://t.co/ijf5ey5mTv	https://x.com/newsnoteworthy/status/1949288431558738072	613	9	46	0	0	0	0	3	2	1	0	0	0	5.25%
1946663619204178015	Sat, Jul 19, 2025	WATCH: Civilian fishing vessel collides with the USS Midway in San Diego, California; captain arrested on suspicion of boating while under the influence. https://t.co/b8PvrRNqzc	https://x.com/newsnoteworthy/status/1946663619204178015	610	16	32	0	2	0	1	5	5	3	0	0	0	6.73%
1933369871649161524	Fri, Jun 13, 2025	Israel's "Wing of Zion" plane, the official state plane, is currently in a holding pattern off the coast of Israel, having recently departed Ben Gurion International Airport (TLV). https://t.co/93FmQ2imin	https://x.com/newsnoteworthy/status/1933369871649161524	609	7	41	0	0	1	0	2	6	12	0	0	0	4.46%
1968879529213993168	Fri, Sep 19, 2025	BREAKING: Human remains found near Leavenworth, Washington believed to be those of Travis Decker, says Chelan County Sheriff’s Office. Decker had been on the run since June 2025 after killing his 3 young daughters. https://t.co/d2e9jAq3Pp	https://x.com/newsnoteworthy/status/1968879529213993168	605	5	27	0	0	0	0	3	1	11	0	0	0	3.50%
1953125805795475563	Wed, Aug 6, 2025	Several schools in Liberty County, Georgia have been placed on a precautionary lockdown in response to the active shooter incident on Fort Stewart. https://t.co/1yp8qBeZbs	https://x.com/newsnoteworthy/status/1953125805795475563	600	4	21	0	3	0	0	3	0	9	0	0	0	0.17%
1950563246244860310	Wed, Jul 30, 2025	@wingstop Yummy!	https://x.com/newsnoteworthy/status/1950563246244860310	600	1	1	0	0	0	0	0	0	0	0	0	0	8.33%
1950922713217839450	Thu, Jul 31, 2025	BREAKING: A 515 mile long lightning bolt has been confirmed, stretching from Texas to Missouri. This record breaking “megaflash” (only recently discovered in satellite data) occurred in 2017. It struck the ground in 64 places and lasted over 7 seconds, per WMO. https://t.co/URoZHlbLk2	https://x.com/newsnoteworthy/status/1950922713217839450	600	12	50	2	1	0	1	5	2	15	0	0	0	2.00%
1939376604989227424	Sun, Jun 29, 2025	BREAKING: Thom Tillis, Republican U.S. senator from North Carolina, will not seek reelection amid pushback for not backing the ‘Big Beautiful Bill.’	https://x.com/newsnoteworthy/status/1939376604989227424	599	4	12	0	0	0	0	0	3	5	0	0	0	13.36%
1934043975918252290	Sun, Jun 15, 2025	@lookner Here is how it looked before: https://t.co/KdJljF9BdG	https://x.com/newsnoteworthy/status/1934043975918252290	599	5	80	0	0	1	0	0	4	5	3	0	0	3.52%
1977503290993836483	Sun, Oct 12, 2025	UPDATE: 2 killed after twin-engine plane crashes north of Fort Worth, Texas, officials say. — WFAA	https://x.com/newsnoteworthy/status/1977503290993836483	597	10	21	0	0	0	1	1	0	9	0	0	0	2.35%
1933314584154452210	Fri, Jun 13, 2025	Israel Minister of Defense Katz: "Following the State of Israel's preemptive strike against Iran, a missile and drone attack against the State of Israel and its civilian population is expected in the immediate future".	https://x.com/newsnoteworthy/status/1933314584154452210	596	5	14	0	0	0	2	2	2	3	0	0	0	3.37%
1910002547043020858	Wed, Apr 9, 2025	@RapidResponse47 @FBIDirectorKash Did he say “bring every resource to bare” or “bring every resource to bear” 🤔 Nice quoting!	https://x.com/newsnoteworthy/status/1910002547043020858	594	4	20	0	0	0	0	1	0	15	0	0	0	2.19%
1935129343459471363	Wed, Jun 18, 2025	@THE_0HOUR Refrain from fear mongering. Both of the bombers were airborne for routine training operations, according to Pentagon officials who spoke with the WSJ.	https://x.com/newsnoteworthy/status/1935129343459471363	593	8	13	0	1	0	1	0	2	2	0	0	0	7.25%
1953988384986152991	Sat, Aug 9, 2025	The mugshot of Michael Paul Brown, the suspect involved in the Anaconda, Montana mass shooting, has been released by local authorities. https://t.co/uO169NBvyi	https://x.com/newsnoteworthy/status/1953988384986152991	593	8	43	0	1	0	0	4	0	7	1	0	0	6.60%
1977137274652606692	Sat, Oct 11, 2025	WATCH: Video recorder stands just feet away of helicopter as it crashes at Huntington Beach, California. https://t.co/NSSD2NA74o	https://x.com/newsnoteworthy/status/1977137274652606692	591	10	39	0	1	0	0	4	2	18	1	0	0	6.60%
1979745040588239119	Sun, Oct 19, 2025	WATCH: Counter protestors in Melbourne, Australia clash with police amid widespread ‘March for Australia’ demonstrations around the country. https://t.co/y5GeNumDqy	https://x.com/newsnoteworthy/status/1979745040588239119	591	10	39	3	2	0	0	3	3	22	0	0	0	4.23%
1965144270169641008	Mon, Sep 8, 2025	BREAKING: The Trump administration has launched Operation Midway Blitz in Chicago, with DHS saying the ICE surge is targeting undocumented immigrants with criminal records. https://t.co/yrIs7S7mcY	https://x.com/newsnoteworthy/status/1965144270169641008	591	9	25	0	0	0	2	3	0	11	0	0	0	1.53%
1950238564790211041	Tue, Jul 29, 2025	The father of Didarul Islam suffered a stroke upon hearing the news of his only son being killed by Manhattan gunman Shane Tamura. — NYP	https://x.com/newsnoteworthy/status/1950238564790211041	590	7	9	0	0	0	0	1	0	1	0	0	0	9.17%
1911504545429008876	Sun, Apr 13, 2025	Austin Fire @ Press Conference: - initial call came in at ~11:30am CST. - two homes impacted - one person pulled from rubble at 10412, second patient at 10410 had to receive advanced extrication. - vehicle fire resulted from explosion, fire is extinguished. - spot fires	https://x.com/newsnoteworthy/status/1911504545429008876	589	7	54	0	1	0	1	1	10	35	0	0	0	3.06%
1949981341421895825	Mon, Jul 28, 2025	Manhattan, New York: Several victims currently being pulled from the building, including at least one NYPD officer who was shot whilst working a paid detail. — NYP https://t.co/7qdZkZ2lyd	https://x.com/newsnoteworthy/status/1949981341421895825	589	8	18	0	0	0	0	6	2	0	0	0	0	4.26%
1933314346504929741	Fri, Jun 13, 2025	FLASH: EXPLOSIONS HEARD IN TEHRAN, IRAN.	https://x.com/newsnoteworthy/status/1933314346504929741	587	11	25	0	0	0	1	4	3	6	0	0	0	1.54%
1973714541604139491	Thu, Oct 2, 2025	UK Prime Minister Starmer has departed Denmark to chair an emergency security meeting in London, has deployed additional police assets to synagogues across the country following a terrorist attach at a Manchester synagogue. https://t.co/LQ7QPAj3vk	https://x.com/newsnoteworthy/status/1973714541604139491	586	4	9	2	0	0	0	2	2	1	0	0	0	10.60%
1933322893959762315	Fri, Jun 13, 2025	Geoconfirmed photo of damage in Tehran. https://t.co/W3EvJGYcoX	https://x.com/newsnoteworthy/status/1933322893959762315	585	13	62	0	0	0	2	2	3	12	2	0	0	2.39%
1965863622669983750	Wed, Sep 10, 2025	@OC_Scanner https://t.co/1bDEqGMUhU	https://x.com/newsnoteworthy/status/1965863622669983750	585	0	14	2	0	0	1	0	0	10	0	0	0	3.09%
1933657633493561795	Fri, Jun 13, 2025	@orfialkov Hi, this is old footage from when a medical transport plane crashed in Philadelphia earlier this year.	https://x.com/newsnoteworthy/status/1933657633493561795	583	6	18	0	1	0	0	1	1	10	0	0	0	0.69%
1944562823394480351	Mon, Jul 14, 2025	@Turbinetraveler 10/10! I didn’t feel a thing	https://x.com/newsnoteworthy/status/1944562823394480351	583	4	4	0	0	0	0	0	0	0	0	0	0	2.92%
1965595331175088380	Wed, Sep 10, 2025	BREAKING: Operational Command of the Polish Army says Russian drones have repeatedly entered sovereign Polish airspace; forces are currently working to identify and neutralize the intrusive weapons.	https://x.com/newsnoteworthy/status/1965595331175088380	582	4	17	0	0	0	0	2	1	10	0	0	0	2.92%
1912222870085706067	Tue, Apr 15, 2025	A shooting at Wilmer Hutchins High School in Dallas, TX appears to be an isolated incident, not an active shooter situation.	https://x.com/newsnoteworthy/status/1912222870085706067	582	7	17	0	0	0	0	2	5	3	0	0	0	6.72%
1910416985445589354	Thu, Apr 10, 2025	BREAKING: Helicopter plunges into water during flight over the Hudson River. Reports indicating one person still trapped inside. Standby for updates. https://t.co/5KjpAGYumX	https://x.com/newsnoteworthy/status/1910416985445589354	580	5	39	0	2	0	0	1	5	14	0	0	0	6.42%
1915523763396923483	Thu, Apr 24, 2025	NOW: Indian and Pakistani forces exchange fire along the Line of Control in Leepa Valley, Kashmir. Neither India or Pakistan have released information regarding this incident. No casualties reported as of yet. https://t.co/sto2xd1JmH	https://x.com/newsnoteworthy/status/1915523763396923483	576	5	37	1	1	0	0	1	13	4	0	0	0	5.22%
1933358383899222204	Fri, Jun 13, 2025	BREAKING: At least four ICE detainees have reportedly escaped Delaney Hall Detention Center in New Jersey on foot following reports that a large group of detainees at the facility became aggressive over delayed meals. Around 50 detainees allegedly tore down an outer wall during https://t.co/lxuk5xqEtH	https://x.com/newsnoteworthy/status/1933358383899222204	575	3	30	3	0	1	0	3	3	11	0	0	0	15.85%
1935331559604711918	Wed, Jun 18, 2025	NEW: The shooter who killed Rep. Melissa Hortman and her husband Mark Hortman also shot the family’s golden retriever, Gilbert. Their two children were forced to make the heartbreaking decision to euthanize him due to the severity of his injuries. Gilbert was originally trained https://t.co/D6XOKI4sA3	https://x.com/newsnoteworthy/status/1935331559604711918	574	11	91	0	0	0	1	3	1	12	1	0	0	22.38%
1933266965159633140	Thu, Jun 12, 2025	NEW: Individuals using Meta’s AI assistant are inadvertently having their conversations with the company’s AI made public due to its ‘Post Conversation’ feature. Interactions with the AI that are posted are able to be seen and commented on in the public sphere. The most commonly https://t.co/BD09qpGokr	https://x.com/newsnoteworthy/status/1933266965159633140	572	7	128	0	2	0	1	3	3	30	0	0	0	4.57%
1915896515094020279	Fri, Apr 25, 2025	BREAKING: The U.S. Embassy has issued a security alert for Los Cabos and La Paz after violent outbreaks across Baja California Sur. A shootout happened in multiple neighborhoods in Cabo San Lucas early today. Also, in the past two days, buses have been set on fire in La Paz and	https://x.com/newsnoteworthy/status/1915896515094020279	569	15	26	0	1	0	1	1	3	6	0	0	0	1.94%
1936578129218171388	Sun, Jun 22, 2025	@FaytuksNetwork Love it lol	https://x.com/newsnoteworthy/status/1936578129218171388	567	7	11	0	0	0	0	0	0	4	0	0	0	10.93%
1933320443928219906	Fri, Jun 13, 2025	BREAKING: Reports of targeted assassinations in Tehran, Iran. The IDF says military command targets, commanders, military targets, headquarters and nuclear sites were attacked in Iran. https://t.co/CojjE96gFJ	https://x.com/newsnoteworthy/status/1933320443928219906	567	11	62	2	2	0	1	2	5	9	0	0	0	7.07%
1944725470542442589	Mon, Jul 14, 2025	9 people died and more than 30 people were transported to area hospitals after an overnight fire at the Gabriel House Nursing/Assisted River Facility in Fall River, Massachusetts. https://t.co/o88xXiRmLb	https://x.com/newsnoteworthy/status/1944725470542442589	566	5	40	0	0	0	0	4	5	1	0	0	0	8.35%
1974808754605474208	Sun, Oct 5, 2025	BREAKING: Ukraine faced another large-scale Russian attack overnight with over 50 missiles and around 500 drones targeting multiple regions, including Lviv, Kharkiv, and Odesa. At least five people were killed and ten injured, per President Zelenskyy. Rescue operations are https://t.co/P1oyUUIx6f	https://x.com/newsnoteworthy/status/1974808754605474208	563	6	47	1	1	0	1	3	1	10	0	0	0	5.69%
1969827795552682000	Sun, Sep 21, 2025	WATCH: ‘Amazing Grace’ performed by bagpipes as Charlie Kirk’s memorial service begins. https://t.co/ubs403xFrO	https://x.com/newsnoteworthy/status/1969827795552682000	562	12	32	2	0	0	0	3	1	15	0	0	0	5.69%
1979640598165704791	Sat, Oct 18, 2025	Live streaming platform Twitch has acknowledged an alleged assault on Emiru, one of the most watched streamers in the world, during TwitchCon. They have also announced an immediate increase in security following the incident. Video below: https://t.co/RXWeeqRVu0	https://x.com/newsnoteworthy/status/1979640598165704791	562	4	32	0	0	0	1	2	3	19	0	0	0	4.66%
1933983377251508358	Sat, Jun 14, 2025	Multiple impacts reported in Haifa, Israel; Israel now striking Tehran, Iran. https://t.co/KlE3HrMnDn	https://x.com/newsnoteworthy/status/1933983377251508358	558	5	26	0	0	0	1	1	4	4	0	0	0	4.67%
1976722471639564475	Fri, Oct 10, 2025	@AustinLouis5 Awaiting more details, but Cannon AFB has just released a statement announcing that they have initiated active shooter protocol amid a base wide lockdown. https://t.co/j4dDwujHWP	https://x.com/newsnoteworthy/status/1976722471639564475	557	1	26	0	0	0	0	0	1	5	0	0	0	1.44%
1945173202017161468	Tue, Jul 15, 2025	NOW: Police are in pursuit of a possibly armed kidnapping suspect in the Van Nuys area of Los Angeles. Situation is active. Please avoid the area.	https://x.com/newsnoteworthy/status/1945173202017161468	556	4	8	0	0	0	0	3	0	1	0	0	0	16.01%
1939530896698491260	Mon, Jun 30, 2025	@thedogsdoorman Appears so, one male was found deceased with firearms nearby. https://t.co/3srSdPNa0p	https://x.com/newsnoteworthy/status/1939530896698491260	556	6	89	0	0	0	0	0	2	3	0	0	0	1.26%
1949982388160811040	Mon, Jul 28, 2025	NOW: Police commissioner Jessica S. Tisch confirms that the scene has been contained and the lone shooter has been neutralized.	https://x.com/newsnoteworthy/status/1949982388160811040	555	3	7	0	0	0	0	3	1	0	0	0	0	5.23%
1928639763545735357	Sat, May 31, 2025	NEW: SWAT stormed a gas station in Allen Park today after a man armed with a knife barricaded himself inside for hours. The standoff began around 4:30 PM and ended around 9:30 PM. Police believe he may have been experiencing a mental health crisis. —WXYZ 7 Action News Detroit https://t.co/rxS0FwfjR8	https://x.com/newsnoteworthy/status/1928639763545735357	554	8	29	0	0	0	0	1	7	12	0	0	0	6.53%
1915546800510918876	Thu, Apr 24, 2025	BREAKING: Indian army soldier killed in clashes with suspected terrorists near Jammu and Kashmir, Udhampur District. This follows a spat on the border earlier today in which heavy fire was exchanged, likely by both India and Pakistan.	https://x.com/newsnoteworthy/status/1915546800510918876	551	7	36	0	1	0	1	4	11	13	0	0	0	0.91%
1949229118626697680	Sat, Jul 26, 2025	@JeromehartlF I’m glad you’re safe, and I am praying for the victims 🙏 Thank you for your coverage	https://x.com/newsnoteworthy/status/1949229118626697680	550	3	5	0	0	0	0	0	1	1	0	0	0	1.27%
1935047798594093571	Tue, Jun 17, 2025	@rawsalerts 👀	https://x.com/newsnoteworthy/status/1935047798594093571	550	2	7	0	0	0	0	0	2	3	0	0	0	6.01%
1934464555591098862	Mon, Jun 16, 2025	@AZ_Intel_ No clue..seems like I’ve reported more tragic stuff this week than the last 3 weeks combined!	https://x.com/newsnoteworthy/status/1934464555591098862	549	12	33	0	0	1	0	0	18	2	0	0	0	2.75%
1934488508699443249	Mon, Jun 16, 2025	@AZ_Intel_ 8 month old child…ridiculous stuff going on.	https://x.com/newsnoteworthy/status/1934488508699443249	546	8	15	0	0	0	0	0	1	6	0	0	0	4.77%
1920513205727641854	Thu, May 8, 2025	WATCH: Crowds in St. Peter’s Square erupt in cheers as bells ring out across Vatican City and white smoke rises from the Sistine Chapel. The world is now waiting on the new pope’s first appearance. https://t.co/NJPjCzTtfI	https://x.com/newsnoteworthy/status/1920513205727641854	545	5	26	1	1	0	1	3	1	7	1	0	0	0.92%
1934689584236863500	Mon, Jun 16, 2025	@rawsalerts Woah! Thats actually pretty interesting how children and teens have used Roblox and online games to get together and pull this off. This looks organized too! Who would have thought!	https://x.com/newsnoteworthy/status/1934689584236863500	545	0	5	0	0	0	0	0	2	3	0	0	0	3.67%
1949242262095081722	Sat, Jul 26, 2025	BREAKING: 11 victims currently being treated at Munson Medical Center in Traverse City, Michigan following mass-stabbing at local Walmart. — statement https://t.co/vFMSk9StWK	https://x.com/newsnoteworthy/status/1949242262095081722	545	6	20	0	1	0	0	3	2	0	0	0	0	4.22%
1952142981064192258	Sun, Aug 3, 2025	Loni Anderson, ‘WKRP in Cincinnati’ star, died Sunday at age 79 after battling a “prolonged” illness. — FOX https://t.co/FfyH0fgjsM	https://x.com/newsnoteworthy/status/1952142981064192258	545	9	23	0	0	0	0	4	0	7	0	0	0	3.13%
1962651684909248747	Mon, Sep 1, 2025	BREAKING: Person drives vehicle into crowd of pedestrians at Kipona Festival in Harrisburg, Pennsylvania. https://t.co/H8bJsBTGmC	https://x.com/newsnoteworthy/status/1962651684909248747	544	5	17	0	0	0	0	0	0	10	0	0	0	9.74%
1946643484896604347	Sat, Jul 19, 2025	JUST IN: Astronomer CEO Andy Byron has resigned after his affair with HR chief Kristin Cabot was publicly revealed at a Coldplay concert. https://t.co/6XoeD7D0HW	https://x.com/newsnoteworthy/status/1946643484896604347	544	5	53	1	0	0	0	1	0	1	0	0	0	3.50%
1910427951071715737	Thu, Apr 10, 2025	Footage of the helicopter crashing/plunging into the Hudson River. Reports of at least 3 children on board. https://t.co/vOdssG3j1Y	https://x.com/newsnoteworthy/status/1910427951071715737	543	6	19	1	0	0	0	1	1	3	1	0	0	4.05%
1953588280081232049	Thu, Aug 7, 2025	The DOJ and State Department have today partnered together to announce a $50 million reward for information leading to the arrest of Nicolás Maduro. https://t.co/bXba0nwTjk	https://x.com/newsnoteworthy/status/1953588280081232049	543	5	22	0	0	0	2	2	3	9	0	0	0	14.94%
1950635624777883948	Wed, Jul 30, 2025	BREAKING: Vodka seltzers were mislabeled as Celsius energy drinks, prompting a major recall by High Noon. Check affected lot codes and full details at https://t.co/FUGzKVsNW6. https://t.co/HU6l0DmKt8	https://x.com/newsnoteworthy/status/1950635624777883948	542	7	81	0	2	0	0	4	1	20	5	0	0	8.50%
1934465562035306739	Mon, Jun 16, 2025	BREAKING: Three people have been shot on South Parade in southwest Sydney, Australia. Emergency services have been called and are treating all three victims. NSW Police are at the crime scene as well. —@9NewsSyd https://t.co/Ov9ajix5Tk	https://x.com/newsnoteworthy/status/1934465562035306739	541	9	46	0	0	0	1	3	1	15	0	0	0	3.70%
1972134455566635206	Sun, Sep 28, 2025	Airspace over portions of eastern Poland, including Lublin and Rzeszów Airports, has been closed due to “unplanned military activity related to ensuring state security.”	https://x.com/newsnoteworthy/status/1972134455566635206	540	9	20	0	0	0	0	1	1	9	0	0	0	1.30%
1947265262044012919	Mon, Jul 21, 2025	BREAKING: At least 19 dead, 100 injured after training jet with the Bangladesh Air Force crashes into Dhaka school. https://t.co/SZNEqICmtZ	https://x.com/newsnoteworthy/status/1947265262044012919	537	2	7	0	1	0	0	1	2	1	0	0	0	34.51%
1944445513777967334	Sun, Jul 13, 2025	@vcdgf555 Here is additional information about the aircraft and what it was used for. https://t.co/8UIPkd1Y41	https://x.com/newsnoteworthy/status/1944445513777967334	536	4	185	0	0	0	0	0	0	0	1	0	0	3.93%
1946839449234542751	Sun, Jul 20, 2025	UPDATE: Tsunami watch canceled for Hawaii; no threat posed to the state following major earthquakes in the North Pacific. https://t.co/T6J70b4NqA	https://x.com/newsnoteworthy/status/1946839449234542751	534	7	21	0	0	0	1	3	4	0	0	0	0	2.07%
1973713440175776183	Thu, Oct 2, 2025	King Charles statement on the Manchester synagogue attack: “My wife and I have been deeply shocked and saddened to learn of the horrific attack in Manchester, especially on such a significant day for the Jewish community. Our thoughts and prayers are with all those affected by	https://x.com/newsnoteworthy/status/1973713440175776183	532	7	11	0	0	0	0	1	1	2	0	0	0	5.65%
1965388005910479337	Tue, Sep 9, 2025	Kantipur Publications, the largest media house in Nepal, set on fire as organizers of “Gen-Z” protest issue an urgent call for peace, stating that their movement has been hijacked by opportunists and hostile actors. https://t.co/YLmC2BRaZB	https://x.com/newsnoteworthy/status/1965388005910479337	531	4	30	0	0	1	1	3	5	12	0	0	0	5.08%
1974254048237814261	Fri, Oct 3, 2025	WATCH: Body camera footage shows the moment officers arrive on scene, shoot, and kill the Grand Blanc, Michigan church attacker. — FOX https://t.co/GovNlU4T6C	https://x.com/newsnoteworthy/status/1974254048237814261	531	7	27	0	0	0	0	3	3	12	0	0	0	3.60%
1968447911911387261	Wed, Sep 17, 2025	BREAKING: “Jimmy Kimmel Live!” will be preempted from air indefinitely, says ABC spokesperson.	https://x.com/newsnoteworthy/status/1968447911911387261	528	6	19	0	0	0	0	1	0	12	0	0	0	2.09%
1945245065900597684	Tue, Jul 15, 2025	Elmo has issued a statement after the Sesame Street character’s X account was briefly hacked on Sunday.	https://x.com/newsnoteworthy/status/1945245065900597684	527	7	11	1	0	0	1	1	1	1	0	0	0	9.68%
1968461191879053407	Wed, Sep 17, 2025	WATCH: These are the controversial remarks by Jimmy Kimmel about Charlie Kirk that likely contributed to his indefinite suspension from ABC moments ago. https://t.co/7yKmjrPeX2	https://x.com/newsnoteworthy/status/1968461191879053407	527	7	51	2	4	0	4	3	2	33	0	0	0	4.18%
1913072775545188706	Fri, Apr 18, 2025	#FSU UPDATE: On Friday a support center will be be open from 8AM–5PM at the Askew Center. A vigil will be held at 5PM at Langford Green. Personal items can be retrieved from select buildings from 10AM–2PM with photo ID. For additional updates please monitor @FloridaState	https://x.com/newsnoteworthy/status/1913072775545188706	526	6	22	0	0	0	1	1	4	10	0	0	0	1.90%
1973558217474019806	Thu, Oct 2, 2025	For the fifth consecutive night, large protests in Morocco have turned violent as Moroccan youth organize against what they deem to be a failure of basic public services within the nation. The protests have been largely centered around political corruption and the lack of	https://x.com/newsnoteworthy/status/1973558217474019806	525	3	10	0	0	0	1	1	2	3	0	0	0	1.52%
1974813442256081037	Sun, Oct 5, 2025	@Gerashchenko_en This is Ai generated.	https://x.com/newsnoteworthy/status/1974813442256081037	525	3	8	0	0	0	0	0	1	4	0	0	0	1.91%
1937189077448622584	Mon, Jun 23, 2025	UPDATE: Sirens sound over Doha, Qatar as six ballistic missiles fired from Iran strike a U.S. military base.	https://x.com/newsnoteworthy/status/1937189077448622584	524	2	10	0	0	0	0	1	6	1	0	0	0	6.95%
1910774237092081983	Fri, Apr 11, 2025	Reports of an explosion on Syggrou Avenue in Athens, Greece near the Hellenic Train Office. Residents and visitors to the Greek capital city reported hearing a massive explosion south of the Acropolis Monument. An ordinance disposal team from the Hellenic Police Force is https://t.co/bIjlQn1jvQ	https://x.com/newsnoteworthy/status/1910774237092081983	518	7	36	1	0	0	1	2	8	16	0	0	0	3.87%
1972483756012556586	Mon, Sep 29, 2025	Bad Bunny has been announced as the halftime show performer for this year’s Super Bowl LX. https://t.co/x2d129Jfcu	https://x.com/newsnoteworthy/status/1972483756012556586	517	6	20	0	0	0	1	2	1	9	0	0	0	6.00%
1971394595356557462	Fri, Sep 26, 2025	NOW: Protesters gathered outside Netanyahu’s hotel in New York City. https://t.co/DHosRNozRL	https://x.com/newsnoteworthy/status/1971394595356557462	517	10	31	0	0	0	0	4	9	7	0	0	0	1.16%
1949232775074370003	Sat, Jul 26, 2025	NOW: MSP Sixth District has confirmed that the suspect in the Walmart stabbing in Traverse City is in custody.	https://x.com/newsnoteworthy/status/1949232775074370003	516	4	6	0	0	0	1	1	0	0	0	0	0	1.17%
1936590251301962170	Sun, Jun 22, 2025	NYPD: “Out of an abundance of caution, we’re deploying additional resources to religious, cultural, and diplomatic sites across NYC.”	https://x.com/newsnoteworthy/status/1936590251301962170	513	4	6	0	0	0	0	0	0	2	0	0	0	5.26%
1935167804128342522	Wed, Jun 18, 2025	NHL: The Florida Panthers defeat the Edmonton Oilers, 5-1, to win their second straight Stanley Cup. https://t.co/Pa6uuBOhMd	https://x.com/newsnoteworthy/status/1935167804128342522	513	4	27	0	0	0	1	1	2	13	0	0	0	3.91%
1946978234404417719	Sun, Jul 20, 2025	BREAKING: Ole Miss freshman football player Corey Adams has died in a homicide in Tennessee. The university has expressed its condolences in a statement. https://t.co/09pEUnpHjk	https://x.com/newsnoteworthy/status/1946978234404417719	512	9	20	0	0	0	1	1	0	1	0	0	0	4.89%
1930707552406282358	Thu, Jun 5, 2025	NEW: Elon Musk claims the Epstein files have not been made public due to Trump being in them; Musk goes on to say that “the truth will come out.” https://t.co/TGRrZROOit	https://x.com/newsnoteworthy/status/1930707552406282358	511	6	25	1	0	0	0	2	0	10	0	0	0	6.27%
1962238128535572637	Sun, Aug 31, 2025	JUST IN: Magnitude 6.2 earthquake strikes near Jalalabad, Afghanistan; reports of shaking felt in various areas around Pakistan and Afghanistan. #زلزلہ #زلزله https://t.co/obLB4c1mMu	https://x.com/newsnoteworthy/status/1962238128535572637	510	6	32	0	0	0	0	1	4	8	0	1	0	15.29%
1933969821810487589	Sat, Jun 14, 2025	NEW: Unconfirmed doorbell camera images show the suspect impersonating a police officer at the front door of either Rep. Melissa Hortman’s or Sen. John Hoffman’s home. The suspect is dressed in tactical gear and may be wearing a realistic mask. This individual is still at large. https://t.co/NCk3gmP4zV	https://x.com/newsnoteworthy/status/1933969821810487589	510	5	78	1	1	0	1	1	7	15	0	0	0	9.23%
1933649473944891893	Fri, Jun 13, 2025	BREAKING: Direct impact in Tel Aviv, Israel. https://t.co/Y2xRZnrkAT	https://x.com/newsnoteworthy/status/1933649473944891893	509	4	47	1	0	0	0	2	1	2	0	0	0	1.77%
1934756854527049978	Mon, Jun 16, 2025	BREAKING: President Trump will be leaving G7 early and returning to the White House tonight, according to Kaitlan Collins of CNN.	https://x.com/newsnoteworthy/status/1934756854527049978	509	5	9	2	0	0	0	1	0	3	0	0	0	12.57%
1944465689944719436	Sun, Jul 13, 2025	@BNODesk https://t.co/e2Cb3Uy1eS	https://x.com/newsnoteworthy/status/1944465689944719436	509	6	64	0	3	0	0	2	6	0	5	0	0	0.79%
1951787166616691153	Sat, Aug 2, 2025	@MarioNawfal We’ve covered so much craziness lately	https://x.com/newsnoteworthy/status/1951787166616691153	506	2	4	0	0	0	0	0	2	0	0	0	0	4.16%
1933901027851305256	Sat, Jun 14, 2025	BREAKING: Minnesota Governor Tim Walz has confirmed that Representative Melissa Hortman and her husband were killed after being shot multiple times at their home by an unknown suspect. Senator John Hoffman and his wife were also shot but have come out of emergency surgery and are	https://x.com/newsnoteworthy/status/1933901027851305256	505	4	21	0	0	0	1	2	1	13	0	0	0	7.14%
1938069798224613875	Thu, Jun 26, 2025	WATCH: A mobile home was lifted off the ground as winds from a powerful storm moved through Ranchero Village in Largo, Florida earlier tonight. 🎥: Lori Gill https://t.co/xcfG2pxlE3	https://x.com/newsnoteworthy/status/1938069798224613875	504	6	36	1	3	0	1	1	5	15	0	0	0	3.39%
1912217541339922918	Tue, Apr 15, 2025	Dallas FD has requested a Level 2 MCI response for a reported shooting at Wilmer Hutchins High School. Level 2 MCI typically indicates 10 or more victims.	https://x.com/newsnoteworthy/status/1912217541339922918	502	7	17	1	0	0	0	2	2	6	0	0	0	0.80%
1954011366416687579	Sat, Aug 9, 2025	@DeKalbCountyPD Praying for you all. 🙏	https://x.com/newsnoteworthy/status/1954011366416687579	501	3	4	0	0	0	0	0	1	0	0	0	0	2.40%
1930708787935232390	Thu, Jun 5, 2025	NFL: Aaron Rodgers plans to sign a 1 year deal with the Pittsburgh Steelers, according to NFL Network. https://t.co/0dPIHmW4hT	https://x.com/newsnoteworthy/status/1930708787935232390	501	5	12	0	0	0	0	1	0	0	1	0	0	5.43%
1934480639161774306	Mon, Jun 16, 2025	United States Embassy Branch in Tel Aviv, Israel suffered minor damage due to concussions from an Iranian missile, according to U.S. Ambassador Mike Huckabee.	https://x.com/newsnoteworthy/status/1934480639161774306	497	9	27	0	0	0	0	3	3	12	0	0	0	5.65%
1912236857900872013	Tue, Apr 15, 2025	A suspect has been arrested following an unprovoked hatchet attack at a bus stop in Tucson, Arizona. Daniel Michael was arrested following an attack on Jacob and Kristen Couch. The couple was returning from a trip to California following the death of their newborn son. Michael https://t.co/LMAPKygvER	https://x.com/newsnoteworthy/status/1912236857900872013	496	8	28	0	0	0	1	2	1	14	0	0	0	1.21%
1965601955126091898	Wed, Sep 10, 2025	@Grant_Blaisdell @CNN Thanks for capturing this, Grant!	https://x.com/newsnoteworthy/status/1965601955126091898	496	3	6	0	0	0	0	0	1	2	0	0	0	10.69%
1980002436908470752	Sun, Oct 19, 2025	WATCH: Crowds were evacuated from the Louvre Museum following the heist targeting jewels from the Napoleonic collection. New footage shows visitors rushing out as police secure the area. https://t.co/JWFyhp5NVY	https://x.com/newsnoteworthy/status/1980002436908470752	496	9	53	2	0	0	0	3	2	39	0	0	0	2.63%
1934431882147438885	Mon, Jun 16, 2025	@ILRedAlert @lookner Here is the moment the apartment block currently on stream was hit.	https://x.com/newsnoteworthy/status/1934431882147438885	495	1	13	0	0	0	0	0	3	9	0	0	0	2.03%
1953527263992946927	Thu, Aug 7, 2025	JUST IN: Two Pennsylvania State Troopers shot in Susquehanna County, Pennsylvania, transported to hospital in unknown condition. https://t.co/xqUENDz8yv	https://x.com/newsnoteworthy/status/1953527263992946927	493	2	10	0	0	0	0	2	0	5	0	0	0	1.83%
1972014371917517278	Sat, Sep 27, 2025	@alertpage Devastating	https://x.com/newsnoteworthy/status/1972014371917517278	493	0	9	0	0	1	0	0	2	6	0	0	0	6.11%
1912338699418730684	Wed, Apr 16, 2025	Suspected Wilmer Hutchins shooter has turned himself into authorities and is expected to be charged with multiple counts of aggravated assault with a deadly weapon, according to CBS 11.	https://x.com/newsnoteworthy/status/1912338699418730684	491	7	30	0	0	0	2	2	4	15	0	0	0	3.27%
1966697403106357352	Sat, Sep 13, 2025	BREAKING: 7.7 magnitude earthquake strikes off the coast of Kamchatka Krai, Russia. — EMSC https://t.co/J70wj5EtrI	https://x.com/newsnoteworthy/status/1966697403106357352	490	5	16	1	0	0	0	2	1	6	0	0	0	3.08%
1912216518835716591	Tue, Apr 15, 2025	Scanner traffic indicating that at least 1 suspect is still outstanding following a report of shots fired at Wilmer-Hutchins High School in Dallas, Texas. Parents are urged to stay away from campus; injuries have been reported. Stay tuned for additional.	https://x.com/newsnoteworthy/status/1912216518835716591	487	7	15	0	0	0	0	2	4	2	0	0	0	9.24%
1962218765761790092	Sun, Aug 31, 2025	WATCH: Man jumps onto monorail track at Hersheypark in Pennsylvania, rescues missing child. The young boy was reported missing by his parents before bystanders noticed him on the monorail tracks and guided him to safety. https://t.co/BOkF68vdVp	https://x.com/newsnoteworthy/status/1962218765761790092	487	13	45	2	1	0	2	6	1	20	0	0	0	2.49%
1944440461659156693	Sun, Jul 13, 2025	Muhammadu Buhari, former President of Nigeria from 2015 to 2023, has died at age 82 during a stay at a clinic in London. https://t.co/GuMy141K5z	https://x.com/newsnoteworthy/status/1944440461659156693	482	6	12	0	0	0	0	1	3	1	0	0	0	3.35%
1934747358069219458	Mon, Jun 16, 2025	Trump: “Everyone should immediately evacuate Tehran!”	https://x.com/newsnoteworthy/status/1934747358069219458	477	4	16	0	0	0	0	2	2	8	0	0	0	5.50%
1952942929867112914	Wed, Aug 6, 2025	Today marks 80 years since the atomic bomb was dropped on Hiroshima, Japan. Take a moment to witness the moment of silence held in Japan in honor of the tens of thousands of lives lost in the bombing. #広島原爆の日 #8月6日広島 #被爆80年 https://t.co/2pavCTXgAV	https://x.com/newsnoteworthy/status/1952942929867112914	473	7	26	0	0	0	0	1	3	15	0	0	0	8.26%
1920862762307047743	Fri, May 9, 2025	Fox News panelist and conservative commentator Camryn Kinsey suffered a medical episode live on air yesterday. She was tended to by paramedics backstage, and she was last reported to be up and moving. https://t.co/DtDI8Ksjid	https://x.com/newsnoteworthy/status/1920862762307047743	472	6	39	0	1	0	1	2	1	19	0	0	0	1.28%
1933359989382345021	Fri, Jun 13, 2025	https://t.co/A6xSWFawLb	https://x.com/newsnoteworthy/status/1933359989382345021	470	3	6	0	0	0	0	1	0	2	0	0	0	5.32%
1938378329259692313	Thu, Jun 26, 2025	Big Supreme Court decisions drop tomorrow: • Birthright Citizenship • Nationwide Injunctions • LGBTQ Storybooks &amp; Religious Rights • Louisiana Redistricting • Texas Porn Law Chief Justice Roberts said the remaining rulings will come as the Court’s term ends Friday.	https://x.com/newsnoteworthy/status/1938378329259692313	470	10	25	0	0	1	0	2	4	8	0	0	0	5.96%
1962257529414590792	Sun, Aug 31, 2025	WATCH: Heavy flooding under the I-610 &amp; I-45 Gulf Freeway interchange near Gulfgate in Houston, Texas. A large portion of the road is underwater. https://t.co/ZgcVozafc2	https://x.com/newsnoteworthy/status/1962257529414590792	470	9	28	1	0	0	0	1	3	13	0	0	0	5.11%
1961544340414554607	Fri, Aug 29, 2025	NEW: Spirit Airlines files for Chapter 11 bankruptcy protection for the second time in less than a year. Flights are still operating and tickets, credits and loyalty points will remain valid as the airline works through its financial struggles. https://t.co/xwK9H79myA	https://x.com/newsnoteworthy/status/1961544340414554607	470	4	24	0	0	0	0	3	6	9	0	0	0	4.05%
1913031154833178644	Fri, Apr 18, 2025	Many people online have spread claims that there is an active threat at UCLA. This is FALSE &amp; there is NO THREAT to the public at this time. Please monitor official channels for your information, and be wary of misinformation that tends to follow tragic events.	https://x.com/newsnoteworthy/status/1913031154833178644	469	5	19	0	0	0	1	1	3	9	0	0	0	5.34%
1912217037276930055	Tue, Apr 15, 2025	BREAKING: Incident at Wilmer-Hutchins High School deemed an “active shooter” incident. Injuries have been reported. https://t.co/dLyUIxdRhI	https://x.com/newsnoteworthy/status/1912217037276930055	468	8	25	0	0	0	0	5	3	8	0	0	0	2.78%
1958998290571436408	Fri, Aug 22, 2025	BREAKING: The U.S. will take a 10% stake in Intel (valued near $10 billion) by converting CHIPS Act grants into equity. The move is aimed at boosting domestic chip production. https://t.co/TFRmLCAyEH	https://x.com/newsnoteworthy/status/1958998290571436408	468	6	13	0	0	0	1	1	1	3	0	0	0	8.78%
1934981026809286704	Tue, Jun 17, 2025	NEW: Two oil tankers (Adalynn and Front Eagle) collided in the Gulf of Oman near the UAE coast. This video shows the Adalynn on fire. The Emirati national guard said it evacuated all 24 crew members. https://t.co/zaWZF4ivxn	https://x.com/newsnoteworthy/status/1934981026809286704	467	12	41	0	2	0	0	2	2	20	0	0	0	0.86%
1951857699643117918	Sun, Aug 3, 2025	@MelonieMac I’m glad it rocked! 👏	https://x.com/newsnoteworthy/status/1951857699643117918	466	2	4	0	0	0	0	0	0	2	0	0	0	5.79%
1946253602865008661	Fri, Jul 18, 2025	BREAKING: Three LA County sheriff’s deputies were killed after an unexploded ordnance recovered last night detonated while being moved at a training facility in Monterey Park. https://t.co/dlazRg0QLU	https://x.com/newsnoteworthy/status/1946253602865008661	466	4	27	0	0	0	0	2	1	1	0	0	0	0.00%
1944922417320878208	Tue, Jul 15, 2025	@ChefGruel I hope you’re all safe!	https://x.com/newsnoteworthy/status/1944922417320878208	466	0	0	0	0	0	0	0	0	0	0	0	0	2.80%
1934469311344603205	Mon, Jun 16, 2025	@ethnicenclave @AZ_Intel_ No, the shooting in Auburn (Sydney suburb) involved 3 people; this shooting took place in Tasmania, and was an ambush of a police officer. Some awful stuff happening lately.	https://x.com/newsnoteworthy/status/1934469311344603205	465	1	13	0	0	0	1	0	7	4	0	0	0	20.30%
1936654225012113592	Sun, Jun 22, 2025	NOW: Iranian missiles have struck Haifa, Israel. https://t.co/dMvUX9ORuQ	https://x.com/newsnoteworthy/status/1936654225012113592	463	4	94	0	1	0	0	2	4	7	2	0	0	5.42%
1952207067504382431	Mon, Aug 4, 2025	Texas Gov. Greg Abbott has warned that any Democrat legislator who fails to show up to tomorrow’s special legislative session shall face removal from office after several legislators fled to Illinois to avoid a vote on a proposed redistricting map in Texas. https://t.co/NFuiJg6A59	https://x.com/newsnoteworthy/status/1952207067504382431	461	5	25	0	0	0	1	1	1	8	0	0	0	1.30%
1949620084189606342	Sun, Jul 27, 2025	High level peace talks between Cambodia and Thailand are scheduled to begin shortly, according to Sec. Rubio:	https://x.com/newsnoteworthy/status/1949620084189606342	460	3	6	0	0	0	0	1	1	1	0	0	0	10.24%
1938716999888040418	Fri, Jun 27, 2025	BREAKING: Washington Post editor Thomas Pham LeGro has been arrested on federal child pornography charges. According to the DOJ, FBI agents found 11 illegal videos on his work laptop. https://t.co/1FwLy7UIh4	https://x.com/newsnoteworthy/status/1938716999888040418	459	8	47	0	1	0	2	3	1	28	5	0	0	5.02%
1926760792789041566	Sun, May 25, 2025	@ReedTimmerUSA What causes this? Is it because the sunlight gets tinted by rain and hail?	https://x.com/newsnoteworthy/status/1926760792789041566	458	8	23	0	0	0	2	0	1	12	0	0	0	3.71%
1911559298070511727	Sun, Apr 13, 2025	PGA: Rory McIlroy wins The Masters Tournament of 2025, following a playoff against Justin Rose. He will receive $4.2 million.	https://x.com/newsnoteworthy/status/1911559298070511727	458	6	17	0	0	0	1	1	1	8	0	0	0	5.93%
1933596905461686392	Fri, Jun 13, 2025	Situation on the ground in Tel Aviv, Israel appears to show an Iranian missile impact into an apartment complex. https://t.co/jbRiZ9VbM6	https://x.com/newsnoteworthy/status/1933596905461686392	455	4	27	0	0	0	1	2	3	13	1	0	0	1.76%
1949883478213902489	Mon, Jul 28, 2025	Update: At least 2 people killed, 4 hospitalized following shooting at the Grand Sierra Resort in Reno, Nevada. The suspected shooter is among the hospitalized, according to city councilman Devon Reese.	https://x.com/newsnoteworthy/status/1949883478213902489	454	5	8	0	0	0	0	2	1	0	0	0	0	1.99%
1912214754682142778	Tue, Apr 15, 2025	Ongoing shooting scene at Wilmer Hutchins High School. Police are clearing buildings; multiple ambulances are on site.	https://x.com/newsnoteworthy/status/1912214754682142778	453	6	9	0	0	0	0	2	1	0	0	0	0	12.86%
1968034713035214999	Tue, Sep 16, 2025	Utah prosecutors have released a text message exchange between accused Charlie Kirk assassin Tyler Robinson and his roommate Lance Twiggs. https://t.co/6HeeLqU3cS	https://x.com/newsnoteworthy/status/1968034713035214999	451	4	58	0	2	0	2	1	1	9	0	0	0	4.21%
1972389403030176193	Sun, Sep 28, 2025	WATCH: Belgorod, Russia (pop. ~340k) under a complete power blackout amid Ukrainian strikes targeting critical Russian infrastructure. https://t.co/hgxEhcQc83	https://x.com/newsnoteworthy/status/1972389403030176193	451	5	19	0	0	0	0	2	4	6	0	0	0	6.67%
1952713157073334438	Tue, Aug 5, 2025	WATCH: At least 4 people are dead and several missing after a cloudburst triggered flash flooding in Uttarkashi, India. Video shows floodwaters tearing through the Dharali village. 10-12 people are feared trapped under debris. #उत्तराखंड #洪水 #Inundación https://t.co/OFAGhXiNT3	https://x.com/newsnoteworthy/status/1952713157073334438	450	3	30	2	0	0	0	2	5	13	0	5	0	5.56%
1935556097177252065	Thu, Jun 19, 2025	BREAKING: An Iranian missile has struck Soroka Hospital in Be’er Sheva, Israel. https://t.co/f9cfNpOILu	https://x.com/newsnoteworthy/status/1935556097177252065	450	6	25	0	1	0	2	3	3	7	0	0	0	12.00%
1971362964658909589	Thu, Sep 25, 2025	WATCH: Large fire burning next to Costco in Kalispell, Montana. https://t.co/KYqhzIQNmJ	https://x.com/newsnoteworthy/status/1971362964658909589	450	5	54	2	0	0	0	3	4	40	1	0	0	5.57%
1936279993786810677	Sat, Jun 21, 2025	UPDATE: The suspect has been captured and taken into custody on the street outside of his home after a short stand off. He was hiding in the backyard of his house, and his mother called and attempted to talk him into surrendering.	https://x.com/newsnoteworthy/status/1936279993786810677	449	4	25	0	0	0	0	1	4	16	0	0	0	12.50%
1934634500488573397	Mon, Jun 16, 2025	New footage reveals the damage to the IRIB broadcasting headquarters. https://t.co/WDwyuZCV58	https://x.com/newsnoteworthy/status/1934634500488573397	448	6	56	0	0	0	1	1	2	6	0	0	0	4.72%
1925389120039202898	Thu, May 22, 2025	UPDATE: The suspect involved in the shooting deaths of two Israeli embassy workers reportedly yelled ‘Free Palestine!’ before being escorted away by law enforcement, according to the Jewish Insider. The Capital Jewish Museum was hosting an event at the time. Israel’s Ambassador	https://x.com/newsnoteworthy/status/1925389120039202898	445	7	21	0	0	0	0	2	3	9	0	0	0	2.48%
1935592726738653689	Thu, Jun 19, 2025	BREAKING: Israeli Defense Minister issues a statement: “The Prime Minister and I have instructed the IDF to increase the intensity of attacks against strategic targets in Iran and against government targets in Tehran”	https://x.com/newsnoteworthy/status/1935592726738653689	444	3	11	0	0	0	0	1	1	6	0	0	0	2.71%
1913340995887935693	Fri, Apr 18, 2025	The vigil is taking place at Florida State University right now. Students have gathered on campus this evening to mourn and stand in solidarity. #FSUstrong	https://x.com/newsnoteworthy/status/1913340995887935693	443	7	12	0	0	0	0	1	3	1	0	0	0	2.04%
1974277520011784322	Sat, Oct 4, 2025	After a 2 hour stand off, the elderly driver has surrendered.	https://x.com/newsnoteworthy/status/1974277520011784322	441	3	9	0	0	0	0	2	2	2	0	0	0	1.14%
1949702688133800150	Mon, Jul 28, 2025	WATCH: Man responsible for killing two of his neighbors opens fire on law enforcement in Okeechobee, Florida, is met with immediate barrage of gunfire. https://t.co/JQ9yKoZZS1	https://x.com/newsnoteworthy/status/1949702688133800150	440	2	5	0	0	1	0	0	0	1	0	0	0	2.05%
1963788000581632341	Fri, Sep 5, 2025	Statement from the U.S. Department of Defense after two armed F-16s flew over the USS Jason Dunham earlier Thursday:	https://x.com/newsnoteworthy/status/1963788000581632341	440	4	9	0	0	0	1	1	1	2	0	0	0	0.91%
1950923025756353002	Thu, Jul 31, 2025	@WMO Wow!	https://x.com/newsnoteworthy/status/1950923025756353002	439	1	4	0	0	0	0	0	1	2	0	0	0	10.50%
1962233384484098065	Sun, Aug 31, 2025	NEW: Rudy Giuliani was seriously injured after a vehicle accident in New Hampshire over the weekend. Giuliani was providing assistance to a victim of domestic violence prior to the accident. — statement https://t.co/CnMgHm5oC1	https://x.com/newsnoteworthy/status/1962233384484098065	438	5	46	0	0	0	1	2	3	24	0	0	0	1.60%
1973710459976274419	Thu, Oct 2, 2025	Bomb disposal units are responding to the scene in Manchester, England amid suspicious items located on the alleged suspect. — police	https://x.com/newsnoteworthy/status/1973710459976274419	438	5	7	0	0	0	0	2	0	0	0	0	0	4.81%
1975404974352830908	Tue, Oct 7, 2025	WATCH: Helicopter crashes on Highway 50 in Sacramento, California; at least three people with critical injuries, according to Sacramento Fire. https://t.co/uTggnfbVdb	https://x.com/newsnoteworthy/status/1975404974352830908	437	6	21	0	2	0	0	2	0	12	0	0	0	6.47%
1909326671565742220	Mon, Apr 7, 2025	NOW: Flames seen towering as high as the Eiffel Tower following a major fire at a waste processing plant in central Paris, France. The public is advised to exercise caution and remain indoors due to toxic fumes. https://t.co/xsSo0bj3rR	https://x.com/newsnoteworthy/status/1909326671565742220	433	7	28	0	0	0	0	1	4	11	0	0	0	4.88%
1934430574887731285	Mon, Jun 16, 2025	Search and rescue operations are ongoing in Petah Tikva, Israel, near Tel Aviv, following an Iranian missile impact into an apartment building. Footage via Magen David Adom https://t.co/Eyu4Nt0TGG	https://x.com/newsnoteworthy/status/1934430574887731285	430	5	21	1	0	0	0	1	4	8	0	0	0	6.10%
1939555558517879244	Mon, Jun 30, 2025	BREAKING: A 5 story house collapsed this morning in Bhattakufar, northern India after heavy rain. The building had been evacuated the night before. https://t.co/Xmw8leetIx	https://x.com/newsnoteworthy/status/1939555558517879244	426	6	26	0	1	0	1	3	0	4	0	0	0	4.46%
1942727799393116262	Tue, Jul 8, 2025	WATCH: Water reaches several structures in Ruidoso, New Mexico amid flash flooding of the Rio Ruidoso River. https://t.co/YwV7D3In0o	https://x.com/newsnoteworthy/status/1942727799393116262	426	6	19	0	0	0	1	1	0	3	0	0	0	3.07%
1944949684105052191	Tue, Jul 15, 2025	WATCH: People trapped in New York City subway car as severe flooding impacts the region. https://t.co/ZK4zgdiRhR	https://x.com/newsnoteworthy/status/1944949684105052191	423	4	13	0	0	0	1	2	3	1	0	0	0	4.03%
1911467279532937464	Sun, Apr 13, 2025	@dred_arkham Yeah, crazy..Multiple incidents at once, authorities have their hands full.	https://x.com/newsnoteworthy/status/1911467279532937464	422	6	17	0	0	0	0	1	2	8	0	0	0	3.33%
1939456291308446002	Sun, Jun 29, 2025	@donwinslow Yep, shelter in place directive issued; sounds like multiple people shot. Law enforcement from all over swarming the area. Absolute tragedy.	https://x.com/newsnoteworthy/status/1939456291308446002	420	10	14	0	0	0	2	0	0	2	0	0	0	3.35%
1971370643934544275	Fri, Sep 26, 2025	BREAKING: Former FBI Director James Comey releases a statement on his instagram. https://t.co/1vtki19PZY	https://x.com/newsnoteworthy/status/1971370643934544275	418	5	14	1	0	0	0	2	0	7	0	0	0	7.18%
1935552231085859125	Thu, Jun 19, 2025	BREAKING: SpaceX Starship’s Ship 36 has exploded during a static fire test. https://t.co/Vsh8lR6305	https://x.com/newsnoteworthy/status/1935552231085859125	418	6	30	0	0	0	1	2	1	17	0	0	0	10.10%
1963769491994849481	Fri, Sep 5, 2025	WNBA star Caitlin Clark of the Indiana Fever has been ruled out for the remainder of the season following a season plagued by multiple injuries. She has been sidelined since July with a right groin injury. https://t.co/NHkJAxsSOn	https://x.com/newsnoteworthy/status/1963769491994849481	416	8	42	0	0	0	1	2	1	15	0	0	0	6.02%
1965905016117731414	Wed, Sep 10, 2025	BREAKING: Subject taken into custody after assassinating Charlie Kirk, FBI’s Kash Patels says. https://t.co/Zt2k08bAqp	https://x.com/newsnoteworthy/status/1965905016117731414	415	4	25	0	0	0	0	2	1	7	0	0	0	6.04%
1951788306208788875	Sat, Aug 2, 2025	NEW: A Russian drone attack hit residential areas in Kherson, Ukraine, today, sparking fires and leaving a trail of destruction, the Kherson Regional Military Administration said — FOX. https://t.co/96mdWD3wPe	https://x.com/newsnoteworthy/status/1951788306208788875	414	11	25	1	0	0	0	5	2	4	0	0	0	4.59%
1937049977923960929	Mon, Jun 23, 2025	NOW: Three people shot during shooting incident near Monument Circle in Indianapolis, Indiana, all are in stable condition; unknown if anyone is in custody. — FOX 59 https://t.co/MNVE9vfGwi	https://x.com/newsnoteworthy/status/1937049977923960929	414	4	19	0	1	0	1	2	7	3	0	0	0	2.92%
1924487503618232703	Mon, May 19, 2025	Anti-Hamas sentiment continues to grow in Gaza following renewed ground operations by Israeli forces. Khan Yunis has seen dozens of demonstrators today, with them shouting “Out Hamas, Out!” https://t.co/ADvGSX2dZ3	https://x.com/newsnoteworthy/status/1924487503618232703	411	6	12	0	0	0	0	1	1	1	0	0	0	4.63%
1948529381963657438	Thu, Jul 24, 2025	Lorain, Ohio police officer Phillip Wagner, who was 1 of 3 officers shot in an ambush on Wednesday, has passed away from his injuries. https://t.co/6iyuPLfW1y	https://x.com/newsnoteworthy/status/1948529381963657438	410	7	19	0	0	0	1	5	1	1	0	0	0	4.40%
1916195315171971554	Sat, Apr 26, 2025	BREAKING: Shedeur Sanders selected by the Cleveland Browns as the 144th pick in the 2025 NFL Draft.	https://x.com/newsnoteworthy/status/1916195315171971554	409	6	18	0	0	0	1	1	1	9	0	0	0	10.17%
1964659384874889488	Sun, Sep 7, 2025	BREAKING: Russia launched its largest air assault on Ukraine since the war began, firing 810 drones and 13 missiles. Ukraine shot down 747 drones and 4 missiles, but strikes in Kyiv killed 2, injured 20, and damaged a government building. https://t.co/3Adv3lF0RV	https://x.com/newsnoteworthy/status/1964659384874889488	403	4	41	2	1	0	0	1	1	6	0	0	0	12.90%
1978984867422490641	Fri, Oct 17, 2025	NEW: A truck driver in central Florida allegedly ran over nearly 50 birds, crushing them to death. Initial reports from the Florida Fish and Wildlife Conservation Commission (FWC) indicate that a person drove a truck through a large group of birds, killing 35 at the scene, https://t.co/erIW2AbR7r	https://x.com/newsnoteworthy/status/1978984867422490641	403	7	52	0	0	0	0	1	1	28	0	0	0	7.50%
1971745347254079906	Sat, Sep 27, 2025	BREAKING: The Justice Department has issued a subpoena for travel records of Fulton County District Attorney Fani Willis. https://t.co/J3nVpUgJTg	https://x.com/newsnoteworthy/status/1971745347254079906	400	7	30	0	1	1	2	2	4	10	0	0	0	12.75%
1911252238028206536	Sun, Apr 13, 2025	Magnitude 5.5 earthquake nearby of Meiktila, Burma (Myanmar). Shaking registered as very strong. No immediate reports on casualties or damages. Standby for additional information. https://t.co/p8xCdyaPmy	https://x.com/newsnoteworthy/status/1911252238028206536	400	8	51	1	0	0	2	3	4	31	0	0	0	4.02%
1932960057647575068	Thu, Jun 12, 2025	BREAKING: U.S. officials say Israel is fully prepared &amp; ready to launch an operation into Iran, with anticipation that Iran could retaliate against U.S. sites in Iraq as a result, according to CBS News.	https://x.com/newsnoteworthy/status/1932960057647575068	398	6	16	0	0	0	0	1	2	7	0	0	0	5.03%
1939556820747513908	Mon, Jun 30, 2025	WATCH: There is a three-vehicle crash on I-94 near Huron in Minneapolis. The left vehicle is fully engulfed in flames. https://t.co/sckQtkphhr	https://x.com/newsnoteworthy/status/1939556820747513908	398	4	20	0	0	0	0	2	1	3	0	0	0	3.02%
1958867847553175643	Fri, Aug 22, 2025	Post from FBI Director Kash Patel following an early morning raid on John Bolton’s home.	https://x.com/newsnoteworthy/status/1958867847553175643	398	5	12	0	0	0	0	1	1	5	0	0	0	10.33%
1974310312036946352	Sat, Oct 4, 2025	A gunman is at large in Leon County, Florida tonight after opening fire on I-10’s Thomasville Road exit, striking three vehicles and hospitalizing two people. Authorities have reason to believe that this is a ‘targeted’ attack, according to the sheriff’s office. https://t.co/51p6eSncHJ	https://x.com/newsnoteworthy/status/1974310312036946352	397	9	41	1	0	0	1	2	1	26	0	0	0	20.45%
1933963784533770659	Sat, Jun 14, 2025	BREAKING: Video shows the fake police vehicle allegedly used by the suspect who shot and killed Rep. Melissa Hortman and her husband, and wounded Sen. John Hoffman and his wife. The car has emergency lights, police markings, and a mounted mirror. The Images are screenshots from https://t.co/T9Mkb59glz	https://x.com/newsnoteworthy/status/1933963784533770659	396	4	81	0	4	0	0	1	1	13	0	0	0	4.06%
1934770793612763383	Tue, Jun 17, 2025	Sirens sounding in Tel Aviv, Israel amid “threat of missiles” that have been launched. Unknown if launched from Iran or Yemen. https://t.co/rJ8emDS4Gr	https://x.com/newsnoteworthy/status/1934770793612763383	394	5	16	0	0	0	0	1	1	6	0	0	0	4.31%
1976686869279555806	Fri, Oct 10, 2025	BREAKING: Blast at explosives manufacturer in Bucksnort, Tennessee leaves 19 people unaccounted for; multiple feared dead. — WKRN https://t.co/UB0PzLGQ3s	https://x.com/newsnoteworthy/status/1976686869279555806	394	6	17	0	0	0	1	3	3	3	0	0	0	3.56%
1933315923558994396	Fri, Jun 13, 2025	BREAKING: Smoke billowing in Tehran, Iran after Israeli announcement of preemptive strikes against Iran. https://t.co/AETFFJEhAp	https://x.com/newsnoteworthy/status/1933315923558994396	393	5	14	0	1	0	0	1	0	2	0	0	0	1.53%
1937191584581451882	Mon, Jun 23, 2025	BREAKING: Sirens sounding at Ali Al Salem Air Base in Kuwait amid reports of missile threats. Ain al-Asad base in Iraq may also be under attack. More missiles reported inbound toward Qatar.	https://x.com/newsnoteworthy/status/1937191584581451882	392	2	6	0	0	0	0	1	1	2	0	0	0	3.85%
1968522565225230560	Thu, Sep 18, 2025	Donald Henson, of Penn Hills, has been taken into custody after allegedly driving his car through a metal protective gate at the FBI Pittsburgh Field Office in what authorities are calling a targeted attack of terror against the building.	https://x.com/newsnoteworthy/status/1968522565225230560	390	6	15	0	0	0	0	1	2	6	0	0	0	1.28%
1950730827765035414	Thu, Jul 31, 2025	@COParksWildlife Great video!	https://x.com/newsnoteworthy/status/1950730827765035414	390	2	5	0	0	0	1	0	0	2	0	0	0	6.20%
1965378576406163828	Tue, Sep 9, 2025	DISTRESSING CONENT | Nepalese protestors chase Finance Minister Bishnu Prasad Paudel through the streets of Kathmandu, beat him as he tries to escape amid social unrest. https://t.co/qmAkW1D5R9	https://x.com/newsnoteworthy/status/1965378576406163828	387	2	24	0	0	0	0	1	2	16	0	0	0	3.12%
1933323665686614046	Fri, Jun 13, 2025	Intense fire burning inside of an apartment block in the Farahzad Neighborhood of Tehran, Iran. #iran #Israel https://t.co/3AxUxlRb3z	https://x.com/newsnoteworthy/status/1933323665686614046	385	3	12	0	0	0	0	2	2	3	0	0	0	6.02%
1933701855227613633	Sat, Jun 14, 2025	Sirens now sounding in northern Israel amid a renewed missile barrage on Israel by Iran. https://t.co/ECdnguXHyq	https://x.com/newsnoteworthy/status/1933701855227613633	382	5	23	0	0	0	0	1	3	3	0	0	0	1.31%
1933811279627731258	Sat, Jun 14, 2025	Update:	https://x.com/newsnoteworthy/status/1933811279627731258	381	5	5	0	0	0	0	0	0	0	0	0	0	8.92%
1939401631377797487	Sun, Jun 29, 2025	BREAKING: New MAXAR satellite imagery shows ongoing activity at Iran’s Fordow nuclear site after last week’s airstrikes. An excavator, crane, and personnel were seen near damaged ventilation shafts, per Fox News Chief National Security Correspondent @JenGriffinFNC https://t.co/sEGv9P1wci	https://x.com/newsnoteworthy/status/1939401631377797487	381	6	34	0	0	0	1	1	1	3	0	0	0	4.72%
1977613830927900763	Mon, Oct 13, 2025	IDF: The first 7 of 20 living Israeli hostages have been handed over to the Red Cross and will soon be transferred to Israeli forces in the Gaza Strip. https://t.co/EjGO9onHFZ	https://x.com/newsnoteworthy/status/1977613830927900763	381	3	18	0	0	0	0	2	2	6	0	0	0	2.89%
1947486776312140202	Tue, Jul 22, 2025	Update: At least 25 people killed, over 170 people injured following crash of Bangladesh Air Force training aircraft into a school in Dhaka; most of the casualties are teenage students. — AP	https://x.com/newsnoteworthy/status/1947486776312140202	380	7	11	0	0	0	0	2	1	1	0	0	0	9.33%
1933341176075030553	Fri, Jun 13, 2025	NEW: Iran State television is now claiming that Israel has assassinated IRGC chief Hossein Salami. AP citing Iranian television as well. https://t.co/Q7Lo9LjOJf	https://x.com/newsnoteworthy/status/1933341176075030553	375	7	35	0	0	0	1	2	6	13	0	0	0	2.68%
1966475447316672719	Fri, Sep 12, 2025	BREAKING: Trump announces Charlie Kirk’s killer taken into custody. https://t.co/354Z8o9k3L	https://x.com/newsnoteworthy/status/1966475447316672719	373	2	10	0	0	0	0	1	1	6	0	0	0	7.77%
1933350893224931626	Fri, Jun 13, 2025	BREAKING: Three RC-135V Rivet Joint aircraft from the U.S. and U.K. are active near Iran. All are operating out of Al Udeid Air Base in Qatar. Their presence follows confirmed Israeli strikes on Iran. This aircraft is capable of carrying out powerful intelligence gathering https://t.co/MzZy8j1owi	https://x.com/newsnoteworthy/status/1933350893224931626	373	8	29	0	0	0	0	2	1	8	0	0	0	7.51%
1973177622537568591	Wed, Oct 1, 2025	WATCH: Deputies run into retention pond, save autistic child who had run away from his parents. https://t.co/tdNjef6Ktx	https://x.com/newsnoteworthy/status/1973177622537568591	373	10	28	0	2	0	2	2	3	9	0	0	0	5.96%
1974529463636607446	Sat, Oct 4, 2025	BREAKING: DHS agents in Broadview, IL rammed inside of their vehicle, boxed in by 10 other vehicles. Agents were forced to fire several defensive shots, including at an individual armed with a semiautomatic weapon. — DHS	https://x.com/newsnoteworthy/status/1974529463636607446	369	8	22	0	0	0	1	3	0	10	0	0	0	0.54%
1946256056398540825	Fri, Jul 18, 2025	@ExxAlerts 👀	https://x.com/newsnoteworthy/status/1946256056398540825	369	2	2	0	0	0	0	0	0	0	0	0	0	3.01%
1946335345232015431	Fri, Jul 18, 2025	BREAKING: Israel and Syria have agreed to a ceasefire that is supported by the United States, Turkey, and Jordan. — U.S. Amb. Tom Barrack https://t.co/35Ydarjbfe	https://x.com/newsnoteworthy/status/1946335345232015431	366	5	11	1	0	0	0	2	1	1	0	0	0	6.03%
1933324021396836593	Fri, Jun 13, 2025	WATCH: Emergency response to several apartments on fire following reports of several targeted assassinations by Israeli planes in Tehran, Iran. https://t.co/pAMVHRZUnj	https://x.com/newsnoteworthy/status/1933324021396836593	365	3	22	0	1	0	0	1	2	13	0	0	0	15.34%
1908303792111837348	Fri, Apr 4, 2025	Queensland Police Service has released dramatic footage showing the moments emergency personnel rescue a man and his horse from floodwaters in Tambo. The Australian State of Queensland has been experiencing torrential downpours for several days, leaving dozens of people https://t.co/mhvZ8dSLa7	https://x.com/newsnoteworthy/status/1908303792111837348	365	8	56	0	0	0	0	3	1	27	0	0	0	9.32%
1905667536689004928	Fri, Mar 28, 2025	NEW: At least 181 people confirmed dead following today’s powerful earthquake in Myanmar. https://t.co/N45r0g9xhA #Myanmar #MyanmarEarthquake #MyanmarQuake #junta #BurmaEarthquake #burma #Thailand #bangkok #earthquakethailand	https://x.com/newsnoteworthy/status/1905667536689004928	365	6	34	1	1	0	0	3	3	7	0	0	0	7.42%
1953927099359932577	Fri, Aug 8, 2025	BREAKING: Michael Brown, the suspect behind the mass shooting in Anaconda, Montana, has been captured alive after a weeklong manhunt. https://t.co/fvBJxtq81J	https://x.com/newsnoteworthy/status/1953927099359932577	364	10	27	0	2	0	0	2	3	6	0	0	0	2.47%
1933412271041941691	Fri, Jun 13, 2025	BREAKING: Fighter jets with the Israeli Air Force have begun intercepting Iranian drones. All shoot downs have been done outside of Israel’s borders. A major onslaught of drones is expected within the next hour. #iran #israel	https://x.com/newsnoteworthy/status/1933412271041941691	364	3	9	0	0	0	0	1	3	1	0	1	0	3.58%
1912224720222670958	Tue, Apr 15, 2025	A source at the scene says three victims were injured in today’s shooting at Wilmer Hutchins High School. Two were shot in the leg and one in the hip. None are in critical condition.	https://x.com/newsnoteworthy/status/1912224720222670958	363	5	13	0	0	0	0	1	1	6	0	0	0	1.93%
1933320777652150381	Fri, Jun 13, 2025	JUST IN: Trump convening a cabinet-level meeting following Israel's preemptive strikes on Iran - CNN	https://x.com/newsnoteworthy/status/1933320777652150381	362	4	7	0	0	0	0	1	1	1	0	0	0	4.71%
1936980143899111744	Mon, Jun 23, 2025	NBA: The Oklahoma City Thunder defeat the Indiana Pacers to win the 2025 NBA Finals.	https://x.com/newsnoteworthy/status/1936980143899111744	361	6	17	0	0	0	0	1	1	9	0	0	0	2.49%
1968785174088253748	Thu, Sep 18, 2025	Hawaii emergency management has given the all clear. There is no longer a tsunami threat to any portion of the United States.	https://x.com/newsnoteworthy/status/1968785174088253748	361	4	9	0	0	0	0	1	1	3	0	0	0	0.56%
1949971647512850813	Mon, Jul 28, 2025	“FBI New York Field Office management personnel and agents are responding to provide support at the active crime scene in Manhattan.” — FBI Dep. Director Dan Bongino	https://x.com/newsnoteworthy/status/1949971647512850813	360	2	2	0	0	0	0	0	0	0	0	0	0	6.41%
1945994570837155958	Thu, Jul 17, 2025	The Late Show with Stephen Colbert has been canceled by CBS, will air last episode in May 2026. https://t.co/oF2Qhabsbn	https://x.com/newsnoteworthy/status/1945994570837155958	359	9	23	0	0	0	1	1	7	1	0	0	0	0.28%
1945478738914791805	Wed, Jul 16, 2025	@UAPWatchers 👀	https://x.com/newsnoteworthy/status/1945478738914791805	359	1	1	0	0	0	0	0	0	0	0	0	0	1.96%
1970567788528816635	Tue, Sep 23, 2025	*Correction: the photo is courtesy of Aviva Oslo, a local newspaper.	https://x.com/newsnoteworthy/status/1970567788528816635	357	3	7	0	0	0	0	1	0	3	0	0	0	2.82%
1912224011196440846	Tue, Apr 15, 2025	17 year old reportedly shot in lower leg outside of Wilmer Hutchins High School in Dallas, Texas, according to local FOX affiliate.	https://x.com/newsnoteworthy/status/1912224011196440846	355	5	10	0	0	0	0	1	1	3	0	0	0	5.35%
1968025504138883356	Tue, Sep 16, 2025	BREAKING: 22 year old Tyler Robinson now faces death penalty after being charged with aggravated murder, felony discharge of a firearm causing serious injury, and 5 additional charges. https://t.co/jrh0wMc67r	https://x.com/newsnoteworthy/status/1968025504138883356	355	6	19	0	0	0	0	2	0	11	0	0	0	3.40%
1935834366099570705	Thu, Jun 19, 2025	Final Update:	https://x.com/newsnoteworthy/status/1935834366099570705	353	4	12	0	0	0	0	2	2	4	0	0	0	17.05%
1936603676740562975	Sun, Jun 22, 2025	WATCH: U.S. munitions, presumably TLAMs launched via submarine, strike Isfahan Nuclear Research Facility in Iran. #Israel https://t.co/JU7RTih39o	https://x.com/newsnoteworthy/status/1936603676740562975	352	3	60	1	0	0	0	0	0	9	0	0	0	3.41%
1949504165467824376	Sun, Jul 27, 2025	WATCH: Man taken down by passengers on Easyjet flight to Scotland after threatening to bomb the plane, shouting “Death to America, death to Trump, Allahu Akbar.” https://t.co/IUd0xOgFrf	https://x.com/newsnoteworthy/status/1949504165467824376	352	5	12	0	2	0	2	2	2	0	0	0	0	5.97%
1935022724168261663	Tue, Jun 17, 2025	WATCH: Mount Lewotobi Laki-laki in Indonesia erupted earlier today. Look at the ash reaching over 10 km (32,800 ft) high! https://t.co/vMydwWBSQq	https://x.com/newsnoteworthy/status/1935022724168261663	352	6	21	0	1	0	0	3	0	8	0	0	0	10.57%
1910710689997472216	Fri, Apr 11, 2025	BREAKING: Casualties reported following a small plane crash in Boca Raton, Florida. https://t.co/wHLYD5b8Gi	https://x.com/newsnoteworthy/status/1910710689997472216	350	6	37	0	1	0	0	2	3	23	0	0	0	4.62%
1968757225574236455	Thu, Sep 18, 2025	BREAKING: Tsunami advisory issued for Alaska’s Aleutian Islands following M7.8 earthquake off the coast of Petropavlovsk-Kamchatsky, Russia https://t.co/mYxHUfp20v	https://x.com/newsnoteworthy/status/1968757225574236455	346	5	16	0	0	0	0	0	1	3	0	0	0	6.09%
1934797880923230426	Tue, Jun 17, 2025	@Worldsource24 I would keep it, but tone down its frequency. Certain things are just updates or additional information, so I would find a way to make that known in posts. Also, doing so would make the usage of BREAKING more meaningful and exclusive. Either way, nice work recently!	https://x.com/newsnoteworthy/status/1934797880923230426	345	9	21	0	0	0	0	0	5	7	0	0	0	15.16%
1937271448675967373	Mon, Jun 23, 2025	BREAKING: Iran and Israel agree to a complete ceasefire, President Trump says. https://t.co/M9B8fK9PA4	https://x.com/newsnoteworthy/status/1937271448675967373	343	7	52	0	2	0	1	3	1	24	0	0	0	3.21%
1951364834177491325	Fri, Aug 1, 2025	@GroundedWhimsy This is absolutely devastating, Rebecca. We are praying for Montana 🙏	https://x.com/newsnoteworthy/status/1951364834177491325	343	4	11	0	0	0	0	0	1	6	0	0	0	7.29%
1948422008032625093	Thu, Jul 24, 2025	BREAKING: Hulk Hogan dead at age 71; suffered a “possible cardiac arrest” at his home in Clearwater, Florida. — TMZ https://t.co/60rxd7AUvU	https://x.com/newsnoteworthy/status/1948422008032625093	343	15	25	0	0	0	1	5	1	1	0	0	0	3.23%
1970678422004474304	Wed, Sep 24, 2025	WATCH: Intense rainfall left parts of Kolkata, India under water two days ago. #flooding #india #Bharat #Barsaat https://t.co/TvtTLjwVPl	https://x.com/newsnoteworthy/status/1970678422004474304	341	4	11	0	0	0	0	1	1	4	0	0	0	7.04%
1958645871425286386	Thu, Aug 21, 2025	The United States will immediately cease the issuance of worker visas for commercial truck drivers, according to Secretary Marco Rubio. This comes after a foreign truck driver killed 3 people on Florida’s Turnpike whilst making an illegal U-Turn last week. https://t.co/ub6YSxs7hI	https://x.com/newsnoteworthy/status/1958645871425286386	341	5	24	0	1	0	0	2	1	14	0	0	0	4.13%
1976742523138605313	Fri, Oct 10, 2025	BREAKING: French President Emmanuel Macron has reappointed Sébastien Lecornu as Prime Minister, just a week after his resignation. https://t.co/P0hFGoPRCx	https://x.com/newsnoteworthy/status/1976742523138605313	339	4	14	0	0	0	0	1	2	3	0	0	0	7.37%
1933708478213685398	Sat, Jun 14, 2025	Additional missiles from Iran are inbound to southern Israel at this time, expected to reach Israel within a few minutes. https://t.co/hMxqzzgQTB	https://x.com/newsnoteworthy/status/1933708478213685398	339	3	25	0	0	0	1	1	3	4	0	0	0	7.08%
1923937644142055685	Sun, May 18, 2025	@padremartini58 @GordoMcFatso Hi, these are real people. At least 19 are said to have been injured, according to NYC Mayor Eric Adams.	https://x.com/newsnoteworthy/status/1923937644142055685	339	10	24	0	0	0	1	0	6	7	0	0	0	8.26%
1935565240097210768	Thu, Jun 19, 2025	WATCH: Iranian missile directly strikes Tel Aviv, Israel. https://t.co/Z6VCbcNCiY	https://x.com/newsnoteworthy/status/1935565240097210768	339	3	28	0	0	0	0	1	1	9	0	0	0	2.66%
1933663872126189832	Fri, Jun 13, 2025	New fire seen burning in Tehran, Iran following renewed strikes by Israel. https://t.co/UInqpiXT9R	https://x.com/newsnoteworthy/status/1933663872126189832	338	2	9	0	0	0	1	1	0	3	0	0	0	7.49%
1944518573457862852	Sun, Jul 13, 2025	Chelsea defeats PSG with a score of 3-0, becoming FIFA Club World Cup Champions. https://t.co/0Or9BlUcDY	https://x.com/newsnoteworthy/status/1944518573457862852	334	5	25	0	1	0	0	1	2	1	0	0	0	0.30%
1944582560895427002	Mon, Jul 14, 2025	@CBHeresy https://t.co/LvU6nz0IYp	https://x.com/newsnoteworthy/status/1944582560895427002	333	1	1	0	0	0	0	0	0	0	0	0	0	3.60%
1934100797375054264	Sun, Jun 15, 2025	*The alarm was mistakenly set off by base officials. —NBC	https://x.com/newsnoteworthy/status/1934100797375054264	333	9	12	0	0	0	0	1	0	2	0	0	0	5.14%
1934038314467680329	Sun, Jun 15, 2025	WATCH: Unlawful assembly declared in central Los Angeles amid protestors’ refusal to leave the street. Mounted police moving in. https://t.co/9BIFTKVBC9	https://x.com/newsnoteworthy/status/1934038314467680329	331	5	17	2	0	0	1	2	3	3	0	0	0	6.67%
1934602423101792386	Mon, Jun 16, 2025	NEW: Two people were killed and two others injured in an early morning shooting in Little Haiti, Miami. One victim died at the scene; another was found in a BMW nearby. Little Haiti, a cultural hub of Haitian diaspora, is home to the largest Haitian community outside of Haiti. https://t.co/H44CQYNjfC	https://x.com/newsnoteworthy/status/1934602423101792386	330	4	22	0	0	0	1	1	3	3	0	0	0	4.56%
1938600575836491781	Fri, Jun 27, 2025	NOW: In a 6–3 decision written by Justice Barrett, the Court ruled that district judges exceeded their authority by issuing nationwide injunctions. “Congress has given to federal courts the equitable authority, not the boundless.” Justices Sotomayor, Kagan, and Jackson dissented.	https://x.com/newsnoteworthy/status/1938600575836491781	329	6	15	1	0	0	0	2	1	6	0	0	0	5.78%
1937191080912429143	Mon, Jun 23, 2025	Watch as missile defense systems actively attempt to intercept incoming Iranian missiles targeting U.S. bases in Qatar. https://t.co/sTkfwO8eLq	https://x.com/newsnoteworthy/status/1937191080912429143	329	2	19	0	2	0	0	1	1	9	0	0	0	4.56%
1911774593066451431	Mon, Apr 14, 2025	LIFTOFF! 🚀 Blue Origin’s NS-31 launches into history with an all-women crew aboard, including Lauren Sánchez, Katy Perry, and Gayle King. https://t.co/7Q5GJigQei	https://x.com/newsnoteworthy/status/1911774593066451431	329	7	15	0	2	0	1	1	0	3	0	0	0	4.57%
1916248069701595358	Sat, Apr 26, 2025	Unconfirmed reports from Pakistani sources claim that an ATGM strike hit an Indian outpost along the Line of Control (LOC).	https://x.com/newsnoteworthy/status/1916248069701595358	328	5	15	0	0	0	0	1	9	0	0	0	0	7.36%
1933979100487749806	Sat, Jun 14, 2025	BREAKING: Iran launches new volley of missiles towards Israel; intended to arrive in minutes. https://t.co/bf5nrLFHcV	https://x.com/newsnoteworthy/status/1933979100487749806	326	3	24	1	0	0	0	1	4	1	0	0	0	11.66%
1955009440165532022	Mon, Aug 11, 2025	WATCH: Lightning strike in Mount Pleasant, South Carolina damages overhead energy equipment, causes downed power lines. https://t.co/D0v5Ed7uHF	https://x.com/newsnoteworthy/status/1955009440165532022	326	8	38	3	0	0	1	2	4	19	0	0	0	1.53%
1976060284545409081	Wed, Oct 8, 2025	BREAKING: Israel and Hamas have both signed off on the first phase of a U.S. backed peace plan, says President Trump https://t.co/3PIs6zR3MK	https://x.com/newsnoteworthy/status/1976060284545409081	326	1	5	0	0	0	0	0	0	0	0	0	0	9.88%
1936589081967792541	Sun, Jun 22, 2025	NEW: Israel has issued the highest level of emergency guidance for its citizens; only essential activities to be allowed for an indefinite amount of time. https://t.co/ZZEUHQdoqD	https://x.com/newsnoteworthy/status/1936589081967792541	324	5	32	2	1	2	0	0	1	6	0	0	0	12.96%
1909319425783628185	Mon, Apr 7, 2025	VIDEO: Large fire burning at a waste/recycling plant near central Paris, France. The public is advised to exercise caution given toxic fumes from the fire. https://t.co/sksAWZJdJ3	https://x.com/newsnoteworthy/status/1909319425783628185	324	6	42	0	1	0	0	3	6	19	0	0	0	8.64%
1906050538870861938	Sat, Mar 29, 2025	VIDEO: Footage shows a house on fire in Brooklyn Park, Minnesota following what appears to be a small plane crashing into it. No current updates on the plane occupants, but appears no one was home at the time of the crash. #BREAKING #planecrash https://t.co/uroDeVIoPz	https://x.com/newsnoteworthy/status/1906050538870861938	324	6	28	0	2	0	2	1	3	9	1	0	0	7.41%
1935903409514987819	Fri, Jun 20, 2025	BREAKING: An Iranian ballistic missile has struck right next to a high-rise apartment building in Beersheba, southern Israel. https://t.co/hA0ff3jCmh	https://x.com/newsnoteworthy/status/1935903409514987819	324	3	24	1	0	0	0	2	2	8	0	0	0	1.55%
1936577420221452655	Sun, Jun 22, 2025	BREAKING: U.S. B-2 Bombers were used in tonight’s strikes against three nuclear facilities in Iran, American officials tells Reuters.	https://x.com/newsnoteworthy/status/1936577420221452655	323	3	5	0	0	0	0	1	0	1	0	0	0	4.04%
1965572095871746444	Wed, Sep 10, 2025	NEW: Warsaw International Airport once again closed due to “unplanned military activity related to ensuring state security” as NATO response assets work to monitor and protect sovereign airspace amid intense Russian drone barrage on Ukraine. https://t.co/G4jPi10vW5	https://x.com/newsnoteworthy/status/1965572095871746444	322	3	13	0	0	0	1	1	1	5	0	0	0	8.41%
1937110452225339619	Mon, Jun 23, 2025	U.S. Embassy in Doha, Qatar: https://t.co/Tb97IHofUG	https://x.com/newsnoteworthy/status/1937110452225339619	321	3	27	0	0	0	0	1	1	4	0	0	0	1.56%
1951795755812790702	Sun, Aug 3, 2025	According to a new statement released by the Valdosta Police Department, no shots were fired and the panic was a result of a fight that occurred inside of the mall food court. There were no injuries.	https://x.com/newsnoteworthy/status/1951795755812790702	321	4	5	0	1	0	0	0	0	1	0	0	0	8.15%
1935558165145465029	Thu, Jun 19, 2025	NEW: Aditional footage shows another angle of the Iranian strike on the Soroka Hospital in Be’er Sheva, Israel. https://t.co/zER3StXUli	https://x.com/newsnoteworthy/status/1935558165145465029	319	8	26	0	1	0	0	3	1	5	0	0	0	3.46%
1948873016084988028	Fri, Jul 25, 2025	WATCH: Two buses were severely damaged after a fire broke out at the Universal Resort bus depot earlier today in Orlando, Florida. No injuries are reported. https://t.co/P0VMqFZuRK	https://x.com/newsnoteworthy/status/1948873016084988028	318	3	11	0	1	0	0	1	1	2	0	0	0	7.23%
1953662884497555654	Fri, Aug 8, 2025	NEW: Suspicious package sent to home at the center of a viral TikTok in which two residents allegedly chased a salesman off their property, hurled racial slurs at him, and threatened to k*ll him. The home, in Orange County, Florida, was the subject of a several hour, https://t.co/47Q7QoJr8s	https://x.com/newsnoteworthy/status/1953662884497555654	318	6	23	1	0	0	0	1	1	14	0	0	0	4.10%
1974804798663745566	Sun, Oct 5, 2025	BREAKING: Police in the UK are investigating a suspected arson attack after a mosque in Peacehaven was set on fire with two people still inside. https://t.co/rLAzkm2U1a	https://x.com/newsnoteworthy/status/1974804798663745566	317	4	13	0	0	0	0	1	3	3	0	0	0	5.70%
1933589177926344789	Fri, Jun 13, 2025	WATCH: Interceptions noted over Tel Aviv, Israel. https://t.co/ZsCsppeV94	https://x.com/newsnoteworthy/status/1933589177926344789	316	2	18	0	0	0	0	1	1	3	0	0	0	4.14%
1925376281157218429	Thu, May 22, 2025	WATCH: Massive explosion seen at a diesel plant in Cadereyta Jiménez, Mexico following a reported fire at the facility. At least 1 person has been injured as firefighters continue to battle the blaze. https://t.co/8f5D2AZPCe	https://x.com/newsnoteworthy/status/1925376281157218429	314	5	13	2	0	0	1	1	1	0	0	0	0	3.21%
1951377583397806558	Fri, Aug 1, 2025	@NYPDnews Rest in peace Detective Didarul Islam 🙏	https://x.com/newsnoteworthy/status/1951377583397806558	312	8	10	0	0	0	0	0	0	2	0	0	0	10.26%
1942196876792455344	Mon, Jul 7, 2025	BREAKING: Camp Mystic says it is mourning the loss of 27 campers and counselors following catastrophic Texas floods. (AP) https://t.co/9cnSaDhKGo	https://x.com/newsnoteworthy/status/1942196876792455344	312	8	32	0	0	0	1	3	0	2	0	0	0	9.29%
1936185989845877086	Fri, Jun 20, 2025	BREAKING: President Trump will have representatives from the Democratic Republic of the Congo (DRC) and Rwanda in Washington on Monday to sign a peace treaty that ends the decades long war between the two African nations. https://t.co/AM4TUdk9N7	https://x.com/newsnoteworthy/status/1936185989845877086	312	4	29	0	1	0	0	1	2	15	0	0	0	0.97%
1946227715394117869	Fri, Jul 18, 2025	BREAKING: At least 3 killed in apparent explosion at LASD facility in East L.A. —@ABC7	https://x.com/newsnoteworthy/status/1946227715394117869	310	1	3	0	0	0	0	0	1	1	0	0	0	9.03%
1933693975459668307	Sat, Jun 14, 2025	BREAKING: Protestors breach barricades set up by U.S. Capitol Police, enter secured area in front of the United States Capitol before being stopped by responding officers. https://t.co/XctKroBTAj	https://x.com/newsnoteworthy/status/1933693975459668307	310	3	28	0	3	0	2	1	3	15	0	0	0	6.80%
1935049963198890328	Tue, Jun 17, 2025	BREAKING: Large explosions are continuing in Tehran. This is what the city looks like right now. https://t.co/SXyXVXMEO5	https://x.com/newsnoteworthy/status/1935049963198890328	309	6	21	0	0	0	0	1	3	4	0	0	0	5.86%
1940182124210135515	Tue, Jul 1, 2025	Israel has agreed to a 60 day ceasefire in Gaza following a meeting with the United States; Qatar and Egypt are set to deliver this final proposal to Hamas. https://t.co/0CZzGTkH5m	https://x.com/newsnoteworthy/status/1940182124210135515	307	6	18	0	0	0	0	2	0	5	0	0	0	5.86%
1933587900874039412	Fri, Jun 13, 2025	BREAKING: Iranian missiles set to reach Israeli territory in minutes; the public is told to seek immediate shelter. #Tehran #طهران #Israel https://t.co/q7rl1sofna	https://x.com/newsnoteworthy/status/1933587900874039412	307	4	18	0	0	0	1	1	3	4	0	0	0	3.26%
1956438045210955838	Fri, Aug 15, 2025	REPLAY: President Trump greets President Putin of the Russian Federation at Joint Base Elmendorf–Richardson in Anchorage, Alaska. https://t.co/02tIujShWG	https://x.com/newsnoteworthy/status/1956438045210955838	307	3	10	0	0	0	0	1	0	6	0	0	0	6.19%
1979970289086665120	Sun, Oct 19, 2025	The University of Florida has fired head football coach Billy Napier, per ESPN. https://t.co/G0M3HnNa5g	https://x.com/newsnoteworthy/status/1979970289086665120	307	5	19	1	0	0	0	2	0	10	0	0	0	5.23%
1962948755763724602	Tue, Sep 2, 2025	The Wall Street Journal has reported that Ukraine has begun using AI-Powered Drone swarms to communicate, coordinate, and decide the timing of strikes independent of their operator. https://t.co/DcrPkbjexZ	https://x.com/newsnoteworthy/status/1962948755763724602	306	5	16	0	0	0	3	1	1	6	0	0	0	5.56%
1954679393428656465	Sun, Aug 10, 2025	BREAKING: According to the IDF, Anas Al-Sharif @AnasAlSharif0, who worked for Al Jazeera but was allegedly an undercover Hamas operative, was killed in Gaza. He is one of at least four dead, including cameramen, though their involvement is unclear.	https://x.com/newsnoteworthy/status/1954679393428656465	306	7	17	0	0	0	0	2	2	6	0	0	0	6.91%
1953307701502439643	Thu, Aug 7, 2025	Update: 1 person killed, 2 others injured after an active shooter incident followed by a house fire in Glenwood, Iowa. The suspect, seen below, was taken into custody. https://t.co/TRAU1oC7I7	https://x.com/newsnoteworthy/status/1953307701502439643	304	6	21	0	0	0	0	2	2	10	0	0	0	6.25%
1974219643381281039	Fri, Oct 3, 2025	BREAKING: Diddy has been sentenced to 4 years and 2 months in prison. https://t.co/V4oyefABwW	https://x.com/newsnoteworthy/status/1974219643381281039	304	8	19	0	0	0	0	2	1	6	1	0	0	6.27%
1956439475212726466	Fri, Aug 15, 2025	WATCH: B-2A “Spirit” Long-Range Strategic Stealth Bomber of the U.S. Air Force conducts a flyover of Joint Base Elmendorf-Richardson, escorted by 4 F-35 Lightning IIs, as President Trump and Putin meet. https://t.co/cxvoxBkkvt	https://x.com/newsnoteworthy/status/1956439475212726466	303	4	19	0	3	0	1	2	1	10	0	0	0	5.96%
1948336617111908438	Thu, Jul 24, 2025	BREAKING: Wreckage of downed An-24 found near Tynda, Russia; all 49 on board feared dead. https://t.co/JbpPPPIwCK	https://x.com/newsnoteworthy/status/1948336617111908438	302	10	18	0	0	0	1	3	2	1	0	0	0	7.95%
1951328782981157064	Fri, Aug 1, 2025	BREAKING: President Donald Trump says he has ordered two U.S. nuclear submarines to deploy in response to “highly provocative” remarks by Russia’s Dmitry Medvedev. Trump warns that “words are very important” and could lead to “unintended consequences.” https://t.co/cxIgK5tYaQ	https://x.com/newsnoteworthy/status/1951328782981157064	302	6	24	0	0	0	0	1	1	9	1	0	0	7.33%
1969753507810206167	Sun, Sep 21, 2025	BREAKING: Las Vegas Aces star A’ja Wilson has been named the 2025 WNBA MVP. She is the FIRST player in the league to win this award four times. https://t.co/uihDh02KtK	https://x.com/newsnoteworthy/status/1969753507810206167	300	6	22	0	0	0	0	2	1	7	0	0	0	0.67%
1940292291140477418	Wed, Jul 2, 2025	Update suggests it was a helicopter associated with peacekeeping force ATMIS, the African Union Transition Mission in Somalia.	https://x.com/newsnoteworthy/status/1940292291140477418	297	2	2	0	0	0	0	0	0	0	0	0	0	1.68%
1935092740515082667	Tue, Jun 17, 2025	She is expected to fully recover:	https://x.com/newsnoteworthy/status/1935092740515082667	297	4	5	0	0	0	0	1	0	0	0	0	0	3.37%
1977618642532700657	Mon, Oct 13, 2025	Video: Einav Zangauker speaks to her son &amp; Israeli hostage Matan Zangauker as he returns home for the first time in 738 days: “You’re coming home. There’s no war. There’s no war. It’s over. I love you. https://t.co/walHMM6afu	https://x.com/newsnoteworthy/status/1977618642532700657	297	5	10	0	0	0	0	1	1	2	0	0	0	3.03%
1965372840741404924	Tue, Sep 9, 2025	BREAKING: Federal Parliament building of Nepal set on fire amid widespread “Gen-Z” protests against the nation’s new social media ban that turned into wider demonstrations against anti-corruption. Several government ministers have been ferried out via helicopter by the military https://t.co/mSw0sOK1PC	https://x.com/newsnoteworthy/status/1965372840741404924	297	2	9	0	0	0	0	0	0	5	0	0	0	7.43%
1933976569699025254	Sat, Jun 14, 2025	BREAKING: Texas State Capitol evacuated due to “credible threat toward state lawmakers planning to attend a protest later today.” https://t.co/gdAiJx5xDu	https://x.com/newsnoteworthy/status/1933976569699025254	296	6	22	0	0	0	1	1	1	5	0	0	0	4.39%
1952473362145612107	Mon, Aug 4, 2025	BREAKING: Texas Governor Greg Abbott has ordered the arrest of Democratic lawmakers who fled the state to avoid a vote on redistricting. https://t.co/0IL5cBZffz	https://x.com/newsnoteworthy/status/1952473362145612107	296	5	13	0	0	0	0	2	0	6	0	0	0	4.39%
1935096487735701611	Tue, Jun 17, 2025	An ATF agent was moderately wounded in a shootout that occurred during a surveillance operation in Baton Rouge, Louisiana earlier today. Agents returned fire, sending the suspect to the hospital with non life-threatening injuries. — WAFB https://t.co/wiUBguhMdM	https://x.com/newsnoteworthy/status/1935096487735701611	296	3	13	0	0	0	0	1	0	6	0	0	0	3.39%
1936949566156255702	Mon, Jun 23, 2025	@LeftismForU @LASDHQ Is it an intern posting on the account? How many people read through this before the post button was clicked?	https://x.com/newsnoteworthy/status/1936949566156255702	295	4	10	0	0	0	1	0	2	3	0	0	0	8.50%
1947804534949994595	Tue, Jul 22, 2025	Twenty people had to be evacuated in Melbourne, Florida after the roof of a local community center collapsed with them inside of it; no injuries were reported. https://t.co/sMsAhKflvo	https://x.com/newsnoteworthy/status/1947804534949994595	294	6	25	0	0	0	1	3	4	0	0	0	0	7.22%
1917697581003518296	Wed, Apr 30, 2025	The United States and Ukraine have both formally signed a key minerals deal, according to the U.S. Department of Treasury.	https://x.com/newsnoteworthy/status/1917697581003518296	291	5	21	0	0	0	0	2	4	10	0	0	0	5.17%
1957566668521066498	Mon, Aug 18, 2025	Trump on Ukraine/Russia: “I had a very good meeting with distinguished guests…At the conclusion of the meetings, I called President Putin, and began the arrangements for a meeting, at a location to be determined, between President Putin and President Zelenskyy… …After that https://t.co/u6JwNZit6B	https://x.com/newsnoteworthy/status/1957566668521066498	290	3	15	0	0	0	0	0	0	7	0	0	0	2.41%
1946787932171358215	Sun, Jul 20, 2025	Cleveland law enforcement dealing with a crowd of well over a hundred people, at least six detained. One of the victims transported was not conscious, not breathing at time of transport, according to scanner. 1/	https://x.com/newsnoteworthy/status/1946787932171358215	290	3	7	0	0	0	0	0	4	0	0	0	0	3.46%
1933388006507098493	Fri, Jun 13, 2025	Jordan has temporarily closed its airspace in anticipation of a potential Iranian attack against Israel. Jordan joins Israel, Iran, and Iraq in closing their airspace due to the rising tensions.	https://x.com/newsnoteworthy/status/1933388006507098493	289	4	10	0	0	0	0	2	2	2	0	0	0	12.80%
1908674906964820262	Sun, Apr 6, 2025	Fordham University’s crew team was rescued from Eastchester Bay in the Bronx earlier today after a sudden shift in weather conditions led to at least two of their boats capsizing. FDNY and NYPD rescue boats responded, taking 19 people to area hospitals for evaluation. https://t.co/eNIjgkZiDp	https://x.com/newsnoteworthy/status/1908674906964820262	289	8	37	0	0	0	2	3	1	23	0	0	0	3.13%
1912218612078649394	Tue, Apr 15, 2025	At least one person has been shot at Wilmer Hutchins High School. Per BNO.	https://x.com/newsnoteworthy/status/1912218612078649394	288	7	9	0	0	0	0	2	0	0	0	0	0	3.14%
1911775478496579616	Mon, Apr 14, 2025	Katy Perry is now an official astronaut.	https://x.com/newsnoteworthy/status/1911775478496579616	287	7	9	0	0	0	0	1	1	0	0	0	0	5.92%
1967372565258928587	Sun, Sep 14, 2025	JUST IN: New York Governor Kathy Hochul endorses Zohran Mamdani for NYC Mayor. https://t.co/KzJQM5vJKO	https://x.com/newsnoteworthy/status/1967372565258928587	287	3	17	0	0	0	1	0	1	8	0	0	0	2.09%
1934423221283274841	Mon, Jun 16, 2025	@tzvai_tracker 🙏	https://x.com/newsnoteworthy/status/1934423221283274841	287	4	6	0	0	0	0	0	1	1	0	0	0	10.49%
1913037282820395031	Fri, Apr 18, 2025	BREAKING: President Nayib Bukele of El Salvador has released photos of Kilmar Abrego Garcia meeting with Senator Chris van Hollen, appearing to have been released from CECOT. https://t.co/lIOAHLXA1O	https://x.com/newsnoteworthy/status/1913037282820395031	286	5	30	0	1	0	0	1	0	6	0	0	0	9.82%
1911246121285861702	Sun, Apr 13, 2025	VIDEO: President Trump and top admin officials enter UFC 314 in Miami, Florida to an electric audience. https://t.co/qp26fDh3Te	https://x.com/newsnoteworthy/status/1911246121285861702	285	7	28	0	0	0	1	2	0	14	0	0	0	6.67%
1971712117968716151	Fri, Sep 26, 2025	WATCH: Semi truck fails to stop for traffic, slams into multiple vehicles before catching fire. One person was hospitalized as a result. https://t.co/4MgEXXi9Eu	https://x.com/newsnoteworthy/status/1971712117968716151	285	5	19	0	0	0	0	3	2	6	0	0	0	14.44%
1934625019125977511	Mon, Jun 16, 2025	BREAKING: Iran’s Revolutionary Guards are urging people in Tel Aviv to leave the city immediately and to never return amid rising tensions. https://t.co/6qXKkN0wFI	https://x.com/newsnoteworthy/status/1934625019125977511	284	6	41	0	1	0	0	0	2	2	0	0	0	6.01%
1957894989184434278	Tue, Aug 19, 2025	20 school buses in Michigan City, Indiana were vandalized last night, with catalytic converters stolen from all of them. Schools closed on the fifth day of the academic year, and students shifted to online learning as police investigate. —FOX32 https://t.co/GHiymftbN4	https://x.com/newsnoteworthy/status/1957894989184434278	283	4	17	0	1	0	0	2	2	5	0	0	0	8.51%
1961630206742974577	Sat, Aug 30, 2025	WATCH: Stolen vehicle pursuit with 3 young children inside of it, including a baby, ends in major crash. All children involved were reportedly injured, and at least one person was airlifted. https://t.co/UsimGodtsX	https://x.com/newsnoteworthy/status/1961630206742974577	282	6	24	0	0	0	0	1	3	12	0	0	0	18.51%
1913401989846757483	Sat, Apr 19, 2025	NOW: NASA’s C-130 has taken off for the final time as part of the agency’s fleet. It’s heading to California, where it’ll start a new mission with CAL FIRE. https://t.co/HXGFT7wscf	https://x.com/newsnoteworthy/status/1913401989846757483	281	9	52	0	0	0	0	3	6	20	0	0	0	8.19%
1964761104544088390	Sun, Sep 7, 2025	“This is my last warning, there will not be another one!” says President Trump as he issues final ultimatum to Hamas over refusal to accept his terms of a ceasefire. https://t.co/kWEUs27rYh	https://x.com/newsnoteworthy/status/1964761104544088390	281	8	23	0	0	0	0	3	1	10	0	0	0	1.79%
1940545793997656275	Wed, Jul 2, 2025	Update:	https://x.com/newsnoteworthy/status/1940545793997656275	279	4	5	0	0	0	0	1	0	0	0	0	0	2.15%
1968273964528284039	Wed, Sep 17, 2025	President Trump and First Lady Melania have arrived at Windsor Castle in the United Kingdom to meet with King Charles. https://t.co/V6JTCKAd50	https://x.com/newsnoteworthy/status/1968273964528284039	279	3	6	0	0	0	0	1	0	2	0	0	0	2.53%
1935817410092671157	Thu, Jun 19, 2025	@AustinLouis5 Unknown. There are several dozen reports on social media regarding an active shooter, along with a local scanner page saying the shooter is still inside the mall; however, there has been no official confirmation from local officials, and recent radio traffic indicates that only	https://x.com/newsnoteworthy/status/1935817410092671157	277	2	7	0	0	0	0	0	0	5	0	0	0	5.80%
1944100885233095108	Sat, Jul 12, 2025	WEATHER: The National Hurricane Center is monitoring the potential for a system to develop in the northern Gulf, giving it a 20% chance over the next 7 days. Regardless of development, Florida is likely to see heavy rain next week. https://t.co/7If3mTCmgI	https://x.com/newsnoteworthy/status/1944100885233095108	276	7	16	0	2	0	1	1	4	0	0	0	0	7.25%
1941836468378374495	Sun, Jul 6, 2025	JUST IN: Ship traveling southwest of Al Hudaydah, Yemen attacked by multiple vessels with small arms and self-propelled grenades. Unknown damage, and the situation is ongoing. — UKMTO https://t.co/L2Ibr1RlKm	https://x.com/newsnoteworthy/status/1941836468378374495	276	5	20	0	1	0	0	2	2	4	0	0	0	2.55%
1937188333735550983	Mon, Jun 23, 2025	NOW: An Israeli official reports that Iran is preparing to launch missiles at U.S. bases within minutes.	https://x.com/newsnoteworthy/status/1937188333735550983	275	4	7	0	0	0	2	0	0	1	0	0	0	9.85%
1913826799101890781	Sun, Apr 20, 2025	The Delray Beach Fire Department in south Florida has announced their decision to terminate Driver-Engineer David Wyatt following an incident in late December of last year that saw one of the city’s fire engines collide with a Brightline passenger train. Wyatt was behind the https://t.co/B41nMXye2C	https://x.com/newsnoteworthy/status/1913826799101890781	274	6	27	0	0	0	0	2	1	9	0	0	0	1.83%
1949253732069220787	Sat, Jul 26, 2025	WATCH: People evacuate American Airlines flight AA3023 at Denver International Airport (DEN) after the flight’s left main wheels caught fire before takeoff to Miami, FL. https://t.co/ZMV9iklu7E	https://x.com/newsnoteworthy/status/1949253732069220787	273	3	5	0	0	0	0	0	0	1	0	0	0	9.52%
1966564087833166182	Fri, Sep 12, 2025	BREAKING: A speeding truck has crashed into a Ganesh festival procession in Karnataka’s Hassan district, killing at least 8 and injuring about 20 others. https://t.co/GS7OcYt3tF	https://x.com/newsnoteworthy/status/1966564087833166182	273	4	26	0	0	0	0	1	4	16	0	0	0	10.70%
1955336653041447232	Tue, Aug 12, 2025	WATCH: Police in Tampa, Florida rescue man trapped inside burning home, drag him to safety. No severe injuries reported. https://t.co/0L1CV374AN	https://x.com/newsnoteworthy/status/1955336653041447232	271	7	29	0	0	0	0	3	0	18	0	0	0	5.54%
1965233380553097483	Tue, Sep 9, 2025	Secretary of War Hegseth aboard the USS Iwo Jima addressing soldiers off the coast of Puerto Rico as the U.S. deploys assets to the Caribbean: “it’s not if, it’s when.” https://t.co/GLEh0qMorD	https://x.com/newsnoteworthy/status/1965233380553097483	271	6	15	0	0	0	0	2	3	4	0	0	0	2.22%
1944590358081585380	Mon, Jul 14, 2025	Small plane crashes into neighborhood in Pembroke Pines, Florida, all 4 occupants hospitalized with minor injuries. — police	https://x.com/newsnoteworthy/status/1944590358081585380	270	5	6	0	0	0	0	1	0	0	0	0	0	2.23%
1958867464248270925	Fri, Aug 22, 2025	BREAKING: FBI conducts early morning raid on John Bolton’s home in Bethesda, Maryland. Bolton was Trump’s national security advisor from 2018-2019. https://t.co/Zg30UhDjRf	https://x.com/newsnoteworthy/status/1958867464248270925	269	4	6	0	0	0	1	0	0	1	0	0	0	4.12%
1937184199879876827	Mon, Jun 23, 2025	Reports indicate an imminent Iranian strike on a U.S. military base in Qatar. Airspace has been closed and a shelter-in-place order issued.	https://x.com/newsnoteworthy/status/1937184199879876827	267	5	11	0	0	0	1	0	1	4	0	0	0	3.01%
1951382563387330873	Fri, Aug 1, 2025	@alertpage Hearing two suspects. Second suspect sounds like a black male wearing black pants, a black hoodie, and a gray backpack.	https://x.com/newsnoteworthy/status/1951382563387330873	266	1	8	1	0	0	1	0	3	3	0	0	0	15.04%
1906029359091024175	Sat, Mar 29, 2025	PHOTOS: More Teslas torched, this time in Ottersberg, Germany. This comes mere hours before Saturday’s global ‘Tesla Takedown’ protests. #ElonMusk #Elon #Tesla #TeslaTakedown #Fire #germany https://t.co/8UDB1bhAna	https://x.com/newsnoteworthy/status/1906029359091024175	266	9	40	0	0	0	2	2	8	14	0	1	0	7.98%
1956108221413720219	Thu, Aug 14, 2025	BREAKING: Louisiana Attorney General Liz Murrill is suing Roblox, saying the platform is unsafe for young children and puts them in danger. https://t.co/97FzWjTAPX	https://x.com/newsnoteworthy/status/1956108221413720219	263	5	21	0	0	0	0	1	2	10	0	0	0	4.56%
1913342545074995542	Fri, Apr 18, 2025	WATCH: The Langford Green is filled with students and others coming together to reflect on the shooting at the FSU campus yesterday. #FSUstrong https://t.co/Bg3xKZLUnD	https://x.com/newsnoteworthy/status/1913342545074995542	263	6	12	0	0	0	0	1	1	2	0	0	0	4.58%
1953941574536085689	Fri, Aug 8, 2025	President Trump has announced that he will be meeting with President Vladimir Putin, of Russia, next Friday, August 15, 2025, in the State of Alaska. https://t.co/odN46iNwri	https://x.com/newsnoteworthy/status/1953941574536085689	262	6	12	0	0	0	0	2	0	2	0	0	0	11.11%
1913022180268401072	Fri, Apr 18, 2025	NEW: A 20-year-old Ohio man has been arrested by the FBI after an IED was found near a soccer field. Investigators say James River Phillips filmed explosives and built devices in a shed. He now faces federal charges for possessing a destructive device. https://t.co/TZxYlIGQiO	https://x.com/newsnoteworthy/status/1913022180268401072	261	7	29	0	0	0	0	1	2	5	0	0	0	2.70%
1933389276064199143	Fri, Jun 13, 2025	BREAKING: Iran has launched over 100 drones towards Israel; IDF spox says Israel is actively working on intercepting all incoming threats.	https://x.com/newsnoteworthy/status/1933389276064199143	259	2	7	0	0	0	0	1	2	2	0	0	0	10.04%
1908732999912354230	Sun, Apr 6, 2025	NOW: Russia is carrying out a large-scale missile assault on Ukraine, with ballistic and cruise missiles striking Kyiv and several other cities. Explosions have rocked the capital, and emergency services are responding to multiple impact sites amid rising injuries and widespread https://t.co/imvLKjNAW8	https://x.com/newsnoteworthy/status/1908732999912354230	259	8	26	0	0	0	0	2	3	13	0	0	0	2.70%
1945245061752541606	Tue, Jul 15, 2025	BREAKING: Defense Secretary Pete Hegseth has ordered the withdrawal of 2,000 National Guard members from Los Angeles. The troops had been deployed during last month’s demonstrations to protect federal facilities and personnel, according to the Pentagon.	https://x.com/newsnoteworthy/status/1945245061752541606	259	5	7	0	1	0	0	1	0	1	0	0	0	7.03%
1946343435432034400	Fri, Jul 18, 2025	BREAKING: President Donald Trump seeks $10 billion in defamation lawsuit against News Corp, Rupert Murdoch, and the Wall Street Journal over a recent article tying him to a graphic and controversial birthday letter allegedly sent to Jeffrey Epstein. https://t.co/CRhEsFzfib	https://x.com/newsnoteworthy/status/1946343435432034400	256	6	18	0	2	0	0	1	0	0	0	0	0	3.53%
1947693113117454734	Tue, Jul 22, 2025	@ScooterCasterNY Oliya, I am praying for you and your baby. It takes a lot of courage to share this powerful message to us and become an advocate for children with this devastating diagnosis ❤️ 🙏	https://x.com/newsnoteworthy/status/1947693113117454734	255	5	9	0	0	0	0	0	2	2	0	0	0	1.97%
1945154075579850915	Tue, Jul 15, 2025	@owentjensen I’m glad everyone is safe!	https://x.com/newsnoteworthy/status/1945154075579850915	254	3	5	0	0	0	0	0	2	0	0	0	0	3.54%
1945465385240698940	Wed, Jul 16, 2025	WATCH: Video shows the moment Israeli airstrikes hit the Syrian Ministry of Defense building in central Damascus. The site serves as the headquarters of the Syrian Armed Forces’ General Staff. https://t.co/I3gVQVh0mo	https://x.com/newsnoteworthy/status/1945465385240698940	254	5	9	2	0	0	0	3	0	0	0	0	0	7.17%
1970562903800422694	Tue, Sep 23, 2025	BREAKING: Ryan Routh, suspect in the attempted assassination of President Trump, has been found guilty on all charges. He reportedly tried to stab himself in the neck with a pen following the verdict, according to FOX. https://t.co/vk29E5cOwL	https://x.com/newsnoteworthy/status/1970562903800422694	251	5	18	0	0	0	0	1	2	8	0	0	0	15.54%
1943134047078662227	Thu, Jul 10, 2025	Photo of Skepple and the firearm recovered on him: Media via OPD https://t.co/Uau538fz7z	https://x.com/newsnoteworthy/status/1943134047078662227	251	6	39	0	0	0	1	1	0	6	0	0	0	5.22%
1937464711269711924	Tue, Jun 24, 2025	Trump to Israel: “DO NOT DROP THOSE BOMBS.” His warning comes hours after an Iranian missile killed 4 civilians in Be’er Sheva, Israel following a ceasefire violation by Iran. https://t.co/5oG8IPGiht	https://x.com/newsnoteworthy/status/1937464711269711924	249	2	13	1	2	0	0	0	1	1	0	0	0	8.43%
1945257403571708324	Tue, Jul 15, 2025	BREAKING: In a statement just released, the Maxwell family says Ghislaine did not receive a fair trial. They will respond to the government in the U.S. Supreme Court and may file a habeas petition in SDNY based on new evidence of government misconduct. https://t.co/8bqFdN8Agf	https://x.com/newsnoteworthy/status/1945257403571708324	249	4	21	0	1	0	0	1	1	1	0	0	0	6.45%
1910436197853278641	Thu, Apr 10, 2025	Stunned and speechless, witnesses watch a helicopter crash into the Hudson. https://t.co/CXBIKnIgAL	https://x.com/newsnoteworthy/status/1910436197853278641	248	5	16	0	0	0	0	1	0	3	0	0	0	3.24%
1953139292189999563	Wed, Aug 6, 2025	@OpenAI Woah woah woah!!!!!	https://x.com/newsnoteworthy/status/1953139292189999563	247	3	8	0	1	0	0	0	0	5	0	0	0	7.69%
1948206323264274596	Thu, Jul 24, 2025	A firefighting helicopter crashed into the Elefsina Gulf in Greece whilst working to combat major wildfires across the country. All three crew members were rescued by the Hellenic Coast Guard in good health. https://t.co/GxQ9ysZUhd	https://x.com/newsnoteworthy/status/1948206323264274596	247	7	19	0	0	0	0	3	6	1	0	0	0	2.02%
1933328408760455338	Fri, Jun 13, 2025	BREAKING: Iraq has closed its airspace and suspended all air traffic at Iraqi airports. -- state news agency	https://x.com/newsnoteworthy/status/1933328408760455338	247	4	5	0	0	0	0	1	0	0	0	0	0	5.28%
1933332834090885330	Fri, Jun 13, 2025	BREAKING: Accompanying the Israeli airstrikes, Mossad has carried out several covert operations aimed at destroying key nuclear facilities and defense systems in the country. -- News Israel 13	https://x.com/newsnoteworthy/status/1933332834090885330	246	4	13	0	1	0	1	1	4	3	0	0	0	7.85%
1967682598005772699	Mon, Sep 15, 2025	BREAKING: U.S. Military conducts second kinetic strike against Venezuelan drug trafficking cartels in the Caribbean Sea. https://t.co/j4AQINIH9b	https://x.com/newsnoteworthy/status/1967682598005772699	242	8	19	0	0	0	1	1	1	7	0	0	0	4.58%
1948871710855336007	Fri, Jul 25, 2025	BREAKING: A Southwest flight departing Burbank abruptly descended 475 feet shortly after takeoff to avoid a potential mid-air collision. Passengers say screaming and panic broke out onboard during the sudden drop. https://t.co/jSrlzJWsMu	https://x.com/newsnoteworthy/status/1948871710855336007	240	7	11	0	0	0	0	1	0	1	0	0	0	4.66%
1911906753383375088	Mon, Apr 14, 2025	Karmelo Anthony, the 17-year-old accused in the fatal stabbing of fellow student Austin Metcalf during a Frisco track meet, has been released from custody after his bond was reduced from $1 million to $250,000. He’s been released to house arrest with an ankle monitor as the case https://t.co/R9JfWs6sFX	https://x.com/newsnoteworthy/status/1911906753383375088	236	6	11	0	0	0	0	1	2	1	0	0	0	2.13%
1933709273453690961	Sat, Jun 14, 2025	UPDATE: North, south, and central parts of Israel are now under rocket alert - sirens sounding now.	https://x.com/newsnoteworthy/status/1933709273453690961	235	4	5	0	0	0	0	1	0	0	0	0	0	2.98%
1933803700901863474	Sat, Jun 14, 2025	Video via @RobSiegelNYC	https://x.com/newsnoteworthy/status/1933803700901863474	235	4	7	0	0	0	0	0	2	1	0	0	0	3.40%
1939387059283591588	Sun, Jun 29, 2025	@TheMaineWonk “Exploded.”*	https://x.com/newsnoteworthy/status/1939387059283591588	235	2	8	0	0	0	0	0	3	3	0	0	0	4.72%
1933326777893462142	Fri, Jun 13, 2025	Israeli Prime Minister Benjamin Netanyahu: the operation in Iran will persist "for as long as it takes."	https://x.com/newsnoteworthy/status/1933326777893462142	233	5	11	0	0	0	0	1	3	2	0	0	0	26.29%
1906436341589569958	Sun, Mar 30, 2025	JUST IN: Shots fired from a rooftop in Murmansk, Russia moments ago. Authorities are responding to the city center as shots are repeatedly fired from the top of a building. No words on casualties or the assailant. #Russian #putin #Ukraine #murmansk https://t.co/nqlh57vhHp	https://x.com/newsnoteworthy/status/1906436341589569958	232	7	61	0	0	0	3	3	4	42	0	0	0	8.23%
1971682274690441346	Fri, Sep 26, 2025	President Trump: “I am ordering my Administration to declassify and release all Government Records related to Amelia Earhart, her final trip, and everything else about her.” https://t.co/oavYVRZOXn	https://x.com/newsnoteworthy/status/1971682274690441346	231	6	19	0	0	0	0	0	3	6	0	0	0	6.55%
1933647168033992926	Fri, Jun 13, 2025	BREAKING: More missiles are enroute to Israel from Iran, expected to arrive momentarily. https://t.co/MsVCBtdtVS	https://x.com/newsnoteworthy/status/1933647168033992926	229	3	15	0	0	0	0	2	2	0	0	0	0	10.04%
1943472001999417433	Fri, Jul 11, 2025	Trump: “Starting August 1, 2025, we will charge Canada a Tariff of 35% on Canadian products sent into the United States.” https://t.co/KFiiD9tg0Q	https://x.com/newsnoteworthy/status/1943472001999417433	229	7	23	0	0	0	0	1	1	9	0	0	0	1.31%
1944141913864687984	Sat, Jul 12, 2025	Update: Isolated incident in Chattanooga, no threat to the public at this time.	https://x.com/newsnoteworthy/status/1944141913864687984	229	3	3	0	0	0	0	0	0	0	0	0	0	8.77%
1937469361977008482	Tue, Jun 24, 2025	TRUMP: “We basically have two countries that have been fighting so long and so hard that they don’t know what the f—k they’re doing.” https://t.co/ix5oYn2XB7	https://x.com/newsnoteworthy/status/1937469361977008482	228	3	20	1	2	0	0	0	1	14	0	0	0	3.10%
1972348953044902178	Sun, Sep 28, 2025	Eric Adams has dropped out of the New York City mayoral race amid polls that showed him trailing multiple candidates. https://t.co/TSzwGD1YT2	https://x.com/newsnoteworthy/status/1972348953044902178	226	4	7	0	0	0	0	1	0	2	0	0	0	3.56%
1939388485586055420	Sun, Jun 29, 2025	Arlington FD: The black sprinter van was a vehicle in use by a delivery company, and the fire was extinguished upon arrival by the first due fire engine. No injuries reported.	https://x.com/newsnoteworthy/status/1939388485586055420	225	4	8	0	0	0	0	0	1	3	0	0	0	6.70%
1933325683343978748	Fri, Jun 13, 2025	U.S. Secretary of State Rubio: “We are not involved in strikes against Iran…Iran should not target U.S. interests or personnel.” https://t.co/92hOGE62zI	https://x.com/newsnoteworthy/status/1933325683343978748	224	3	15	0	2	0	0	1	0	3	0	0	0	4.91%
1936892416096715157	Sun, Jun 22, 2025	@AZ_Intel_ WOAH! I hope everyone is okay.	https://x.com/newsnoteworthy/status/1936892416096715157	224	3	11	0	0	0	0	0	0	8	0	0	0	7.24%
1939371018964938808	Sun, Jun 29, 2025	Citizens in western Prince Edward County, Virginia urged to shelter in place amid search for “armed and dangerous” male sought for murder of a citizen and firing on a police officer. https://t.co/TFauyvkLtK	https://x.com/newsnoteworthy/status/1939371018964938808	221	4	16	0	0	0	0	0	4	8	0	0	0	0.90%
1969812708771197283	Sun, Sep 21, 2025	@johncoogan @tbpn @NYSE Looking great!	https://x.com/newsnoteworthy/status/1969812708771197283	221	1	2	0	0	0	0	0	0	1	0	0	0	5.94%
1935561029812900175	Thu, Jun 19, 2025	NOW: Iranian strikes on southern Israel. These are high rise residential apartment buildings surrounding the impact crater. https://t.co/amf3CE6mwH	https://x.com/newsnoteworthy/status/1935561029812900175	219	3	13	0	0	0	0	1	1	3	0	0	0	1.83%
1934714450302341321	Mon, Jun 16, 2025	@intelFromBrian Amazing reporting, Brian!	https://x.com/newsnoteworthy/status/1934714450302341321	219	1	4	0	0	0	1	0	1	1	0	0	0	10.96%
1911514603797782840	Sun, Apr 13, 2025	USGS: Magnitude 6.5 earthquake strikes the Fiji Islands Region, north of New Zealand. Unclear if any tsunami threat at this time.	https://x.com/newsnoteworthy/status/1911514603797782840	219	6	24	0	0	0	1	1	5	11	0	0	0	5.50%
1933392292355719261	Fri, Jun 13, 2025	Iranian drones reportedly seen flying over Iraq; the IDF reports that over 100 drones are enroute to Israel. https://t.co/ePu0xO3mA8	https://x.com/newsnoteworthy/status/1933392292355719261	218	2	12	0	0	0	0	1	2	7	0	0	0	6.42%
1972507982413127969	Mon, Sep 29, 2025	@rawsalerts Take all the time you need. Family is the most important. Praying for you 🙏🙏	https://x.com/newsnoteworthy/status/1972507982413127969	218	6	14	0	0	0	0	0	2	6	0	0	0	8.76%
1969188362201272463	Fri, Sep 19, 2025	WATCH: United States conducts third known kinetic strike on a drug running vessel, resulting in the death of all onboard according to President Trump. https://t.co/CFzTSFE7HY	https://x.com/newsnoteworthy/status/1969188362201272463	217	6	19	0	0	0	0	1	0	11	0	0	0	9.72%
1963014270909874437	Tue, Sep 2, 2025	WATCH: U.S. military conducts precision strike on drug vessel leaving Venezuela, kills 11 narcoterrorists. https://t.co/agbSIaqdc7	https://x.com/newsnoteworthy/status/1963014270909874437	216	6	21	0	0	0	1	1	0	13	0	0	0	7.91%
1948815681908343254	Fri, Jul 25, 2025	ALBUQUERQUE, N.M. (AP) — One person is dead and another wounded following a shooting early Friday at a dormitory complex at the University of New Mexico, prompting a campus-wide search for the suspect. https://t.co/cGGQM3gA5c	https://x.com/newsnoteworthy/status/1948815681908343254	215	6	17	0	0	0	0	1	1	1	0	0	0	5.14%
1933345415492940205	Fri, Jun 13, 2025	BREAKING: White House says Trump will attend a National Security Council meeting at 11 a.m. EST. This is the only item on his schedule for now. https://t.co/q31o37eagC	https://x.com/newsnoteworthy/status/1933345415492940205	214	3	11	0	0	0	0	1	0	2	0	0	0	5.61%
1943113543399936181	Thu, Jul 10, 2025	Trump has appointed Secretary of Transportation Sean Duffy as the new Interim Administrator of NASA following the nomination withdraw of Jared Isaacman for the position. https://t.co/oVir6zhvoQ	https://x.com/newsnoteworthy/status/1943113543399936181	214	2	12	0	0	0	0	0	0	3	0	0	0	13.15%
1934449326060949909	Mon, Jun 16, 2025	@AZ_Intel_ It’s just getting started 🫣	https://x.com/newsnoteworthy/status/1934449326060949909	213	7	28	0	0	0	0	0	8	13	0	0	0	3.76%
1972337783797858406	Sun, Sep 28, 2025	https://t.co/srQx57JBFL	https://x.com/newsnoteworthy/status/1972337783797858406	213	2	8	0	0	0	0	1	3	0	0	0	0	4.25%
1968394808646303958	Wed, Sep 17, 2025	BREAKING: Fed cuts rates by 25bps to 4.00–4.25%, first cut since December. More cuts likely this year.	https://x.com/newsnoteworthy/status/1968394808646303958	212	3	9	0	0	0	0	1	0	5	0	0	0	9.91%
1911505691069554734	Sun, Apr 13, 2025	Explosion Rocks Central Texas Neighborhood with 6 Injured, 1 in Critical Condition. https://t.co/JRtJY7PIbO	https://x.com/newsnoteworthy/status/1911505691069554734	212	7	21	1	1	0	0	1	0	8	0	0	0	3.79%
1952102598649016424	Sun, Aug 3, 2025	@Brooketaylortv Congrats to her! 🙌	https://x.com/newsnoteworthy/status/1952102598649016424	211	3	8	0	0	0	0	1	0	4	0	0	0	9.09%
1977177879697072250	Sun, Oct 12, 2025	@thatdudereed_ That looks yummy!	https://x.com/newsnoteworthy/status/1977177879697072250	209	2	19	0	0	0	0	1	3	13	0	0	0	9.66%
1943441489159504330	Thu, Jul 10, 2025	@AZ_Intel_ It feels like each week we are covering something more insane than the last, but would definitely say that Israel-Iran war given the impacts it could have had had it not been stopped. In terms of catastrophe, there has unfortunately been far too many to keep track of.	https://x.com/newsnoteworthy/status/1943441489159504330	207	10	20	0	0	0	0	0	4	6	0	0	0	7.73%
1933324940138459381	Fri, Jun 13, 2025	Emergency alerts now being sent out to people in Israel in response to fears of an incoming Iranian missile attack. https://t.co/S3kyuyFbo6	https://x.com/newsnoteworthy/status/1933324940138459381	207	3	16	0	0	0	1	1	3	5	0	0	0	0.48%
1945183230463742130	Tue, Jul 15, 2025	UPDATE: Police have arrested the armed kidnapping suspect in Los Angeles. https://t.co/BZJZYiunx1	https://x.com/newsnoteworthy/status/1945183230463742130	207	1	1	0	0	0	0	0	0	0	0	0	0	11.22%
1979988417761906720	Sun, Oct 19, 2025	JUST IN: Russia attack coal mine in Dnipropetrovsk, Ukraine with large swath of drones, 192 employees trapped underground, according to energy company DTEK. https://t.co/QpineoufxK	https://x.com/newsnoteworthy/status/1979988417761906720	205	3	23	0	0	0	5	1	2	12	0	0	0	1.47%
1944543822261919961	Sun, Jul 13, 2025	@OC_Scanner What is there to gain from hacking Elmo? lol	https://x.com/newsnoteworthy/status/1944543822261919961	204	3	3	0	0	0	0	0	0	0	0	0	0	1.99%
1937186835350061231	Mon, Jun 23, 2025	BREAKING: Iran is reportedly positioning missile launchers for a potential strike on U.S. forces in the Middle East, according to American officials cited by the Wall Street Journal.	https://x.com/newsnoteworthy/status/1937186835350061231	201	1	4	0	0	0	0	0	1	2	0	0	0	5.50%
1945082219539640478	Tue, Jul 15, 2025	@RepMikeCollins Rest in peace Fred. You are truly a hero 🙏🕊️	https://x.com/newsnoteworthy/status/1945082219539640478	200	8	11	0	0	0	0	0	1	2	0	0	0	9.14%
1934957324638015685	Tue, Jun 17, 2025	WATCH: Video shows a large boat fire happening now in Miami, FL. https://t.co/ST06RswevK	https://x.com/newsnoteworthy/status/1934957324638015685	197	2	18	0	0	0	0	1	3	9	0	0	0	4.62%
1933905596539179162	Sat, Jun 14, 2025	UPDATE: Officials say the suspect impersonated law enforcement with a fake police vehicle equipped with flashing red and blue lights. A manifesto was found in the vehicle containing a list of lawmakers.	https://x.com/newsnoteworthy/status/1933905596539179162	195	4	9	0	0	1	0	1	2	1	0	0	0	1.03%
1938763046031368590	Sat, Jun 28, 2025	@MarioNawfal It’s been crazy lately..	https://x.com/newsnoteworthy/status/1938763046031368590	195	2	2	0	0	0	0	0	0	0	0	0	0	6.22%
1942271086533501128	Mon, Jul 7, 2025	BREAKING: Trump sends formal letters to South Korea and Japan announcing 25% tariffs as part of new trade measures. https://t.co/sRdPjfxNTL	https://x.com/newsnoteworthy/status/1942271086533501128	193	4	12	0	0	0	0	1	0	1	0	0	0	5.76%
1941516291850014964	Sat, Jul 5, 2025	@Diseased_19 This is the statement he released. https://t.co/KHF9iwN6aL	https://x.com/newsnoteworthy/status/1941516291850014964	191	1	11	0	0	0	1	0	0	2	1	0	0	2.13%
1938296087502053696	Thu, Jun 26, 2025	UPDATE:	https://x.com/newsnoteworthy/status/1938296087502053696	188	3	4	0	0	0	0	0	0	1	0	0	0	8.02%
1912232247752589557	Tue, Apr 15, 2025	@SholdonDaniels Sending thoughts and prayers to your community. Thankfully, it looks like none of the 3 shot are in critical condition. 🙏	https://x.com/newsnoteworthy/status/1912232247752589557	187	7	15	0	0	0	0	0	1	7	0	0	0	4.32%
1940863032693072381	Thu, Jul 3, 2025	@ChynoNews @ABC https://t.co/ZbNxux17to	https://x.com/newsnoteworthy/status/1940863032693072381	185	2	8	0	0	0	0	0	0	2	0	0	0	3.26%
1938760648973803602	Sat, Jun 28, 2025	@AZ_Intel_ 🚒	https://x.com/newsnoteworthy/status/1938760648973803602	184	2	6	0	0	0	0	0	1	3	0	0	0	8.70%
1938294515413967012	Thu, Jun 26, 2025	NOW: A McLennan County Sheriff’s Department helicopter is circling the area. Authorities have not released any additional details on what the reported threat involves. https://t.co/z5wkNpCMHN	https://x.com/newsnoteworthy/status/1938294515413967012	184	3	16	0	1	0	1	1	0	8	0	0	0	2.17%
1950050817483968950	Tue, Jul 29, 2025	@IntelPointAlert Thank you! Fantastic job today.	https://x.com/newsnoteworthy/status/1950050817483968950	184	3	4	0	0	0	0	0	1	0	0	0	0	4.92%
1935018781580894404	Tue, Jun 17, 2025	NEW: President Donald Trump has issued a direct warning to Iran’s Supreme Leader, saying that the U.S. knows his location and that he is “an easy target.” Trump said the U.S. is not taking action “at least not for now.” https://t.co/rkHhjqEesl	https://x.com/newsnoteworthy/status/1935018781580894404	183	2	9	0	0	0	0	0	2	3	0	0	0	6.25%
1947741087571054915	Tue, Jul 22, 2025	BREAKING: Ozzy Osbourne has passed away at 76 years old. https://t.co/6ytnkE45Xi	https://x.com/newsnoteworthy/status/1947741087571054915	176	7	11	0	0	0	0	2	1	1	0	0	0	34.66%
1904254794102976889	Mon, Mar 24, 2025	WATCH: Sirens sound in central Tel Aviv as the Houthis launch a ballistic missile towards Israel from Yemen. Distant explosions were said to have been heard following the sirens. https://t.co/OQbrZA6Wgr	https://x.com/newsnoteworthy/status/1904254794102976889	176	8	61	0	1	0	0	2	7	41	0	0	0	8.57%
1954916923797582225	Mon, Aug 11, 2025	BREAKING: President Trump to place police in Washington, D.C. under direct federal control and deploy the National Guard amid crime in the city. https://t.co/FV3QzGtKHA	https://x.com/newsnoteworthy/status/1954916923797582225	175	5	15	0	0	0	0	0	1	8	0	0	0	8.62%
1913023353507508688	Fri, Apr 18, 2025	NOW: “The crew who flew to space this week on an automated flight by Blue Origin were brave and glam, but you cannot identify as an astronaut. They do not meet the FAA astronaut criteria” —@SecDuffy	https://x.com/newsnoteworthy/status/1913023353507508688	174	6	15	0	0	0	1	1	1	6	0	0	0	4.02%
1916261431885922430	Sat, Apr 26, 2025	Federal immigration agents arrested the wife of an active-duty Coast Guardsman earlier this week at the U.S. Naval Air Station in Key West, Florida. She was flagged during a routine security screening inside the base’s family housing area.	https://x.com/newsnoteworthy/status/1916261431885922430	174	6	7	0	0	0	0	1	0	0	0	0	0	4.07%
1946268800715813026	Fri, Jul 18, 2025	@OKCPD 🤣🤣🤣 https://t.co/0ObhoiuDfb	https://x.com/newsnoteworthy/status/1946268800715813026	172	3	7	0	0	0	0	0	2	0	0	0	0	5.29%
1948722115324121124	Fri, Jul 25, 2025	NEW: Thailand’s Border Defense Command has declared martial law in parts of Thailand’s eastern border regions amid ongoing clashes with Cambodia. กฎอัยการศึก https://t.co/2pax91aEQF	https://x.com/newsnoteworthy/status/1948722115324121124	170	3	9	0	0	0	0	1	1	1	0	0	0	11.31%
1908641044239172081	Sat, Apr 5, 2025	Secretary of State Marco Rubio has announced that the United States will be canceling, effective immediately, all visas held by South Sudanese passport holders. Additionally, no further visas will be issued to citizens of South Sudan. This decision is a direct result of South https://t.co/lA0xzcLDHD	https://x.com/newsnoteworthy/status/1908641044239172081	168	6	19	0	0	0	0	1	1	8	0	0	0	4.19%
1952006386281492791	Sun, Aug 3, 2025	@dsxf234161 can you spam Cupertino weather updates or no	https://x.com/newsnoteworthy/status/1952006386281492791	167	2	7	0	0	0	0	0	1	4	0	0	0	3.61%
1947645366821609916	Tue, Jul 22, 2025	NEW: The United States will withdraw from the United Nations Educational, Scientific and Cultural Organization (UNESCO), citing concerns over the direction of the organization and the UN as a whole. https://t.co/pr2W17akIG	https://x.com/newsnoteworthy/status/1947645366821609916	166	3	6	0	0	0	0	2	0	1	0	0	0	4.29%
1948723865661665784	Fri, Jul 25, 2025	WATCH: Cambodia launches another wave of rockets into Thailand from the Oddar Meanchey Province. https://t.co/utAWRTZoNs	https://x.com/newsnoteworthy/status/1948723865661665784	163	4	7	0	0	0	0	2	0	1	0	0	0	0.61%
1951855944377221397	Sun, Aug 3, 2025	@incidnt_tracker Wow! 🌋	https://x.com/newsnoteworthy/status/1951855944377221397	163	0	1	0	0	0	0	0	1	0	0	0	0	9.88%
1912203240990515343	Tue, Apr 15, 2025	NFL: The Miami Dolphins and DB Jalen Ramsey intend to part ways this season, according to ESPN. https://t.co/qM5RbZnsz1	https://x.com/newsnoteworthy/status/1912203240990515343	162	5	16	0	0	0	0	1	2	8	0	0	0	3.70%
1948200727274484016	Thu, Jul 24, 2025	WATCH: Florida law enforcement conduct multi-hour operation to bring a 13-year-old nonverbal child home to his family after going missing. 📷: Lee County Sheriff’s Office https://t.co/vsQ1lKmYPV	https://x.com/newsnoteworthy/status/1948200727274484016	162	2	6	0	1	0	1	1	2	0	0	0	0	0.00%
1933346195537113541	Fri, Jun 13, 2025	@DramaAlert Nice!	https://x.com/newsnoteworthy/status/1933346195537113541	162	0	0	0	0	0	0	0	0	0	0	0	0	10.56%
1914397194225860663	Mon, Apr 21, 2025	NEW ✈️: The FAA is fast-tracking a major tech upgrade to the NOTAM system, which caused a nationwide flight grounding on January 11, 2023. The new cloud-based system will allow real-time data sharing and improve reliability. It’s expected to go live by September 2025 to help https://t.co/E5eOUCcdvL	https://x.com/newsnoteworthy/status/1914397194225860663	161	7	17	0	1	0	0	2	0	2	0	0	0	3.13%
1937185020575138297	Mon, Jun 23, 2025	UPDATE: In response to the reported threat, Trump is set to meet with his national security team in the White House Situation Room at 1:00 PM.	https://x.com/newsnoteworthy/status/1937185020575138297	160	4	5	0	0	0	0	0	1	0	0	0	0	23.75%
1942409722893602902	Tue, Jul 8, 2025	@TheNewsTrending 💯 https://t.co/XAmUzzpNzo	https://x.com/newsnoteworthy/status/1942409722893602902	160	7	38	2	0	1	2	1	4	20	0	0	0	5.06%
1936445917348901269	Sat, Jun 21, 2025	@Turbinetraveler Basically nothing other than the neo has bigger engines than the ceo	https://x.com/newsnoteworthy/status/1936445917348901269	158	1	8	0	0	0	1	0	2	4	0	0	0	3.82%
1935564245967536131	Thu, Jun 19, 2025	New videos emerging of damage from on the ground. Rescue efforts are now taking place. https://t.co/zBnOlAw541	https://x.com/newsnoteworthy/status/1935564245967536131	157	2	6	0	0	0	0	1	0	1	0	0	0	7.05%
1911504995645837515	Sun, Apr 13, 2025	Austin-Travis County EMS @ Press Conference: - 6 total patients. - 2 patients from primary residence, 1 critical and 1 serious. - 1 patient from second residence is in critical. - 2 firefighters evaluated, 1 transported to hospital with minor injuries. - all patients are	https://x.com/newsnoteworthy/status/1911504995645837515	156	5	11	0	0	0	0	0	0	6	0	0	0	11.04%
1905765941255995885	Fri, Mar 28, 2025	Photos show a small helicopter on its side after an emergency landing in Chuluota, Florida earlier this afternoon. No property damage was reported, and the sole occupant escaped unscathed. #helicopter #plane #crash #florida #Orlando Media: Seminole County Fire Department https://t.co/i6sFbnrMRd	https://x.com/newsnoteworthy/status/1905765941255995885	154	6	17	0	0	0	0	1	2	5	0	0	0	3.95%
1948334853516152883	Thu, Jul 24, 2025	WATCH: Thai soldiers seek shelter as Cambodian artillery strikes the Phanom Dong Rak Hospital (โรงพยาบาลพนมดงรัก). https://t.co/OgK8qTmhxI	https://x.com/newsnoteworthy/status/1948334853516152883	152	2	6	0	0	0	0	0	2	1	0	0	0	7.95%
1933324133343113433	Fri, Jun 13, 2025	Senior Israeli source Hillel Bitton Rosen: High probability that the Iranian Chief of Staff was assassinated. https://t.co/QnEDWeC0da	https://x.com/newsnoteworthy/status/1933324133343113433	151	4	12	0	0	0	0	2	3	3	0	0	0	2.00%
1951856917472501812	Sun, Aug 3, 2025	@WedgeLIVE Huh?!	https://x.com/newsnoteworthy/status/1951856917472501812	150	0	3	0	0	0	1	0	2	0	0	0	0	9.40%
1938292895351505281	Thu, Jun 26, 2025	@AZ_Intel_ Freeze frame of the fireball: https://t.co/XAo88qnbw2	https://x.com/newsnoteworthy/status/1938292895351505281	149	3	14	0	1	0	0	0	0	7	0	0	0	2.70%
1934699675824640013	Mon, Jun 16, 2025	@AZ_Intel_ So much going on 🫨	https://x.com/newsnoteworthy/status/1934699675824640013	148	1	4	0	0	0	0	0	0	3	0	0	0	13.51%
1906042549686378504	Sat, Mar 29, 2025	UPDATE: Photos indicate that the plane has crashed into a residential, single family house. Looks to be a small plane. No immediate word on casualties. #BREAKING https://t.co/z7rB7GMv9t	https://x.com/newsnoteworthy/status/1906042549686378504	148	7	20	0	0	0	1	2	1	7	0	1	0	17.57%
1906076500475969644	Sat, Mar 29, 2025	Mercedes being pursued by FHP crashes into two stationary tow trucks, killing 3 and critically injuring two more. Two women and a man, occupants of the Mercedes, were killed on impact. A 39 year old man from Palm Bay, FL was airlifted after being trapped under his tow truck. https://t.co/KoTr6kqnpz	https://x.com/newsnoteworthy/status/1906076500475969644	148	9	26	0	0	0	0	2	1	7	0	0	0	23.65%
1944175629798154750	Sat, Jul 12, 2025	@mspammajamma Here’s a link to the CDC’s article. Plague symptoms like chills, headache, or weakness are common in other illnesses. But if someone has buboes or blackened skin, it may be more serious. Always consult a medical professional for proper diagnosis and care. https://t.co/PHGiyh5cF5	https://x.com/newsnoteworthy/status/1944175629798154750	148	4	35	0	0	0	1	0	0	0	30	0	0	23.29%
1914233051384627612	Mon, Apr 21, 2025	BREAKING: Pope Francis has passed away at age 88, according to The Vatican. https://t.co/aeBB0SC9yN	https://x.com/newsnoteworthy/status/1914233051384627612	146	7	34	0	0	0	1	2	5	17	0	0	0	4.11%
1976516147383025911	Fri, Oct 10, 2025	@Ameripino_ph @urbanintent Wow, glad you are okay. I cannot imagine going through an earthquake of that magnitude. Stay safe!	https://x.com/newsnoteworthy/status/1976516147383025911	146	2	6	0	0	0	1	0	3	0	0	0	0	1.40%
1953609123893002607	Fri, Aug 8, 2025	@rawsalerts Looks fierce. I like it a lot!	https://x.com/newsnoteworthy/status/1953609123893002607	143	1	2	0	0	0	0	0	0	1	0	0	0	15.38%
1939716112746258903	Mon, Jun 30, 2025	@indsocavenger At first glance, this individual seems to be the person. Great reporting! https://t.co/WBVJtSk24M	https://x.com/newsnoteworthy/status/1939716112746258903	143	4	22	0	0	1	1	1	0	13	0	0	0	2.11%
1973978024384278998	Fri, Oct 3, 2025	@AustinMa119728 I hope you’re safe!	https://x.com/newsnoteworthy/status/1973978024384278998	142	1	3	0	0	0	0	0	1	1	0	0	0	25.53%
1911769462342033800	Mon, Apr 14, 2025	The hatch is sealed and final checks are in motion as NS-31 nears the GO for terminal countdown at T-minus 10 minutes. https://t.co/xm8h7dzmJF	https://x.com/newsnoteworthy/status/1911769462342033800	141	5	36	0	0	0	0	1	1	3	26	0	0	6.57%
1910021758142345677	Wed, Apr 9, 2025	BREAKING: Trump raises tariffs on China to 125%, effective immediately. https://t.co/FpVuoFqxrV	https://x.com/newsnoteworthy/status/1910021758142345677	137	5	9	0	0	0	1	1	1	1	0	0	0	9.63%
1911805553820512389	Mon, Apr 14, 2025	NOW: President of El Salvador Bukele arrives at White House for likely discussion with Trump on Kilmar Abrego Garcia’s return after Supreme Court order. https://t.co/K3q331JK2S	https://x.com/newsnoteworthy/status/1911805553820512389	135	5	13	0	0	0	0	1	2	4	0	0	0	7.41%
1906128581899489673	Sat, Mar 29, 2025	#BREAKING: All northbound lanes of the 101 Freeway were shutdown earlier today here Los Angeles following a shooting near Mission Road.	https://x.com/newsnoteworthy/status/1906128581899489673	135	6	10	0	0	0	0	1	1	2	0	0	0	12.78%
1914292441659724211	Mon, Apr 21, 2025	President Trump has responded to the passing of Pope Francis, who died earlier today at age 88. https://t.co/k2raYi0a0j	https://x.com/newsnoteworthy/status/1914292441659724211	133	6	17	0	0	0	0	1	0	7	0	0	0	4.62%
1936601769464766638	Sun, Jun 22, 2025	@ethnicenclave A type of munition only in the inventory of the United States that is specifically designed to penetrate hardened, underground targets.	https://x.com/newsnoteworthy/status/1936601769464766638	130	2	6	0	0	0	0	0	4	0	0	0	0	1.55%
1949231327632298161	Sat, Jul 26, 2025	@weatherchannel Woah! 🤯 I’m glad he’s okay!	https://x.com/newsnoteworthy/status/1949231327632298161	129	2	2	0	0	0	0	0	0	0	0	0	0	3.17%
1947701420913738148	Tue, Jul 22, 2025	Speaker Mike Johnson says that he would shut down the House until September to block a vote on calling for the release of the Jeffrey Epstein files. —NYT https://t.co/s0B9gcpbxz	https://x.com/newsnoteworthy/status/1947701420913738148	126	2	4	2	1	0	0	0	0	1	0	0	0	16.94%
1906033344774647849	Sat, Mar 29, 2025	Videos circulating of a man in a Batman costume at today’s ‘Freedom for İmamoğlu’ rally in Maltepe. Türkiye. The man stated that he “came here (to the rally) because the theme of the character is about justice." #Turkey #erdoğandanmüjde68binatama https://t.co/pLwblACOei	https://x.com/newsnoteworthy/status/1906033344774647849	124	7	21	0	0	0	1	2	5	4	0	0	0	4.88%
1954966392299721077	Mon, Aug 11, 2025	UPDATE: There is one confirmed fatality, and two individuals are missing.	https://x.com/newsnoteworthy/status/1954966392299721077	123	2	6	0	0	0	0	1	1	2	0	0	0	13.93%
1906005106400575901	Sat, Mar 29, 2025	Defense Secretary Pete Hegseth is facing scrutiny for bringing his wife to sensitive military meetings with foreign officials. While he had the authority to do so, the move broke standard protocol, prompting concerns over national security practices. #Hegseth #NationalSecurity	https://x.com/newsnoteworthy/status/1906005106400575901	122	7	17	0	0	0	1	1	2	5	0	1	0	1.64%
1935463127946346609	Wed, Jun 18, 2025	@TheInsiderPaper Already?!?!	https://x.com/newsnoteworthy/status/1935463127946346609	122	1	2	0	0	0	0	0	0	1	0	0	0	0.85%
1945214123370848481	Tue, Jul 15, 2025	@MarioNawfal Scanner traffic indicates that the shooter fired shots out a door also.	https://x.com/newsnoteworthy/status/1945214123370848481	118	1	1	0	0	0	0	0	0	0	0	0	0	18.80%
1915910248415571978	Fri, Apr 25, 2025	NEW: Provo police in Utah detained a man near Provo Towne Centre mall today after he was found with a firearm, ammunition, and four devices resembling homemade pipe bombs. The bomb squad safely removed the devices. The investigation is ongoing. @KSLcom	https://x.com/newsnoteworthy/status/1915910248415571978	117	5	22	0	0	0	0	1	4	12	0	0	0	23.48%
1906202756915827119	Sun, Mar 30, 2025	JUST IN: Multiple people reported to have been shot at Pier Park in Panama City Beach, Florida. The shooting occurred earlier tonight amid thousands of spring breakers descending on the city. #BreakingNews‌ #PanamaCityBeach #shooting https://t.co/s6ajEO2z01	https://x.com/newsnoteworthy/status/1906202756915827119	115	6	27	0	0	0	1	1	1	15	0	0	0	13.16%
1933321127541002356	Fri, Jun 13, 2025	Additional documentation of a targeted assassination. https://t.co/R1nqrtizxh	https://x.com/newsnoteworthy/status/1933321127541002356	114	3	15	0	0	0	0	1	1	3	0	0	0	26.79%
1906135293956133300	Sun, Mar 30, 2025	BREAKING: United States conducts multiple airstrikes in Somalia. Reports indicate that several ISIS terrorists were killed Southeast of Bosasso, Puntland, in Northeastern Somalia. Stay tuned &amp; follow for updates. #BREAKING #ISIS #Somalia https://t.co/Ir7oRdQ8WX	https://x.com/newsnoteworthy/status/1906135293956133300	112	8	30	0	0	0	0	1	6	15	0	0	0	9.17%
1905950498701660403	Sat, Mar 29, 2025	Tragedy in Myanmar: Over 1,000 Dead as Earthquake Rescue Efforts Continue. #Myanmar #MyanmarEarthquake2025 https://t.co/1Mqu21wKlR	https://x.com/newsnoteworthy/status/1905950498701660403	109	6	10	0	0	0	0	1	1	1	0	0	0	9.52%
1906449219910529101	Sun, Mar 30, 2025	https://t.co/dtYoAhX5Rt	https://x.com/newsnoteworthy/status/1906449219910529101	105	7	10	0	0	0	1	1	0	1	0	0	0	2.88%
1936633169542848575	Sun, Jun 22, 2025	@AustinLouis5 @AZ_Intel_ Tracking it now. Thanks for the heads up!	https://x.com/newsnoteworthy/status/1936633169542848575	104	1	3	0	0	0	0	0	0	2	0	0	0	19.61%
1907211162732609804	Tue, Apr 1, 2025	FLASH: Randy Fine will win the special election for Florida’s 6th Congressional District. #BREAKING #RandyFine #JoshWeil https://t.co/AK7obyhRKP	https://x.com/newsnoteworthy/status/1907211162732609804	102	6	20	1	0	0	0	2	2	10	0	0	0	20.00%
1906079093700821103	Sat, Mar 29, 2025	The pilot of the TBM-700 (N721MB) was cleared to land on runway 9 but was soon advised to check altitude. The last recorded data showed the aircraft at 2,100 feet, traveling at 77 knots. Moments later, it crashed into a home in brooklyn park, minnesota. https://t.co/jyKH22BVFT	https://x.com/newsnoteworthy/status/1906079093700821103	100	8	20	0	0	0	0	1	1	8	0	0	0	30.00%
1907190915527282812	Tue, Apr 1, 2025	JUST IN: School bus carrying at least 20 occupants has flipped on I-10 near Marana, Arizona. 10 patients are being transported by ambulance to a local hospital whilst 12 patients are currently enroute via bus to area hospitals. Local hospitals were put on standby for an https://t.co/FbI3H5buNd	https://x.com/newsnoteworthy/status/1907190915527282812	100	6	30	0	0	0	1	2	3	18	0	0	0	18.00%
1909321531001290821	Mon, Apr 7, 2025	Flames continue to ravage a waste sorting site in central Paris, France. Approximately 100 firefighters have been mobilized. The public is advised to exercise caution due to toxic fumes. Stay with us for updates. https://t.co/PdCFBIpmFU	https://x.com/newsnoteworthy/status/1909321531001290821	100	7	18	0	0	0	0	2	0	8	0	0	0	8.08%
1911745496739168716	Mon, Apr 14, 2025	Man accused of setting fire near Pennsylvania Gov. Josh Shapiro’s home allegedly planned to attack him with a hammer, documents reveal. https://t.co/ZEqIyOueXL	https://x.com/newsnoteworthy/status/1911745496739168716	99	5	8	0	0	0	0	1	1	1	0	0	0	7.37%
1976691854906175998	Fri, Oct 10, 2025	@Mistaken_galaxy Accurate Energetic Systems, a military explosives company.	https://x.com/newsnoteworthy/status/1976691854906175998	95	2	7	0	0	0	0	1	0	4	0	0	0	1.05%
1958999999326331154	Fri, Aug 22, 2025	@crumbl I’m in the mood for a sweet treat.	https://x.com/newsnoteworthy/status/1958999999326331154	95	0	1	0	0	0	1	0	0	0	0	0	0	16.84%
1906039929106264088	Sat, Mar 29, 2025	Photos are circulating of counter-protests at Tesla and Elon Musk rallies around the world. The images below are from Cypress, Texas, where rallies continue in opposition to Musk’s actions. #ElonMusk #Tesla #CounterProtest #GlobalRallies https://t.co/1wmMkt0hun	https://x.com/newsnoteworthy/status/1906039929106264088	95	8	16	0	0	0	0	1	2	4	0	0	0	22.58%
1906142780302250367	Sun, Mar 30, 2025	NOW: Gators 🐊 beat Texas Tech (84-79) #Gators #basketball https://t.co/MiDhX8GzRp	https://x.com/newsnoteworthy/status/1906142780302250367	93	7	21	0	0	0	1	1	4	7	0	0	0	4.30%
1953949007946129498	Fri, Aug 8, 2025	@AustinLouis5 Unknown at this time.	https://x.com/newsnoteworthy/status/1953949007946129498	93	1	4	0	0	0	0	0	0	3	0	0	0	14.13%
1938084819570987091	Thu, Jun 26, 2025	@MiamiPDScanner @IntelPointAlert Highly unlikely. That anomaly on the map was a result of the radar at the Shelby County Airport being down for ~30 minutes. The weird phenomenon on the radar was just a result of the technicians brining it back online.	https://x.com/newsnoteworthy/status/1938084819570987091	92	9	13	0	0	0	1	0	1	2	0	0	0	13.19%
1906107122162806823	Sat, Mar 29, 2025	Wildfires continue to break out in the greater-Central Florida region amidst dry conditions. Rain is expected tomorrow and through the start of the week for this region. High winds continue to fuel new starts.	https://x.com/newsnoteworthy/status/1906107122162806823	91	6	12	0	0	0	0	1	0	5	0	0	0	21.11%
1906089177935970438	Sat, Mar 29, 2025	BREAKING: Houthi media has reported upwards of seven airstrikes by U.S. forces in the Saada Governorate, northwest Yemen. This marks the 16th straight day of airstrikes against the Houthis. #Houthis #USA #Trump #BREAKING https://t.co/xczwQ3scbM	https://x.com/newsnoteworthy/status/1906089177935970438	90	10	19	0	0	1	1	1	2	4	0	0	0	17.05%
1942002704890409424	Sun, Jul 6, 2025	@michaelschwab13 Unfortunately, the original story was removed &amp; it was based on inaccurate reporting from a volunteer on the ground. Please be cautious when sharing news like this as it can have serious impacts on the families of those awaiting answers on their loved ones. https://t.co/gvVE55qN3U	https://x.com/newsnoteworthy/status/1942002704890409424	88	2	15	0	0	0	0	1	0	1	0	0	0	20.69%
1934119872499191892	Sun, Jun 15, 2025	@layziOSINT @FaytuksNetwork Congratulations!	https://x.com/newsnoteworthy/status/1934119872499191892	87	4	18	0	0	0	0	0	4	10	0	0	0	23.81%
1906506752734183727	Mon, Mar 31, 2025	President Trump has announced, following a call with British Prime Minister Kier Starmer, that police in Scotland have located the three “terrorists” that vandalized Trump’s premier Turnberry property in Scotland. Vandals attacked the property earlier this month with anti-Trump https://t.co/yATKrSRUzH	https://x.com/newsnoteworthy/status/1906506752734183727	84	6	20	0	0	0	0	1	1	9	0	0	0	18.07%
1906437821507719535	Sun, Mar 30, 2025	UPDATE: Heavy shots fired as authorities and responding officers engage with heavily armed assailant on a rooftop in Murmansk, Russia. #BREAKING #murmansk #Russia https://t.co/5AdJQz31KU	https://x.com/newsnoteworthy/status/1906437821507719535	83	6	15	0	0	0	0	0	2	6	0	0	0	38.55%
1906065798575378601	Sat, Mar 29, 2025	NEW RECORD 🤧: Metro Atlanta has broken a 35-year record for pollen levels, with today’s count soaring to an unprecedented 14,801, according to Atlanta Allergy and Asthma. #atlanta #pollen #georgia #allergy #asthma https://t.co/0G5Pn8EcCT	https://x.com/newsnoteworthy/status/1906065798575378601	83	6	32	0	0	0	0	1	1	23	0	0	0	12.20%
1934007833835561245	Sat, Jun 14, 2025	@rawsalerts Well said!	https://x.com/newsnoteworthy/status/1934007833835561245	82	2	10	0	0	0	0	0	2	6	0	0	0	15.85%
1906441910941897078	Sun, Mar 30, 2025	UPDATE: More footage coming out of Murmansk, Russia of an assailant firing high powered shots at apartment buildings and responding officers in the city. Casualties remained unclear. Unknown if the suspect is still on the rooftop. Stay tuned for more. https://t.co/FjrPTAdMLF	https://x.com/newsnoteworthy/status/1906441910941897078	82	6	13	0	0	0	0	1	1	5	0	0	0	27.16%
1906422277933297959	Sun, Mar 30, 2025	AMAZING: Chinese rescue team deployed to Mandalay, Myanmar saves a survivor who was trapped in the rubble for nearly 60 hours. #Mandalay #Myanmar #MyanmarEarthquake #Thailand #Bangkok #uplifting https://t.co/HT1d3lwsYY	https://x.com/newsnoteworthy/status/1906422277933297959	81	8	22	0	0	0	0	3	2	9	0	0	0	3.75%
1933954944866111867	Sat, Jun 14, 2025	@CrimeWithBobby The incident involves the Hydrogen Recovery Unit 300 Train. The response has been upgraded to a 3A Mutual Aid Fire, with multiple agencies on scene.	https://x.com/newsnoteworthy/status/1933954944866111867	80	1	3	0	0	0	0	0	0	2	0	0	0	10.00%
1909997108469342605	Wed, Apr 9, 2025	Attorney General Pamela Bondi has established a Second Amendment Task Force within the Department of Justice. According to the DOJ, the task force will focus on coordinating legal and policy efforts related to the enforcement of Second Amendment rights. https://t.co/vRMGEKpNPP	https://x.com/newsnoteworthy/status/1909997108469342605	80	5	8	0	0	0	0	1	0	2	0	0	0	10.26%
1943111501063037085	Thu, Jul 10, 2025	@SarahAshtonLV Stay safe, Sarah! 🙏	https://x.com/newsnoteworthy/status/1943111501063037085	78	2	8	0	0	0	2	0	1	3	0	0	0	3.85%
1936946897861894572	Mon, Jun 23, 2025	@LASDHQ Should I wait here for a few minutes just in case you decide to edit again?	https://x.com/newsnoteworthy/status/1936946897861894572	78	3	3	0	0	0	0	0	0	0	0	0	0	2.60%
1943776042100908365	Fri, Jul 11, 2025	@CrimeWithBobby Congratulations! So happy for you both and wishing you two the best in this next chapter 🤍💍🍾	https://x.com/newsnoteworthy/status/1943776042100908365	77	2	2	0	0	0	0	0	0	0	0	0	0	16.88%
1905970382420541788	Sat, Mar 29, 2025	🇨🇦 Canada has launched a new billboard campaign across the U.S. to encourage American consumers to reflect on and discuss the economic impacts of recent US-imposed tariffs. #canada #CanadaUSTradeWar #tariffs #economy #tax 📸: CTV, Wesh, and Yahoo https://t.co/5k4owG4ogG	https://x.com/newsnoteworthy/status/1905970382420541788	77	6	13	0	0	0	1	1	2	2	0	0	0	5.33%
1939514460340887596	Mon, Jun 30, 2025	@del_kaden16475 @OBAManager @lhpsbaseball @BUncommitted @FlatgroundApp @NCSA_Baseball @CoachHarrisNCSA You've got a great arm! Nice work, man!	https://x.com/newsnoteworthy/status/1939514460340887596	75	1	4	0	0	0	0	0	2	1	0	0	0	2.67%
1941655048280248745	Sun, Jul 6, 2025	@rawsalerts ??	https://x.com/newsnoteworthy/status/1941655048280248745	75	0	2	0	0	0	0	0	1	1	0	0	0	4.05%
1942075929812979755	Mon, Jul 7, 2025	@RedClayEveryDay I hope you’re safe! 🙏	https://x.com/newsnoteworthy/status/1942075929812979755	74	1	3	0	0	0	0	0	1	1	0	0	0	19.72%
1906123696508747875	Sat, Mar 29, 2025	HERO: The viral images circulating online of the window cleaner hanging onto the side of the building in Bangkok during the earthquake has an even crazier backstory. Photos show that another employee was actually holding onto the safety ropes from the very top floor, even during https://t.co/8oCpNSf8aF	https://x.com/newsnoteworthy/status/1906123696508747875	71	6	14	0	0	0	0	1	2	4	0	0	0	17.14%
1907192295369105484	Tue, Apr 1, 2025	Photo depicting school bus rollover near Marana Rd. on I-10. Both sides of I-10 remain closed in this area. https://t.co/r3LpqODMoi	https://x.com/newsnoteworthy/status/1907192295369105484	70	6	12	0	0	0	0	1	0	3	0	0	0	11.59%
1906474750806823145	Sun, Mar 30, 2025	Trump will visit Saudi Arabia in mid-May on his first foreign trip since returning to the White House, aiming to boost economic ties, discuss Middle East conflicts, and push for Gaza and Ukraine ceasefires. #Trump #SaudiArabia #MiddleEast	https://x.com/newsnoteworthy/status/1906474750806823145	69	6	8	0	0	0	1	1	0	0	0	0	0	2.90%
1935823167659864247	Thu, Jun 19, 2025	@AustinLouis5 Correct.	https://x.com/newsnoteworthy/status/1935823167659864247	69	0	2	0	0	0	0	0	0	2	0	0	0	18.84%
1906094495008989210	Sat, Mar 29, 2025	Johns Hopkins University has instructed faculty and staff not to intervene if federal law enforcement officers, including ICE, come on campus, nor to conceal individuals from ICE officers. This decision comes after some universities, such as Columbia, had funding withdrawn for	https://x.com/newsnoteworthy/status/1906094495008989210	69	6	13	0	0	0	1	1	0	5	0	0	0	4.41%
1951794937843900639	Sat, Aug 2, 2025	@LugnutX We were waiting on an official statement, so thank you for sharing!	https://x.com/newsnoteworthy/status/1951794937843900639	68	2	3	0	0	0	0	0	0	1	0	0	0	15.15%
1906002221919072256	Sat, Mar 29, 2025	Hundreds of international students in the U.S. are receiving emails from the U.S. Department of State urging them to voluntarily leave the country due to campus activism. The emails are not limited to students who physically took part in protests, but also target those who simply https://t.co/RfeAsWIn3L	https://x.com/newsnoteworthy/status/1906002221919072256	66	6	10	0	0	0	1	2	0	1	0	0	0	12.31%
1906125267942203514	Sat, Mar 29, 2025	Trump Backs Waltz: Trump expressed confidence in National Security Adviser Michael Waltz despite a Signal chat mishap involving sensitive military plans, calling the controversy “fake news.”	https://x.com/newsnoteworthy/status/1906125267942203514	65	6	8	0	0	0	1	1	0	0	0	0	0	25.00%
1906401384523599954	Sun, Mar 30, 2025	NEW: South Korean authorities are probing a 56 year old man for his role in starting a deadly wildfire earlier this month that killed 30 people. It is believed that the man was performing an ancestral rite near a family grave in Uiseong county, North Gyeongsang province. He has https://t.co/u8GnMAZ12k	https://x.com/newsnoteworthy/status/1906401384523599954	64	6	16	0	0	0	1	1	0	8	0	0	0	12.70%
1906146424028270955	Sun, Mar 30, 2025	https://t.co/ZD3Ze1p08u	https://x.com/newsnoteworthy/status/1906146424028270955	63	6	8	0	0	0	0	1	0	0	1	0	0	6.56%
1972365336067649886	Sun, Sep 28, 2025	@AustinLouis5 🙏🙏	https://x.com/newsnoteworthy/status/1972365336067649886	61	0	4	0	0	0	0	0	0	4	0	0	0	11.67%
1906343565350904071	Sun, Mar 30, 2025	🇷🇺 🇺🇸: Donald Trump is reportedly “pissed off” with Vladimir Putin over the Ukraine war and is threatening new tariffs on Russian oil if the violence continues. #russia #Ukraine #trump #Putin https://t.co/ZCI2pqYWj9	https://x.com/newsnoteworthy/status/1906343565350904071	60	6	7	0	0	0	0	1	0	0	0	0	0	6.78%
1944634828344951078	Mon, Jul 14, 2025	@NBC10_ErinC @NBC10 Thank you for covering this. Prayers for all involved, including the first responders 🙏	https://x.com/newsnoteworthy/status/1944634828344951078	59	2	4	0	0	0	0	1	1	0	0	0	0	15.52%
1906208136895037554	Sun, Mar 30, 2025	A Kenyan UN peacekeeper has been killed in an ambush near Tabant, Central African Republic. The attack, blamed on the A Zande Anikpigbe militia, was condemned by the UN, which vowed to bring those responsible to justice. #kenya #ambush #UN #centralafricanrepublic #attack https://t.co/PgAoiMw5Ki	https://x.com/newsnoteworthy/status/1906208136895037554	58	6	9	0	0	0	1	1	0	1	0	0	0	16.36%
1942414101570883636	Tue, Jul 8, 2025	@TheNewsTrending @grok how do I get more likes on my comment thanks	https://x.com/newsnoteworthy/status/1942414101570883636	55	3	9	0	0	0	1	0	1	4	0	0	0	17.31%
1906474908214817043	Sun, Mar 30, 2025	https://t.co/ANNDWkNwVo	https://x.com/newsnoteworthy/status/1906474908214817043	52	6	9	0	0	0	0	1	0	1	1	0	0	16.00%
1906854482740166700	Mon, Mar 31, 2025	🇨🇳🇹🇼 Chinese military conducts joint exercises with army, navy, and rocket force around Taiwan, according to the Eastern Theater Command. #China #Taiwan #Military	https://x.com/newsnoteworthy/status/1906854482740166700	50	6	8	0	0	0	0	1	0	1	0	0	0	25.00%
1933632614986100976	Fri, Jun 13, 2025	@Andreaz_Intel Don’t listen to them, keep doing what you do. You’ve been crushing it recently, and doing magnitudes better than most everybody. 👍	https://x.com/newsnoteworthy/status/1933632614986100976	48	3	12	0	0	0	0	0	1	8	0	0	0	4.17%
1970567904518140198	Tue, Sep 23, 2025	@NexaNews_ Thank you!	https://x.com/newsnoteworthy/status/1970567904518140198	48	1	2	0	0	0	0	0	0	1	0	0	0	2.13%
1946550693373919708	Sat, Jul 19, 2025	@GlobalReportX I hope everyone is okay! 🙏	https://x.com/newsnoteworthy/status/1946550693373919708	47	0	1	0	0	0	1	0	0	0	0	0	0	19.15%
1939526976219336743	Mon, Jun 30, 2025	@TheNewsTrending Well deserved! 🔥	https://x.com/newsnoteworthy/status/1939526976219336743	47	2	9	0	0	0	1	0	1	5	0	0	0	0.00%
1950618877982904354	Wed, Jul 30, 2025	@OrangeCoSheriff Thank you for your hard work in solving cases and your passion for helping victims! 👏	https://x.com/newsnoteworthy/status/1950618877982904354	39	0	0	0	0	0	0	0	0	0	0	0	0	18.92%
1936429333645525414	Sat, Jun 21, 2025	@SqrlReporter Great reporting squirrel reporter	https://x.com/newsnoteworthy/status/1936429333645525414	37	1	7	0	0	0	1	0	3	2	0	0	0	8.33%
1950298292493127773	Tue, Jul 29, 2025	@StottIsKing Yes, all clear given. The panic is now believed to have been caused by some sort of fight at one of the stores in the mall. A follow up post has been made to clarify this.	https://x.com/newsnoteworthy/status/1950298292493127773	36	1	3	0	0	0	0	0	0	2	0	0	0	11.11%
1945123035041677586	Tue, Jul 15, 2025	@FAANews Honestly, I think adults need this too! 😳🤣	https://x.com/newsnoteworthy/status/1945123035041677586	36	4	4	0	0	0	0	0	0	0	0	0	0	5.56%
1946551186733076647	Sat, Jul 19, 2025	@GlobalReportX Thank you for your quick response! Great reporting	https://x.com/newsnoteworthy/status/1946551186733076647	36	2	2	0	0	0	0	0	0	0	0	0	0	6.25%
1940545757490405718	Wed, Jul 2, 2025	@AustinLouis5 Local media revising it to a gang related shooting.	https://x.com/newsnoteworthy/status/1940545757490405718	32	2	2	0	0	0	0	0	0	0	0	0	0	18.75%
1952042725597237483	Sun, Aug 3, 2025	@globalsentinel8 Exciting!	https://x.com/newsnoteworthy/status/1952042725597237483	32	1	6	0	0	0	0	0	3	2	0	0	0	3.23%
1944921950121283702	Tue, Jul 15, 2025	@wxchanneldesk @kczar18 The Weather Channel 😮	https://x.com/newsnoteworthy/status/1944921950121283702	31	0	1	0	0	0	0	0	1	0	0	0	0	12.90%
1939761481035207049	Mon, Jun 30, 2025	@TheNewsTrending 👀	https://x.com/newsnoteworthy/status/1939761481035207049	31	1	4	0	0	0	1	0	1	1	0	0	0	18.52%
1946034962626445343	Fri, Jul 18, 2025	@TheNewsTrending Thanks!	https://x.com/newsnoteworthy/status/1946034962626445343	27	2	5	0	0	0	0	1	2	0	0	0	0	20.00%
1972364778598248489	Sun, Sep 28, 2025	@AustinLouis5 To my knowledge, they have not confirmed how many victims they expect to be found, just that they do expect to find more victims given the hundreds of people they believe to have been in the church at the time of the incident. Horrible tragedy.	https://x.com/newsnoteworthy/status/1972364778598248489	25	0	5	0	0	0	1	0	0	4	0	0	0	16.00%
1935820030769250328	Thu, Jun 19, 2025	@JennFair7 Thank you so much!	https://x.com/newsnoteworthy/status/1935820030769250328	25	3	4	0	0	0	1	0	0	0	0	0	0	47.83%
1942414392919748694	Tue, Jul 8, 2025	@grok @TheNewsTrending This was truly profound ❤️	https://x.com/newsnoteworthy/status/1942414392919748694	23	4	11	0	0	0	1	0	1	5	0	0	0	9.52%
1949246858477621256	Sat, Jul 26, 2025	@WESH Praying for the victims and their families 🙏	https://x.com/newsnoteworthy/status/1949246858477621256	21	1	2	0	0	0	0	0	1	0	0	0	0	31.58%
1934803367533916530	Tue, Jun 17, 2025	@HexdlineNews 😂	https://x.com/newsnoteworthy/status/1934803367533916530	19	2	6	0	0	0	0	0	1	3	0	0	0	16.67%
1957183291418714439	Sun, Aug 17, 2025	@HexdlineNews 🙌🙌🙌	https://x.com/newsnoteworthy/status/1957183291418714439	18	2	3	0	0	0	0	0	0	1	0	0	0	18.75%
1953949296161960326	Fri, Aug 8, 2025	@King1diot An unknown gunman opened fire nearby. At least one police officer was shot, it’s unknown if anyone else was hit.	https://x.com/newsnoteworthy/status/1953949296161960326	16	2	3	0	0	0	1	0	0	0	0	0	0	23.08%
1934471417698934826	Mon, Jun 16, 2025	@JennFair7 @9NewsSyd Very!	https://x.com/newsnoteworthy/status/1934471417698934826	13	3	3	0	0	0	0	0	0	0	0	0	0	7.69%
1974523972151873726	Sat, Oct 4, 2025	@snowgiraffe007 Thank you so much for your support!	https://x.com/newsnoteworthy/status/1974523972151873726	13	1	1	0	0	0	0	0	0	0	0	0	0	7.69%
1933996528579772640	Sat, Jun 14, 2025	@docchill29 Definitely looks like that. Look at his eyes, it appears there is a gap between his real eyes and a purported face mask.	https://x.com/newsnoteworthy/status/1933996528579772640	13	1	1	0	0	0	0	0	0	0	0	0	0	16.67%
1937650288921297046	Tue, Jun 24, 2025	@falefaks 🙏	https://x.com/newsnoteworthy/status/1937650288921297046	12	0	2	0	0	0	0	0	0	2	0	0	0	41.67%
1953219858587631991	Wed, Aug 6, 2025	@MiamiPDScanner Awesome!	https://x.com/newsnoteworthy/status/1953219858587631991	12	2	5	0	0	0	0	0	1	2	0	0	0	8.33%
1934085396834525563	Sun, Jun 15, 2025	@always_correct Hi, yes. This article is in fact true. Provided below is the link to it, scroll down to find it as it is part of an AP live update on the situation. Hope this helps. https://t.co/cti0iFxJUW	https://x.com/newsnoteworthy/status/1934085396834525563	12	1	1	0	0	0	0	0	0	0	0	0	0	36.36%
1933422123059720429	Fri, Jun 13, 2025	@HexdlineNews 💤	https://x.com/newsnoteworthy/status/1933422123059720429	11	2	4	0	0	0	0	0	0	2	0	0	0	27.27%
1953219694384595128	Wed, Aug 6, 2025	@CTPOLICELIVE Great coverage!	https://x.com/newsnoteworthy/status/1953219694384595128	11	2	3	0	0	0	0	0	0	1	0	0	0	22.22%
1938296747165466881	Thu, Jun 26, 2025	@deerpointmacro 👀	https://x.com/newsnoteworthy/status/1938296747165466881	9	1	2	0	0	0	0	0	1	0	0	0	0	#N/A