{"type":"Feature","properties":{"mag":6.5,"place":"126 km NNE of Teluknaga, Indonesia","time":1789161835907,"updated":1789248599017,"tz":null,"url":"https://earthquake.usgs.gov/earthquakes/eventpage/us7000tgrk","felt":21,"cdi":3.4,"mmi":3.013,"alert":"green","status":"reviewed","tsunami":0,"sig":657,"net":"us","code":"7000tgrk","ids":",us7000tgrk,usauto7000tgrk,","sources":",us,usauto,","types":",dyfi,ground-failure,internal-moment-tensor,losspager,moment-tensor,origin,phase-data,shakemap,","nst":116,"dmin":5.557,"rms":0.73,"gap":23,"magType":"mww","type":"earthquake","title":"M 6.5 - 126 km NNE of Teluknaga, Indonesia","products":{"dyfi":[{"indexid":28585856,"indexTime":1789217924863,"id":"urn:usgs-product:us:dyfi:us7000tgrk:1789217917281","type":"dyfi","code":"us7000tgrk","source":"us","updateTime":1789217917281,"status":"UPDATE","properties":{"depth":"372","eventsource":"us","eventsourcecode":"7000tgrk","eventtime":"2026-09-11T21:23:55.000Z","latitude":"-4.9832","longitude":"106.8742","magnitude":"6.5","maxmmi":"3.4","num-responses":"21","numResp":"21","pdl-client-version":"Version 3.5.4 2026-01-22"},"preferredWeight":158,"contents":{"dyfi_zip.geojson":{"contentType":"application/octet-stream","lastModified":1789217916000,"length":4732,"url":"https://earthquake.usgs.gov/product/dyfi/us7000tgrk/us/1789217917281/dyfi_zip.geojson","sha256":"I7cTuSN8t34bBbbnAvB1G+QgEiaV2RSpD1X1b1IUsEM="},"dyfi_geo_10km.geojson":{"contentType":"application/octet-stream","lastModified":1789217916000,"length":12887,"url":"https://earthquake.usgs.gov/product/dyfi/us7000tgrk/us/1789217917281/dyfi_geo_10km.geojson","sha256":"uBKdvsC48OZjq8upTQOUHbZvxMU2ywPcNbrl/u1T5Uk="},"dyfi_geo_1km.geojson":{"contentType":"application/octet-stream","lastModified":1789217916000,"length":14806,"url":"https://earthquake.usgs.gov/product/dyfi/us7000tgrk/us/1789217917281/dyfi_geo_1km.geojson","sha256":"kqA7jh/KxS/BOPEsdHfM7FGjJ3SNxqbKQzmj8B1Zwm4="},"cdi_geo.txt":{"contentType":"text/plain","lastModified":1789217916000,"length":1315,"url":"https://earthquake.usgs.gov/product/dyfi/us7000tgrk/us/1789217917281/cdi_geo.txt","sha256":"3ZcmBRkLDiBE2onCjLm/wHaXGWK/0S1e7PKQt3EAbgQ="},"us7000tgrk_ciim_geo_imap.html":{"contentType":"text/html","lastModified":1789217916000,"length":2331,"url":"https://earthquake.usgs.gov/product/dyfi/us7000tgrk/us/1789217917281/us7000tgrk_ciim_geo_imap.html","sha256":"mld8zeg0OZCnk5TxEK5LyLfl1zn270Xgds8ouqtkHIw="},"contents.xml":{"contentType":"application/xml","lastModified":1789217916000,"length":4224,"url":"https://earthquake.usgs.gov/product/dyfi/us7000tgrk/us/1789217917281/contents.xml","sha256":"iRAzxmAIAei2T0HJyafM1NBqJJ/p2ejaz5rRDLHpxOY="},"us7000tgrk_ciim_geo.pdf":{"contentType":"application/pdf","lastModified":1789217916000,"length":62988,"url":"https://earthquake.usgs.gov/product/dyfi/us7000tgrk/us/1789217917281/us7000tgrk_ciim_geo.pdf","sha256":"ozwkbdQe829QxeK4aDg0wHDjMtpXe4/mNaXXYjMjKog="},"cdi_geo_1km.txt":{"contentType":"text/plain","lastModified":1789217916000,"length":1780,"url":"https://earthquake.usgs.gov/product/dyfi/us7000tgrk/us/1789217917281/cdi_geo_1km.txt","sha256":"TGs6k66Y+ZVtYK49bWo3LIiale0f0qIqO/rEdNAVdtI="},"dyfi_plot_atten.json":{"contentType":"application/json","lastModified":1789217916000,"length":892,"url":"https://earthquake.usgs.gov/product/dyfi/us7000tgrk/us/1789217917281/dyfi_plot_atten.json","sha256":"bG9qLrr+p3Th9CvXcyL56oZV+MOKhcxgqGP/YuwquxE="},"us7000tgrk_plot_atten.jpg":{"contentType":"image/jpeg","lastModified":1789217916000,"length":34424,"url":"https://earthquake.usgs.gov/product/dyfi/us7000tgrk/us/1789217917281/us7000tgrk_plot_atten.jpg","sha256":"/b+Yp6CACTJ/yJ6IueSQL33dAD35HcqYY2G7ebBlf0w="},"cdi_geo.xml":{"contentType":"application/xml","lastModified":1789217916000,"length":4141,"url":"https://earthquake.usgs.gov/product/dyfi/us7000tgrk/us/1789217917281/cdi_geo.xml","sha256":"b+L45fXyWfU7RypJ9oh6XWsguXjHdBU2ZyecQf/827s="},"us7000tgrk_ciim_geo.jpg":{"contentType":"image/jpeg","lastModified":1789217916000,"length":83652,"url":"https://earthquake.usgs.gov/product/dyfi/us7000tgrk/us/1789217917281/us7000tgrk_ciim_geo.jpg","sha256":"YwkeQxn4puDKpg+xfgQUElWCRqddL22VjILJfKac7QI="},"cdi_zip.xml":{"contentType":"application/xml","lastModified":1789217916000,"length":3222,"url":"https://earthquake.usgs.gov/product/dyfi/us7000tgrk/us/1789217917281/cdi_zip.xml","sha256":"XlPdOGjcqboYiGK59xrsA+nisrtCsxi4G7jV20apQDw="},"dyfi_geo.kmz":{"contentType":"application/vnd.google-earth.kmz","lastModified":1789217916000,"length":1690,"url":"https://earthquake.usgs.gov/product/dyfi/us7000tgrk/us/1789217917281/dyfi_geo.kmz","sha256":"CrE9GGENZ1rYa/22eCLD7TVb8y9cStte6LZB1olll1E="},"us7000tgrk_ciim.jpg":{"contentType":"image/jpeg","lastModified":1789217916000,"length":87450,"url":"https://earthquake.usgs.gov/product/dyfi/us7000tgrk/us/1789217917281/us7000tgrk_ciim.jpg","sha256":"M91pzmTb4uyhsauEpOtOdu/HPOzd8gpjRc2A+vmBEWk="},"us7000tgrk_plot_numresp.ps":{"contentType":"application/postscript","lastModified":1789217916000,"length":30080,"url":"https://earthquake.usgs.gov/product/dyfi/us7000tgrk/us/1789217917281/us7000tgrk_plot_numresp.ps","sha256":"Y09zaVFLd6UI+ZmitVPIKZ4zW9udFC+y0ri6OE00A/4="},"dyfi_zip.kmz":{"contentType":"application/vnd.google-earth.kmz","lastModified":1789217916000,"length":1558,"url":"https://earthquake.usgs.gov/product/dyfi/us7000tgrk/us/1789217917281/dyfi_zip.kmz","sha256":"ykfa5s+JI4D4gnpKe03+BaoRMJLUwXU9foxCG2tx2h8="},"cdi_zip.txt":{"contentType":"text/plain","lastModified":1789217916000,"length":1635,"url":"https://earthquake.usgs.gov/product/dyfi/us7000tgrk/us/1789217917281/cdi_zip.txt","sha256":"1kGbUw3xNkGViWX6LI3hqo5Up2U1PaC688BXAishz7Y="},"event_data.xml":{"contentType":"application/xml","lastModified":1789217916000,"length":3018,"url":"https://earthquake.usgs.gov/product/dyfi/us7000tgrk/us/1789217917281/event_data.xml","sha256":"GXDvpy8pN2tBSl3T8HBRToGmhTMH7h6I97Eo8nsRSvU="},"us7000tgrk_ciim.ps":{"contentType":"application/postscript","lastModified":1789217916000,"length":170450,"url":"https://earthquake.usgs.gov/product/dyfi/us7000tgrk/us/1789217917281/us7000tgrk_ciim.ps","sha256":"fMLLximeJA1sQgAxwmwWj2Zs71ZztDYR9mwIGNKH+fU="},"us7000tgrk_plot_numresp.txt":{"contentType":"text/plain","lastModified":1789217916000,"length":1007,"url":"https://earthquake.usgs.gov/product/dyfi/us7000tgrk/us/1789217917281/us7000tgrk_plot_numresp.txt","sha256":"9wXGf5s7LCGS7R01F20wQzTufoI3AV46i5093L+zsug="},"dyfi_plot_numresp.json":{"contentType":"application/json","lastModified":1789217916000,"length":1606,"url":"https://earthquake.usgs.gov/product/dyfi/us7000tgrk/us/1789217917281/dyfi_plot_numresp.json","sha256":"pvyUX5TbDr+THXgKENHRgLsMQ/NXR/8rWdeXHB39g4w="},"us7000tgrk_ciim.pdf":{"contentType":"application/pdf","lastModified":1789217916000,"length":63825,"url":"https://earthquake.usgs.gov/product/dyfi/us7000tgrk/us/1789217917281/us7000tgrk_ciim.pdf","sha256":"qcb+9Ufjp6syW0C7J/HZlmxrHfJkcVoenNz7MplCnh4="},"us7000tgrk_ciim_imap.html":{"contentType":"text/html","lastModified":1789217916000,"length":1441,"url":"https://earthquake.usgs.gov/product/dyfi/us7000tgrk/us/1789217917281/us7000tgrk_ciim_imap.html","sha256":"dBuo50bHtH1PCwIpGQTeUC1C/o0VmAM1nYZc+j7dAhQ="},"us7000tgrk_ciim_geo.ps":{"contentType":"application/postscript","lastModified":1789217916000,"length":164916,"url":"https://earthquake.usgs.gov/product/dyfi/us7000tgrk/us/1789217917281/us7000tgrk_ciim_geo.ps","sha256":"PWatHqbNSnBNIwyaInIXtftHkHAlfc0szFU/QiUiLOc="},"dyfi.kmz":{"contentType":"application/vnd.google-earth.kmz","lastModified":1789217916000,"length":1156,"url":"https://earthquake.usgs.gov/product/dyfi/us7000tgrk/us/1789217917281/dyfi.kmz","sha256":"M1l+0KTdpIJa3DPqJ2Aay49gnkwBNK0hvNZNWGLBQo4="},"us7000tgrk_plot_numresp.jpg":{"contentType":"image/jpeg","lastModified":1789217916000,"length":32452,"url":"https://earthquake.usgs.gov/product/dyfi/us7000tgrk/us/1789217917281/us7000tgrk_plot_numresp.jpg","sha256":"0QPh9Rx8fTY29Q+Vt/RzGvZuJOrGUDCXzDWT8hs0zLg="},"us7000tgrk_plot_atten.ps":{"contentType":"application/postscript","lastModified":1789217916000,"length":44895,"url":"https://earthquake.usgs.gov/product/dyfi/us7000tgrk/us/1789217917281/us7000tgrk_plot_atten.ps","sha256":"ecMrXszCPP5fofo3g1EPkUAPF1j27QRYA4vNu9nuafw="},"us7000tgrk_plot_atten.txt":{"contentType":"text/plain","lastModified":1789217916000,"length":412,"url":"https://earthquake.usgs.gov/product/dyfi/us7000tgrk/us/1789217917281/us7000tgrk_plot_atten.txt","sha256":"wSBuozFElUgQjdAKlJxt8NZ071bMhnBJDPz5mZFmFUI="}}},{"indexid":28585644,"indexTime":1789212537622,"id":"urn:usgs-product:us:dyfi:us7000tgrk:1789212529261","type":"dyfi","code":"us7000tgrk","source":"us","updateTime":1789212529261,"status":"UPDATE","properties":{"depth":"358.597","eventsource":"us","eventsourcecode":"7000tgrk","eventtime":"2026-09-11T21:23:55.000Z","latitude":"-5.0932","longitude":"106.903","magnitude":"6.6","maxmmi":"3.8","num-responses":"21","numResp":"21","pdl-client-version":"Version 3.5.4 2026-01-22"},"preferredWeight":158,"contents":{"dyfi_zip.geojson":{"contentType":"application/octet-stream","lastModified":1789212528000,"length":5044,"url":"https://earthquake.usgs.gov/product/dyfi/us7000tgrk/us/1789212529261/dyfi_zip.geojson","sha256":"/5Q0fbf7VGCA4qAJvCloMUNvbygfaiY/FLnBzKeaN80="},"dyfi_geo_10km.geojson":{"contentType":"application/octet-stream","lastModified":1789212528000,"length":13688,"url":"https://earthquake.usgs.gov/product/dyfi/us7000tgrk/us/1789212529261/dyfi_geo_10km.geojson","sha256":"9I5du0aGGvVs10VcyN+1LaoVHq4PSj/4Ldt9EdPUNNg="},"dyfi_geo_1km.geojson":{"contentType":"application/octet-stream","lastModified":1789212528000,"length":15627,"url":"https://earthquake.usgs.gov/product/dyfi/us7000tgrk/us/1789212529261/dyfi_geo_1km.geojson","sha256":"Ew1Y+R9EAUCFFJ+PQ7XKDPd785T8lzHX8k+qeJvNPnA="},"cdi_geo.txt":{"contentType":"text/plain","lastModified":1789212528000,"length":1389,"url":"https://earthquake.usgs.gov/product/dyfi/us7000tgrk/us/1789212529261/cdi_geo.txt","sha256":"eBYB5vxfyTigUXcBxEkIhskFqaJlrn2t3P1l2mj9WKA="},"us7000tgrk_ciim_geo_imap.html":{"contentType":"text/html","lastModified":1789212528000,"length":2584,"url":"https://earthquake.usgs.gov/product/dyfi/us7000tgrk/us/1789212529261/us7000tgrk_ciim_geo_imap.html","sha256":"5JP2qPQ+b9wERKqLzMiZRg7yccfeS5n1+KNy6KFFcIE="},"contents.xml":{"contentType":"application/xml","lastModified":1789212528000,"length":4224,"url":"https://earthquake.usgs.gov/product/dyfi/us7000tgrk/us/1789212529261/contents.xml","sha256":"iRAzxmAIAei2T0HJyafM1NBqJJ/p2ejaz5rRDLHpxOY="},"us7000tgrk_ciim_geo.pdf":{"contentType":"application/pdf","lastModified":1789212528000,"length":63747,"url":"https://earthquake.usgs.gov/product/dyfi/us7000tgrk/us/1789212529261/us7000tgrk_ciim_geo.pdf","sha256":"+DYRQ8bRUYorBoClOiuKXpYv3QDmFFkZQ7SXLMjX6is="},"cdi_geo_1km.txt":{"contentType":"text/plain","lastModified":1789212528000,"length":1872,"url":"https://earthquake.usgs.gov/product/dyfi/us7000tgrk/us/1789212529261/cdi_geo_1km.txt","sha256":"gNzfvAi6TOnVfh1CgZI5fwpLse7QEVQTrupgttiZIwg="},"dyfi_plot_atten.json":{"contentType":"application/json","lastModified":1789212528000,"length":913,"url":"https://earthquake.usgs.gov/product/dyfi/us7000tgrk/us/1789212529261/dyfi_plot_atten.json","sha256":"Hp3fDxNYwJfFrLo98b9zVz1LWd5oUukucCLDOSgoTbM="},"us7000tgrk_plot_atten.jpg":{"contentType":"image/jpeg","lastModified":1789212528000,"length":34175,"url":"https://earthquake.usgs.gov/product/dyfi/us7000tgrk/us/1789212529261/us7000tgrk_plot_atten.jpg","sha256":"jtEkrLDcIWkmz4gKVHbu392GjMJWsue+Tk07VjK5+bg="},"cdi_geo.xml":{"contentType":"application/xml","lastModified":1789212528000,"length":4392,"url":"https://earthquake.usgs.gov/product/dyfi/us7000tgrk/us/1789212529261/cdi_geo.xml","sha256":"EWFauRJ7EKIbyVInAan2FjHfRefPOOT3QvFAsrq1wnw="},"us7000tgrk_ciim_geo.jpg":{"contentType":"image/jpeg","lastModified":1789212528000,"length":83802,"url":"https://earthquake.usgs.gov/product/dyfi/us7000tgrk/us/1789212529261/us7000tgrk_ciim_geo.jpg","sha256":"c85M2UyoolFaML8RwfB3iodL+V1pYC2qvEWHSd0u/40="},"cdi_zip.xml":{"contentType":"application/xml","lastModified":1789212528000,"length":3435,"url":"https://earthquake.usgs.gov/product/dyfi/us7000tgrk/us/1789212529261/cdi_zip.xml","sha256":"V6B2ylxtCCafkLqR5NhbhFHopf9ohrOcb2ka/sEvDJA="},"dyfi_geo.kmz":{"contentType":"application/vnd.google-earth.kmz","lastModified":1789212528000,"length":1742,"url":"https://earthquake.usgs.gov/product/dyfi/us7000tgrk/us/1789212529261/dyfi_geo.kmz","sha256":"vlsWhoGraYQI/LOVWmcmfWdyzUOhhUoSBiHBDd7y9bc="},"us7000tgrk_ciim.jpg":{"contentType":"image/jpeg","lastModified":1789212528000,"length":87835,"url":"https://earthquake.usgs.gov/product/dyfi/us7000tgrk/us/1789212529261/us7000tgrk_ciim.jpg","sha256":"wQAnq+aPH906zHCjc5izuIQiP89TdGcXm1BEEnRrt98="},"us7000tgrk_plot_numresp.ps":{"contentType":"application/postscript","lastModified":1789212528000,"length":30080,"url":"https://earthquake.usgs.gov/product/dyfi/us7000tgrk/us/1789212529261/us7000tgrk_plot_numresp.ps","sha256":"ac5B121cYrD1qMBnNgRCZ1QUgrMBg+IWmd/7XdTiMnc="},"dyfi_zip.kmz":{"contentType":"application/vnd.google-earth.kmz","lastModified":1789212528000,"length":1607,"url":"https://earthquake.usgs.gov/product/dyfi/us7000tgrk/us/1789212529261/dyfi_zip.kmz","sha256":"Fr8bcJgktTSso/M2uC8Nj0HqUuYFhk715e1WaXrLfR4="},"cdi_zip.txt":{"contentType":"text/plain","lastModified":1789212528000,"length":1734,"url":"https://earthquake.usgs.gov/product/dyfi/us7000tgrk/us/1789212529261/cdi_zip.txt","sha256":"xBY7gBZgoPYnOMXboZfdizS7yFjhY6zhEnVK5FSzwh8="},"event_data.xml":{"contentType":"application/xml","lastModified":1789212528000,"length":3009,"url":"https://earthquake.usgs.gov/product/dyfi/us7000tgrk/us/1789212529261/event_data.xml","sha256":"AL8yGct9+Sd4nYpeLx1qlGQX53HYDW6lt9VdBe7J9DM="},"us7000tgrk_ciim.ps":{"contentType":"application/postscript","lastModified":1789212528000,"length":170215,"url":"https://earthquake.usgs.gov/product/dyfi/us7000tgrk/us/1789212529261/us7000tgrk_ciim.ps","sha256":"MmIYz8wYy1UfFvHIZ+fyMCZnKgBVToEVVqat7c7yjPg="},"us7000tgrk_plot_numresp.txt":{"contentType":"text/plain","lastModified":1789212528000,"length":1007,"url":"https://earthquake.usgs.gov/product/dyfi/us7000tgrk/us/1789212529261/us7000tgrk_plot_numresp.txt","sha256":"9wXGf5s7LCGS7R01F20wQzTufoI3AV46i5093L+zsug="},"dyfi_plot_numresp.json":{"contentType":"application/json","lastModified":1789212528000,"length":1606,"url":"https://earthquake.usgs.gov/product/dyfi/us7000tgrk/us/1789212529261/dyfi_plot_numresp.json","sha256":"pvyUX5TbDr+THXgKENHRgLsMQ/NXR/8rWdeXHB39g4w="},"us7000tgrk_ciim.pdf":{"contentType":"application/pdf","lastModified":1789212528000,"length":64642,"url":"https://earthquake.usgs.gov/product/dyfi/us7000tgrk/us/1789212529261/us7000tgrk_ciim.pdf","sha256":"Uscr7VGOLcpaoR8X+MgbgYhBxEkQtTYfrFuvtHNMrEw="},"us7000tgrk_ciim_imap.html":{"contentType":"text/html","lastModified":1789212528000,"length":1614,"url":"https://earthquake.usgs.gov/product/dyfi/us7000tgrk/us/1789212529261/us7000tgrk_ciim_imap.html","sha256":"bjT2ZBHmCblwy/9wWFIIkcK9Sf20LGSY/OcEOQJjngI="},"us7000tgrk_ciim_geo.ps":{"contentType":"application/postscript","lastModified":1789212528000,"length":164713,"url":"https://earthquake.usgs.gov/product/dyfi/us7000tgrk/us/1789212529261/us7000tgrk_ciim_geo.ps","sha256":"DzJ9hBJH5xJ7D9XXydwVnXS2+KNlCiwK9kpHY0IHyaI="},"dyfi.kmz":{"contentType":"application/vnd.google-earth.kmz","lastModified":1789212528000,"length":1149,"url":"https://earthquake.usgs.gov/product/dyfi/us7000tgrk/us/1789212529261/dyfi.kmz","sha256":"0d2oj8sdXK6ygjoL8PrJdkSOlg6FT57qpXNpvAr4Zb4="},"us7000tgrk_plot_numresp.jpg":{"contentType":"image/jpeg","lastModified":1789212528000,"length":32445,"url":"https://earthquake.usgs.gov/product/dyfi/us7000tgrk/us/1789212529261/us7000tgrk_plot_numresp.jpg","sha256":"NdBqcicB4wlX/r66hTCumHCDJSf+/ZC0O3MvbSPgGoE="},"us7000tgrk_plot_atten.ps":{"contentType":"application/postscript","lastModified":1789212528000,"length":44856,"url":"https://earthquake.usgs.gov/product/dyfi/us7000tgrk/us/1789212529261/us7000tgrk_plot_atten.ps","sha256":"/MFYEMuLXYCThwvi43eKXNH9FB9XyFSXD9X9I+SyFc8="},"us7000tgrk_plot_atten.txt":{"contentType":"text/plain","lastModified":1789212528000,"length":422,"url":"https://earthquake.usgs.gov/product/dyfi/us7000tgrk/us/1789212529261/us7000tgrk_plot_atten.txt","sha256":"bX4bKRd42uZvLUtdvqiqafx3ODeUrqwOjOOw9gGGkYs="}}},{"indexid":28585438,"indexTime":1789206961291,"id":"urn:usgs-product:us:dyfi:us7000tgrk:1789206955038","type":"dyfi","code":"us7000tgrk","source":"us","updateTime":1789206955038,"status":"UPDATE","properties":{"depth":"358.597","eventsource":"us","eventsourcecode":"7000tgrk","eventtime":"2026-09-11T21:23:55.000Z","latitude":"-5.0932","longitude":"106.903","magnitude":"6.6","maxmmi":"3.8","num-responses":"20","numResp":"20","pdl-client-version":"Version 3.5.4 2026-01-22"},"preferredWeight":158,"contents":{"dyfi_zip.geojson":{"contentType":"application/octet-stream","lastModified":1789206954000,"length":5044,"url":"https://earthquake.usgs.gov/product/dyfi/us7000tgrk/us/1789206955038/dyfi_zip.geojson","sha256":"x2htRqgSf4uQx5ChdaJYKjBRbOIMalQhy0HQwFa2UOc="},"dyfi_geo_10km.geojson":{"contentType":"application/octet-stream","lastModified":1789206954000,"length":12886,"url":"https://earthquake.usgs.gov/product/dyfi/us7000tgrk/us/1789206955038/dyfi_geo_10km.geojson","sha256":"zWfLUSJY3ZpZdd4h6dmVP7Q2bUqcQdH0G4R57GTFpOk="},"dyfi_geo_1km.geojson":{"contentType":"application/octet-stream","lastModified":1789206954000,"length":14808,"url":"https://earthquake.usgs.gov/product/dyfi/us7000tgrk/us/1789206955038/dyfi_geo_1km.geojson","sha256":"y/Q6H30cqrD/lNoU0Es0NnMQGmusB26V0p60MRt/uV4="},"cdi_geo.txt":{"contentType":"text/plain","lastModified":1789206954000,"length":1314,"url":"https://earthquake.usgs.gov/product/dyfi/us7000tgrk/us/1789206955038/cdi_geo.txt","sha256":"Iw2v38rmYPszlSuXEnCr23quFIjNn0/tqnqsmSzLfVU="},"us7000tgrk_ciim_geo_imap.html":{"contentType":"text/html","lastModified":1789206954000,"length":2329,"url":"https://earthquake.usgs.gov/product/dyfi/us7000tgrk/us/1789206955038/us7000tgrk_ciim_geo_imap.html","sha256":"+MkNP7J0hwhMljb6Nki3xNabtX2HI+gwXnRwAZpr/94="},"contents.xml":{"contentType":"application/xml","lastModified":1789206954000,"length":4224,"url":"https://earthquake.usgs.gov/product/dyfi/us7000tgrk/us/1789206955038/contents.xml","sha256":"iRAzxmAIAei2T0HJyafM1NBqJJ/p2ejaz5rRDLHpxOY="},"us7000tgrk_ciim_geo.pdf":{"contentType":"application/pdf","lastModified":1789206954000,"length":63724,"url":"https://earthquake.usgs.gov/product/dyfi/us7000tgrk/us/1789206955038/us7000tgrk_ciim_geo.pdf","sha256":"2z0sJ5AGijY5vHAlNRTZrFe5oFH1eHLwB0KYP5df3m0="},"cdi_geo_1km.txt":{"contentType":"text/plain","lastModified":1789206954000,"length":1780,"url":"https://earthquake.usgs.gov/product/dyfi/us7000tgrk/us/1789206955038/cdi_geo_1km.txt","sha256":"+FV8lwDGcBMY78vUHMzOPsPYjI8+Z3Uus4ZDEbAELK4="},"dyfi_plot_atten.json":{"contentType":"application/json","lastModified":1789206954000,"length":896,"url":"https://earthquake.usgs.gov/product/dyfi/us7000tgrk/us/1789206955038/dyfi_plot_atten.json","sha256":"/wEPekI1jukOCJXMzerUvN69OfrayPwaZpaXP4WxVAY="},"us7000tgrk_plot_atten.jpg":{"contentType":"image/jpeg","lastModified":1789206954000,"length":34179,"url":"https://earthquake.usgs.gov/product/dyfi/us7000tgrk/us/1789206955038/us7000tgrk_plot_atten.jpg","sha256":"tbSIh8rPrtuR3SaZlV2NnYJfvvOxCtZ0ZJw95I3Jf1I="},"cdi_geo.xml":{"contentType":"application/xml","lastModified":1789206954000,"length":4143,"url":"https://earthquake.usgs.gov/product/dyfi/us7000tgrk/us/1789206955038/cdi_geo.xml","sha256":"yYLUinbtY50anmhPEzXUWhVe1Z0P4ATsXC3RtSKgqlY="},"us7000tgrk_ciim_geo.jpg":{"contentType":"image/jpeg","lastModified":1789206954000,"length":83720,"url":"https://earthquake.usgs.gov/product/dyfi/us7000tgrk/us/1789206955038/us7000tgrk_ciim_geo.jpg","sha256":"8mty4CcdatSG0XLI6gd7UB9qx4nPonb8qcLJ4aZkhpA="},"cdi_zip.xml":{"contentType":"application/xml","lastModified":1789206954000,"length":3435,"url":"https://earthquake.usgs.gov/product/dyfi/us7000tgrk/us/1789206955038/cdi_zip.xml","sha256":"vq3HrptsHWtlnwcIQtsJoza+vOcxkS6HJGDv3jA+g14="},"dyfi_geo.kmz":{"contentType":"application/vnd.google-earth.kmz","lastModified":1789206954000,"length":1705,"url":"https://earthquake.usgs.gov/product/dyfi/us7000tgrk/us/1789206955038/dyfi_geo.kmz","sha256":"IYbRS+kQLIkyFBaxMCpfWxJsiYRZq6u06PSPgSfjD7Q="},"us7000tgrk_ciim.jpg":{"contentType":"image/jpeg","lastModified":1789206954000,"length":87781,"url":"https://earthquake.usgs.gov/product/dyfi/us7000tgrk/us/1789206955038/us7000tgrk_ciim.jpg","sha256":"6MWhIswEFIS/oVdJ+P6q2qcp18TYukK9+5M0vlQyRsk="},"us7000tgrk_plot_numresp.ps":{"contentType":"application/postscript","lastModified":1789206954000,"length":30073,"url":"https://earthquake.usgs.gov/product/dyfi/us7000tgrk/us/1789206955038/us7000tgrk_plot_numresp.ps","sha256":"47fU0gAEihBuPAMA0+M/UHwLF8aPF6sqRQl75g6djmc="},"dyfi_zip.kmz":{"contentType":"application/vnd.google-earth.kmz","lastModified":1789206954000,"length":1607,"url":"https://earthquake.usgs.gov/product/dyfi/us7000tgrk/us/1789206955038/dyfi_zip.kmz","sha256":"XfSMJhXBbks3X518JT7OgYPex1iT4mf5eMs4bzhmUvw="},"cdi_zip.txt":{"contentType":"text/plain","lastModified":1789206954000,"length":1734,"url":"https://earthquake.usgs.gov/product/dyfi/us7000tgrk/us/1789206955038/cdi_zip.txt","sha256":"JIkarC9zisNfDKyH59PY9tdolBABrk85sPixDTlHQ1Y="},"event_data.xml":{"contentType":"application/xml","lastModified":1789206954000,"length":3009,"url":"https://earthquake.usgs.gov/product/dyfi/us7000tgrk/us/1789206955038/event_data.xml","sha256":"z57yAhLTBDP5cxZAozTmc0jwPwGcs8LIB38QvnAm3Xg="},"us7000tgrk_ciim.ps":{"contentType":"application/postscript","lastModified":1789206954000,"length":170224,"url":"https://earthquake.usgs.gov/product/dyfi/us7000tgrk/us/1789206955038/us7000tgrk_ciim.ps","sha256":"fSx07BSmjBkvfB0R4lXrIBXnM38p3W8x88gxcCV73yc="},"us7000tgrk_plot_numresp.txt":{"contentType":"text/plain","lastModified":1789206954000,"length":961,"url":"https://earthquake.usgs.gov/product/dyfi/us7000tgrk/us/1789206955038/us7000tgrk_plot_numresp.txt","sha256":"ixyuhAL4eW+CNMgQ6XJMl/t7h0IegX3fCxFt7UO46dI="},"dyfi_plot_numresp.json":{"contentType":"application/json","lastModified":1789206954000,"length":1534,"url":"https://earthquake.usgs.gov/product/dyfi/us7000tgrk/us/1789206955038/dyfi_plot_numresp.json","sha256":"+31vC7l1nCR+P6wIT/CTh2/EIVMp2I2sJUrRva3V0Ws="},"us7000tgrk_ciim.pdf":{"contentType":"application/pdf","lastModified":1789206954000,"length":64640,"url":"https://earthquake.usgs.gov/product/dyfi/us7000tgrk/us/1789206955038/us7000tgrk_ciim.pdf","sha256":"ZZcMDiUuLbFlG8NAZjL3Yb+lkRJ1L9N/wWWuA3xV/uI="},"us7000tgrk_ciim_imap.html":{"contentType":"text/html","lastModified":1789206954000,"length":1612,"url":"https://earthquake.usgs.gov/product/dyfi/us7000tgrk/us/1789206955038/us7000tgrk_ciim_imap.html","sha256":"iEwgL/pEp9A28RXVzgZXZe8rYNEBogaH7u1S0GFk870="},"us7000tgrk_ciim_geo.ps":{"contentType":"application/postscript","lastModified":1789206954000,"length":164670,"url":"https://earthquake.usgs.gov/product/dyfi/us7000tgrk/us/1789206955038/us7000tgrk_ciim_geo.ps","sha256":"7KTmtvt0cBTRw8QY8u3uodaGfzWC6iE434qq3wR2W+o="},"dyfi.kmz":{"contentType":"application/vnd.google-earth.kmz","lastModified":1789206954000,"length":1149,"url":"https://earthquake.usgs.gov/product/dyfi/us7000tgrk/us/1789206955038/dyfi.kmz","sha256":"N0/PRlU35RLCpuOcZIhDKxhEbSLWAp9A/V3vkKQscb4="},"us7000tgrk_plot_numresp.jpg":{"contentType":"image/jpeg","lastModified":1789206954000,"length":32790,"url":"https://earthquake.usgs.gov/product/dyfi/us7000tgrk/us/1789206955038/us7000tgrk_plot_numresp.jpg","sha256":"PIbl8jY5qpRYD/aQE4a0QpPZ0pkB5USPJsJMzXwmiyk="},"us7000tgrk_plot_atten.ps":{"contentType":"application/postscript","lastModified":1789206954000,"length":44856,"url":"https://earthquake.usgs.gov/product/dyfi/us7000tgrk/us/1789206955038/us7000tgrk_plot_atten.ps","sha256":"llNIlTv6WnVg3khyFX9oyiV9nqPuvHAfehk8J6S0xo8="},"us7000tgrk_plot_atten.txt":{"contentType":"text/plain","lastModified":1789206954000,"length":412,"url":"https://earthquake.usgs.gov/product/dyfi/us7000tgrk/us/1789206955038/us7000tgrk_plot_atten.txt","sha256":"AiuGuH0/0ISfSlp3tYUfKo3CuWEgiTsGFptuiXwhXRU="}}},{"indexid":28584208,"indexTime":1789182966451,"id":"urn:usgs-product:us:dyfi:us7000tgrk:1789182958212","type":"dyfi","code":"us7000tgrk","source":"us","updateTime":1789182958212,"status":"UPDATE","properties":{"depth":"358.597","eventsource":"us","eventsourcecode":"7000tgrk","eventtime":"2026-09-11T21:23:55.000Z","latitude":"-5.0932","longitude":"106.903","magnitude":"6.6","maxmmi":"3.8","num-responses":"19","numResp":"19","pdl-client-version":"Version 3.5.4 2026-01-22"},"preferredWeight":158,"contents":{"dyfi_zip.geojson":{"contentType":"application/octet-stream","lastModified":1789182955000,"length":5044,"url":"https://earthquake.usgs.gov/product/dyfi/us7000tgrk/us/1789182958212/dyfi_zip.geojson","sha256":"XprkRYMrZP0cnIWG8iJv3LGvzOKchBucVNR56oL0OJE="},"dyfi_geo_10km.geojson":{"contentType":"application/octet-stream","lastModified":1789182955000,"length":12886,"url":"https://earthquake.usgs.gov/product/dyfi/us7000tgrk/us/1789182958212/dyfi_geo_10km.geojson","sha256":"I7qSpDbJdEfIuxKsu84R4+ZGpoksbpMtCij4dUCS3tc="},"dyfi_geo_1km.geojson":{"contentType":"application/octet-stream","lastModified":1789182955000,"length":13988,"url":"https://earthquake.usgs.gov/product/dyfi/us7000tgrk/us/1789182958212/dyfi_geo_1km.geojson","sha256":"QSUYlOoUiKtUkYcx+haXvHrxw6FbVRKeqrfYgVMmvs8="},"cdi_geo.txt":{"contentType":"text/plain","lastModified":1789182955000,"length":1314,"url":"https://earthquake.usgs.gov/product/dyfi/us7000tgrk/us/1789182958212/cdi_geo.txt","sha256":"A/7YXHywFg1DVeAEDgy9Ycl3rhljSstgdW0T/MFermc="},"us7000tgrk_ciim_geo_imap.html":{"contentType":"text/html","lastModified":1789182955000,"length":2329,"url":"https://earthquake.usgs.gov/product/dyfi/us7000tgrk/us/1789182958212/us7000tgrk_ciim_geo_imap.html","sha256":"Fg9g7wXyS9F0ArntgQfkxs8Oct8xAEEvyunqd7YDBTQ="},"contents.xml":{"contentType":"application/xml","lastModified":1789182955000,"length":4224,"url":"https://earthquake.usgs.gov/product/dyfi/us7000tgrk/us/1789182958212/contents.xml","sha256":"iRAzxmAIAei2T0HJyafM1NBqJJ/p2ejaz5rRDLHpxOY="},"us7000tgrk_ciim_geo.pdf":{"contentType":"application/pdf","lastModified":1789182955000,"length":63726,"url":"https://earthquake.usgs.gov/product/dyfi/us7000tgrk/us/1789182958212/us7000tgrk_ciim_geo.pdf","sha256":"W32D1uUoDjYkGbZ99/oIg8KNp9wkbGxRPpaIMXWxTB4="},"cdi_geo_1km.txt":{"contentType":"text/plain","lastModified":1789182955000,"length":1688,"url":"https://earthquake.usgs.gov/product/dyfi/us7000tgrk/us/1789182958212/cdi_geo_1km.txt","sha256":"4hMOmQXqB8QBZR839v67h0hePPx61kUmeZ3oe5XJ3NE="},"dyfi_plot_atten.json":{"contentType":"application/json","lastModified":1789182955000,"length":877,"url":"https://earthquake.usgs.gov/product/dyfi/us7000tgrk/us/1789182958212/dyfi_plot_atten.json","sha256":"OQt2znH1nNFX+dgTYAlaFaJZRniQW97wk1YQ+JfYrQY="},"us7000tgrk_plot_atten.jpg":{"contentType":"image/jpeg","lastModified":1789182955000,"length":34128,"url":"https://earthquake.usgs.gov/product/dyfi/us7000tgrk/us/1789182958212/us7000tgrk_plot_atten.jpg","sha256":"bscQ4l9B9lipHrSRPPNpzwIm0vazrekGwxPgj5Qkqwk="},"cdi_geo.xml":{"contentType":"application/xml","lastModified":1789182955000,"length":4143,"url":"https://earthquake.usgs.gov/product/dyfi/us7000tgrk/us/1789182958212/cdi_geo.xml","sha256":"Ea1AlO40y5kzibsufErPQI4HoE+hqrxZqhr96yiocDs="},"us7000tgrk_ciim_geo.jpg":{"contentType":"image/jpeg","lastModified":1789182955000,"length":83666,"url":"https://earthquake.usgs.gov/product/dyfi/us7000tgrk/us/1789182958212/us7000tgrk_ciim_geo.jpg","sha256":"nVMWVyP8gNmxdvA6zymy+BkMuIbnhCDJcCs1I8XQ0YM="},"cdi_zip.xml":{"contentType":"application/xml","lastModified":1789182955000,"length":3435,"url":"https://earthquake.usgs.gov/product/dyfi/us7000tgrk/us/1789182958212/cdi_zip.xml","sha256":"d+wItkRqgObg58smKSWlPMC8QTwcQ9koO5tjg3iAtTQ="},"dyfi_geo.kmz":{"contentType":"application/vnd.google-earth.kmz","lastModified":1789182955000,"length":1704,"url":"https://earthquake.usgs.gov/product/dyfi/us7000tgrk/us/1789182958212/dyfi_geo.kmz","sha256":"IzBviQh6RIIg7oqIoDVFcuunwaCxVm08GbgQvb91mcs="},"us7000tgrk_ciim.jpg":{"contentType":"image/jpeg","lastModified":1789182955000,"length":87722,"url":"https://earthquake.usgs.gov/product/dyfi/us7000tgrk/us/1789182958212/us7000tgrk_ciim.jpg","sha256":"nYFFEdI0jnBWUoU486PhwKHYVOgWkNGzzR0m4f9Ixqg="},"us7000tgrk_plot_numresp.ps":{"contentType":"application/postscript","lastModified":1789182955000,"length":33649,"url":"https://earthquake.usgs.gov/product/dyfi/us7000tgrk/us/1789182958212/us7000tgrk_plot_numresp.ps","sha256":"R3XP0+jArZRZmbUjwUHuI9TAp3kwineqS1sbkkhYyqk="},"dyfi_zip.kmz":{"contentType":"application/vnd.google-earth.kmz","lastModified":1789182955000,"length":1606,"url":"https://earthquake.usgs.gov/product/dyfi/us7000tgrk/us/1789182958212/dyfi_zip.kmz","sha256":"2GqEy7iZCAr+LTgt6lFwJSJvxBvbDNOxZEzf5o3eXJY="},"cdi_zip.txt":{"contentType":"text/plain","lastModified":1789182955000,"length":1734,"url":"https://earthquake.usgs.gov/product/dyfi/us7000tgrk/us/1789182958212/cdi_zip.txt","sha256":"vLMcngDcM5RwRefreexYfqwVBn4fccp2/Sn12QxgQQo="},"event_data.xml":{"contentType":"application/xml","lastModified":1789182955000,"length":3009,"url":"https://earthquake.usgs.gov/product/dyfi/us7000tgrk/us/1789182958212/event_data.xml","sha256":"cH2doF661yO5WkZbFxa38DbO7AdCuz4aBGPu7Q9i/EU="},"us7000tgrk_ciim.ps":{"contentType":"application/postscript","lastModified":1789182955000,"length":170224,"url":"https://earthquake.usgs.gov/product/dyfi/us7000tgrk/us/1789182958212/us7000tgrk_ciim.ps","sha256":"b5+dEJxN/igE0awi7Q/jqx5S4m6sxr+A2GlhB91IUc4="},"us7000tgrk_plot_numresp.txt":{"contentType":"text/plain","lastModified":1789182955000,"length":843,"url":"https://earthquake.usgs.gov/product/dyfi/us7000tgrk/us/1789182958212/us7000tgrk_plot_numresp.txt","sha256":"l0gF/a4HS6LU+7iTeaFzJhXWf33PWE4EZnFoaZhAq6w="},"dyfi_plot_numresp.json":{"contentType":"application/json","lastModified":1789182955000,"length":1489,"url":"https://earthquake.usgs.gov/product/dyfi/us7000tgrk/us/1789182958212/dyfi_plot_numresp.json","sha256":"LBSWqCPjXPlj3lqRUaEmUIdgDQCVluO3lVvCZu6r5ow="},"us7000tgrk_ciim.pdf":{"contentType":"application/pdf","lastModified":1789182955000,"length":64640,"url":"https://earthquake.usgs.gov/product/dyfi/us7000tgrk/us/1789182958212/us7000tgrk_ciim.pdf","sha256":"VpokUCnuuhRLXp+guUBOLunQIj+fs4ZRXjKCBoyMBwM="},"us7000tgrk_ciim_imap.html":{"contentType":"text/html","lastModified":1789182955000,"length":1612,"url":"https://earthquake.usgs.gov/product/dyfi/us7000tgrk/us/1789182958212/us7000tgrk_ciim_imap.html","sha256":"T0lDO/PVMT8/IIxV0Z5iOOIN8B4lzOiiQ57jg7DArPw="},"us7000tgrk_ciim_geo.ps":{"contentType":"application/postscript","lastModified":1789182955000,"length":164670,"url":"https://earthquake.usgs.gov/product/dyfi/us7000tgrk/us/1789182958212/us7000tgrk_ciim_geo.ps","sha256":"9SN/RN/DN/gNlZRmXEwV86i/u5JdSVua5ayP8SkTzKg="},"dyfi.kmz":{"contentType":"application/vnd.google-earth.kmz","lastModified":1789182955000,"length":1149,"url":"https://earthquake.usgs.gov/product/dyfi/us7000tgrk/us/1789182958212/dyfi.kmz","sha256":"WegR/V6t1PgC/6g9CWHth1t1MqOdHuPkvLhqE+xP27I="},"us7000tgrk_plot_numresp.jpg":{"contentType":"image/jpeg","lastModified":1789182955000,"length":36161,"url":"https://earthquake.usgs.gov/product/dyfi/us7000tgrk/us/1789182958212/us7000tgrk_plot_numresp.jpg","sha256":"W1rHNZFhDBA7Q1WNbuQf4HkEvZC4SrJm5gVDODHqbek="},"us7000tgrk_plot_atten.ps":{"contentType":"application/postscript","lastModified":1789182955000,"length":44844,"url":"https://earthquake.usgs.gov/product/dyfi/us7000tgrk/us/1789182958212/us7000tgrk_plot_atten.ps","sha256":"4wCfje8iVC01ji//bP8/8flfwhfvVwc8LPbmq1HzsjE="},"us7000tgrk_plot_atten.txt":{"contentType":"text/plain","lastModified":1789182955000,"length":402,"url":"https://earthquake.usgs.gov/product/dyfi/us7000tgrk/us/1789182958212/us7000tgrk_plot_atten.txt","sha256":"S7CrfbJ5ifBb/VteDHGJCEeKvHIyrr9zzIFlvBeIt70="}}},{"indexid":28584091,"indexTime":1789179960814,"id":"urn:usgs-product:us:dyfi:us7000tgrk:1789179953463","type":"dyfi","code":"us7000tgrk","source":"us","updateTime":1789179953463,"status":"UPDATE","properties":{"depth":"358.597","eventsource":"us","eventsourcecode":"7000tgrk","eventtime":"2026-09-11T21:23:55.000Z","latitude":"-5.0932","longitude":"106.903","magnitude":"6.6","maxmmi":"3.8","num-responses":"18","numResp":"18","pdl-client-version":"Version 3.5.4 2026-01-22"},"preferredWeight":158,"contents":{"dyfi_zip.geojson":{"contentType":"application/octet-stream","lastModified":1789179952000,"length":4733,"url":"https://earthquake.usgs.gov/product/dyfi/us7000tgrk/us/1789179953463/dyfi_zip.geojson","sha256":"wNCxV5x97MPpt/LeHOOPMG3ZQg+uKtZZEVuHi9aHKCI="},"dyfi_geo_10km.geojson":{"contentType":"application/octet-stream","lastModified":1789179952000,"length":12086,"url":"https://earthquake.usgs.gov/product/dyfi/us7000tgrk/us/1789179953463/dyfi_geo_10km.geojson","sha256":"OvxAvUtYiVSTR1ySzdb5eaBpa8cPVBsr+Se/d328PSs="},"dyfi_geo_1km.geojson":{"contentType":"application/octet-stream","lastModified":1789179952000,"length":13169,"url":"https://earthquake.usgs.gov/product/dyfi/us7000tgrk/us/1789179953463/dyfi_geo_1km.geojson","sha256":"fSmsC3dDn7HUXM0H2mbLtWdqazYJ4rHnWicQQ6c7ZxA="},"cdi_geo.txt":{"contentType":"text/plain","lastModified":1789179952000,"length":1239,"url":"https://earthquake.usgs.gov/product/dyfi/us7000tgrk/us/1789179953463/cdi_geo.txt","sha256":"39v9v3igr/Yls5BLhNBQRU6CZNniMh1jolKC4yR1u9s="},"us7000tgrk_ciim_geo_imap.html":{"contentType":"text/html","lastModified":1789179952000,"length":2076,"url":"https://earthquake.usgs.gov/product/dyfi/us7000tgrk/us/1789179953463/us7000tgrk_ciim_geo_imap.html","sha256":"ecPe5tpU2bnBcZNzTlpnaBdCK1mPZgIuORYQvwOehuk="},"contents.xml":{"contentType":"application/xml","lastModified":1789179952000,"length":4224,"url":"https://earthquake.usgs.gov/product/dyfi/us7000tgrk/us/1789179953463/contents.xml","sha256":"iRAzxmAIAei2T0HJyafM1NBqJJ/p2ejaz5rRDLHpxOY="},"us7000tgrk_ciim_geo.pdf":{"contentType":"application/pdf","lastModified":1789179952000,"length":63698,"url":"https://earthquake.usgs.gov/product/dyfi/us7000tgrk/us/1789179953463/us7000tgrk_ciim_geo.pdf","sha256":"rARzBe7qhw04E6Z6D8r8MBIyF0iXF8gAYPaUx/pib5E="},"cdi_geo_1km.txt":{"contentType":"text/plain","lastModified":1789179952000,"length":1596,"url":"https://earthquake.usgs.gov/product/dyfi/us7000tgrk/us/1789179953463/cdi_geo_1km.txt","sha256":"4BCJjckBRkP92nw8hJn1DOWZmzL0f8P9wk8RvAZd6uY="},"dyfi_plot_atten.json":{"contentType":"application/json","lastModified":1789179952000,"length":859,"url":"https://earthquake.usgs.gov/product/dyfi/us7000tgrk/us/1789179953463/dyfi_plot_atten.json","sha256":"RcYCLpMQ/ir+RBVxSePMnqH5UQuJLTuRrwvA/zq5cKo="},"us7000tgrk_plot_atten.jpg":{"contentType":"image/jpeg","lastModified":1789179952000,"length":34219,"url":"https://earthquake.usgs.gov/product/dyfi/us7000tgrk/us/1789179953463/us7000tgrk_plot_atten.jpg","sha256":"Ox3i5hYCfiWsi/e6cnQ/mEgRrNRzVyACXoDuD++O6JI="},"cdi_geo.xml":{"contentType":"application/xml","lastModified":1789179952000,"length":3894,"url":"https://earthquake.usgs.gov/product/dyfi/us7000tgrk/us/1789179953463/cdi_geo.xml","sha256":"OEC3woAMKxkdLZocan8h4cy1NU1XmBac2ljDIokIxxE="},"us7000tgrk_ciim_geo.jpg":{"contentType":"image/jpeg","lastModified":1789179952000,"length":83651,"url":"https://earthquake.usgs.gov/product/dyfi/us7000tgrk/us/1789179953463/us7000tgrk_ciim_geo.jpg","sha256":"PgZMLYrAe89xYG1Lvy1Jy1DI1M4INqFtDouFi2DN0jo="},"cdi_zip.xml":{"contentType":"application/xml","lastModified":1789179952000,"length":3225,"url":"https://earthquake.usgs.gov/product/dyfi/us7000tgrk/us/1789179953463/cdi_zip.xml","sha256":"dB3mnAAethE+yDZpmliUG+pd0/ncovedCXOaPL34m0E="},"dyfi_geo.kmz":{"contentType":"application/vnd.google-earth.kmz","lastModified":1789179952000,"length":1648,"url":"https://earthquake.usgs.gov/product/dyfi/us7000tgrk/us/1789179953463/dyfi_geo.kmz","sha256":"hKAYWrdHnGMV1AdhQSAalitflj4oi75HLKteS4vSRuk="},"us7000tgrk_ciim.jpg":{"contentType":"image/jpeg","lastModified":1789179952000,"length":87631,"url":"https://earthquake.usgs.gov/product/dyfi/us7000tgrk/us/1789179953463/us7000tgrk_ciim.jpg","sha256":"mnjd9ctcMYY2pRrBL/3T/j3AUvmPCk4kyTBjVSX7Uyc="},"us7000tgrk_plot_numresp.ps":{"contentType":"application/postscript","lastModified":1789179952000,"length":33642,"url":"https://earthquake.usgs.gov/product/dyfi/us7000tgrk/us/1789179953463/us7000tgrk_plot_numresp.ps","sha256":"hHz8hUd+7KGKZCkI/jDL4o4VpYQv8hMQKjoXe+/T9DQ="},"dyfi_zip.kmz":{"contentType":"application/vnd.google-earth.kmz","lastModified":1789179952000,"length":1562,"url":"https://earthquake.usgs.gov/product/dyfi/us7000tgrk/us/1789179953463/dyfi_zip.kmz","sha256":"na/offh/7C+tGqWIT9/0jShexKLd1KvvEZH3SB5JO3A="},"cdi_zip.txt":{"contentType":"text/plain","lastModified":1789179952000,"length":1633,"url":"https://earthquake.usgs.gov/product/dyfi/us7000tgrk/us/1789179953463/cdi_zip.txt","sha256":"slIq6V9QaF7vLJqbrrZZfCm2gj+DvpBnEYkbxUaCejE="},"event_data.xml":{"contentType":"application/xml","lastModified":1789179952000,"length":3009,"url":"https://earthquake.usgs.gov/product/dyfi/us7000tgrk/us/1789179953463/event_data.xml","sha256":"JsZpghaXXS5w3R6rxmOX2T13JLlEP85etsedQpEH6Yo="},"us7000tgrk_ciim.ps":{"contentType":"application/postscript","lastModified":1789179952000,"length":170201,"url":"https://earthquake.usgs.gov/product/dyfi/us7000tgrk/us/1789179953463/us7000tgrk_ciim.ps","sha256":"wnNj7gm+DpNFZeh6f3E70z7cPjZnOCeau9oenL8SWuM="},"us7000tgrk_plot_numresp.txt":{"contentType":"text/plain","lastModified":1789179952000,"length":808,"url":"https://earthquake.usgs.gov/product/dyfi/us7000tgrk/us/1789179953463/us7000tgrk_plot_numresp.txt","sha256":"Oz/TnnDh85p/Qq8O7PPQFoQMfnxQGXDgXRGrW5Yr+c4="},"dyfi_plot_numresp.json":{"contentType":"application/json","lastModified":1789179952000,"length":1417,"url":"https://earthquake.usgs.gov/product/dyfi/us7000tgrk/us/1789179953463/dyfi_plot_numresp.json","sha256":"NqWT/RneVX6uA9gWaiK56RxiI4ULwg8akH7HEpg5Vi4="},"us7000tgrk_ciim.pdf":{"contentType":"application/pdf","lastModified":1789179952000,"length":64572,"url":"https://earthquake.usgs.gov/product/dyfi/us7000tgrk/us/1789179953463/us7000tgrk_ciim.pdf","sha256":"glot0InEhfK/Tm7The+orkAuJRjECqU55GkVZHHubjY="},"us7000tgrk_ciim_imap.html":{"contentType":"text/html","lastModified":1789179952000,"length":1439,"url":"https://earthquake.usgs.gov/product/dyfi/us7000tgrk/us/1789179953463/us7000tgrk_ciim_imap.html","sha256":"vUY8K6pvUChdMceIeYPbhqr5Xpgx48flpPZd6ZDwT6I="},"us7000tgrk_ciim_geo.ps":{"contentType":"application/postscript","lastModified":1789179952000,"length":164599,"url":"https://earthquake.usgs.gov/product/dyfi/us7000tgrk/us/1789179953463/us7000tgrk_ciim_geo.ps","sha256":"31XuX50AQH9J/S1bBR2kIyuZfZEhE7Scvx/9qctIBsU="},"dyfi.kmz":{"contentType":"application/vnd.google-earth.kmz","lastModified":1789179952000,"length":1149,"url":"https://earthquake.usgs.gov/product/dyfi/us7000tgrk/us/1789179953463/dyfi.kmz","sha256":"qhVhp/2nuMWsyjJORxeWL2Ea+ol904QAoXQwFxWvJrs="},"us7000tgrk_plot_numresp.jpg":{"contentType":"image/jpeg","lastModified":1789179952000,"length":35963,"url":"https://earthquake.usgs.gov/product/dyfi/us7000tgrk/us/1789179953463/us7000tgrk_plot_numresp.jpg","sha256":"eYbnuBLokiPY2s/m//3GDe4Za3sIYp+u1EXoerJL7Ek="},"us7000tgrk_plot_atten.ps":{"contentType":"application/postscript","lastModified":1789179952000,"length":44844,"url":"https://earthquake.usgs.gov/product/dyfi/us7000tgrk/us/1789179953463/us7000tgrk_plot_atten.ps","sha256":"mGREbTJsOv6x/rLZ1RpylqU0yW3+1X0r1v0t44mv1DA="},"us7000tgrk_plot_atten.txt":{"contentType":"text/plain","lastModified":1789179952000,"length":392,"url":"https://earthquake.usgs.gov/product/dyfi/us7000tgrk/us/1789179953463/us7000tgrk_plot_atten.txt","sha256":"lGOggi5Bh1JBuExMNjWFMaxephHTdpTF6b+sSHNGApU="}}},{"indexid":28584056,"indexTime":1789178686315,"id":"urn:usgs-product:us:dyfi:us7000tgrk:1789178678986","type":"dyfi","code":"us7000tgrk","source":"us","updateTime":1789178678986,"status":"UPDATE","properties":{"depth":"358.597","eventsource":"us","eventsourcecode":"7000tgrk","eventtime":"2026-09-11T21:23:55.000Z","latitude":"-5.0932","longitude":"106.903","magnitude":"6.6","maxmmi":"3.8","num-responses":"17","numResp":"17","pdl-client-version":"Version 3.5.4 2026-01-22"},"preferredWeight":158,"contents":{"dyfi_zip.geojson":{"contentType":"application/octet-stream","lastModified":1789178678000,"length":4733,"url":"https://earthquake.usgs.gov/product/dyfi/us7000tgrk/us/1789178678986/dyfi_zip.geojson","sha256":"Vw+F9H2CoGy2Qz0ClYAEYOOfjzUf+DDt0mvri22mMHw="},"dyfi_geo_10km.geojson":{"contentType":"application/octet-stream","lastModified":1789178678000,"length":12086,"url":"https://earthquake.usgs.gov/product/dyfi/us7000tgrk/us/1789178678986/dyfi_geo_10km.geojson","sha256":"23aD7RWclR/nprL9XvphcNlqGU+kBXRaVwi9rBNLLzo="},"dyfi_geo_1km.geojson":{"contentType":"application/octet-stream","lastModified":1789178678000,"length":12348,"url":"https://earthquake.usgs.gov/product/dyfi/us7000tgrk/us/1789178678986/dyfi_geo_1km.geojson","sha256":"+vUtKgwqSmjZlYdNtgHNN1D9BR12gKv6kcAK9H/uYcc="},"cdi_geo.txt":{"contentType":"text/plain","lastModified":1789178678000,"length":1239,"url":"https://earthquake.usgs.gov/product/dyfi/us7000tgrk/us/1789178678986/cdi_geo.txt","sha256":"qeW5sL9J4oYy934FM1AvnRZmfINURncKPwEGmS+J5m8="},"us7000tgrk_ciim_geo_imap.html":{"contentType":"text/html","lastModified":1789178678000,"length":2076,"url":"https://earthquake.usgs.gov/product/dyfi/us7000tgrk/us/1789178678986/us7000tgrk_ciim_geo_imap.html","sha256":"Uicw+hNkJlVseGE+BgPy8lwyvpaaEwslfMRdtOu4GI4="},"contents.xml":{"contentType":"application/xml","lastModified":1789178678000,"length":4224,"url":"https://earthquake.usgs.gov/product/dyfi/us7000tgrk/us/1789178678986/contents.xml","sha256":"iRAzxmAIAei2T0HJyafM1NBqJJ/p2ejaz5rRDLHpxOY="},"us7000tgrk_ciim_geo.pdf":{"contentType":"application/pdf","lastModified":1789178678000,"length":63687,"url":"https://earthquake.usgs.gov/product/dyfi/us7000tgrk/us/1789178678986/us7000tgrk_ciim_geo.pdf","sha256":"rtrcUbXg4LLHdACxziKpFWKhIhrQe0ExFHv68E0un/A="},"cdi_geo_1km.txt":{"contentType":"text/plain","lastModified":1789178678000,"length":1504,"url":"https://earthquake.usgs.gov/product/dyfi/us7000tgrk/us/1789178678986/cdi_geo_1km.txt","sha256":"DRrLcQWmcq51z+2X+jv2Kqgc30NA4itNF0IlaZ0GWSY="},"dyfi_plot_atten.json":{"contentType":"application/json","lastModified":1789178678000,"length":839,"url":"https://earthquake.usgs.gov/product/dyfi/us7000tgrk/us/1789178678986/dyfi_plot_atten.json","sha256":"f1bfImDl6Og/0mpavLSLqXYbVKARoelczUqJ9Pw0vz0="},"us7000tgrk_plot_atten.jpg":{"contentType":"image/jpeg","lastModified":1789178678000,"length":34206,"url":"https://earthquake.usgs.gov/product/dyfi/us7000tgrk/us/1789178678986/us7000tgrk_plot_atten.jpg","sha256":"2vg+Y+g5snCBZbOOXLWCi/UGrN30QUIEDcLSduwdzk4="},"cdi_geo.xml":{"contentType":"application/xml","lastModified":1789178678000,"length":3894,"url":"https://earthquake.usgs.gov/product/dyfi/us7000tgrk/us/1789178678986/cdi_geo.xml","sha256":"rIMjJJTjpmoBHor4L8KaovU4Y6wnK3e7yYRlL9RfHdI="},"us7000tgrk_ciim_geo.jpg":{"contentType":"image/jpeg","lastModified":1789178678000,"length":83532,"url":"https://earthquake.usgs.gov/product/dyfi/us7000tgrk/us/1789178678986/us7000tgrk_ciim_geo.jpg","sha256":"QFiQiCZLa6TkkYfbA6YoU3JuNBt2Y5Jn/lomvsKRx8U="},"cdi_zip.xml":{"contentType":"application/xml","lastModified":1789178678000,"length":3225,"url":"https://earthquake.usgs.gov/product/dyfi/us7000tgrk/us/1789178678986/cdi_zip.xml","sha256":"rItChu4PsC+4CWVCO1bAEsREcoN1zXaHowHHGprbXfk="},"dyfi_geo.kmz":{"contentType":"application/vnd.google-earth.kmz","lastModified":1789178678000,"length":1639,"url":"https://earthquake.usgs.gov/product/dyfi/us7000tgrk/us/1789178678986/dyfi_geo.kmz","sha256":"6pWB1bnZurrSdqpZmthNmG/JoTalDWFRqrN2wIyvXs4="},"us7000tgrk_ciim.jpg":{"contentType":"image/jpeg","lastModified":1789178678000,"length":87603,"url":"https://earthquake.usgs.gov/product/dyfi/us7000tgrk/us/1789178678986/us7000tgrk_ciim.jpg","sha256":"J4Bbloe8cnRimdzg0nKrfSexgT+Vhl2Ae16Zr3ql47U="},"us7000tgrk_plot_numresp.ps":{"contentType":"application/postscript","lastModified":1789178678000,"length":33635,"url":"https://earthquake.usgs.gov/product/dyfi/us7000tgrk/us/1789178678986/us7000tgrk_plot_numresp.ps","sha256":"ERW1OXtlqlCXlqOvtt2DW7IClmcvM7Rx6yLXj3PljNc="},"dyfi_zip.kmz":{"contentType":"application/vnd.google-earth.kmz","lastModified":1789178678000,"length":1549,"url":"https://earthquake.usgs.gov/product/dyfi/us7000tgrk/us/1789178678986/dyfi_zip.kmz","sha256":"I+zt/0hYEYmfMBE7Dz4LL+E1yocBvy8+7vsnwjWq2Qs="},"cdi_zip.txt":{"contentType":"text/plain","lastModified":1789178678000,"length":1633,"url":"https://earthquake.usgs.gov/product/dyfi/us7000tgrk/us/1789178678986/cdi_zip.txt","sha256":"NDAPklkcHU4GAJbP31E/E6y33kQhARjtq0SmGKNCfbc="},"event_data.xml":{"contentType":"application/xml","lastModified":1789178678000,"length":3009,"url":"https://earthquake.usgs.gov/product/dyfi/us7000tgrk/us/1789178678986/event_data.xml","sha256":"Ai9dt0FrEGz/mc+wQrxQ9OmExVMinE9QbHuuUmDL8DM="},"us7000tgrk_ciim.ps":{"contentType":"application/postscript","lastModified":1789178678000,"length":170180,"url":"https://earthquake.usgs.gov/product/dyfi/us7000tgrk/us/1789178678986/us7000tgrk_ciim.ps","sha256":"NFDDa/FBa5CVT64I4Chi7Wv9+QKL745Tqr/oqkCW6V4="},"us7000tgrk_plot_numresp.txt":{"contentType":"text/plain","lastModified":1789178678000,"length":762,"url":"https://earthquake.usgs.gov/product/dyfi/us7000tgrk/us/1789178678986/us7000tgrk_plot_numresp.txt","sha256":"d/a10Eb8qcpxqWTQXU4GlEt5XEwGHWvKYzcPLecVz5w="},"dyfi_plot_numresp.json":{"contentType":"application/json","lastModified":1789178678000,"length":1344,"url":"https://earthquake.usgs.gov/product/dyfi/us7000tgrk/us/1789178678986/dyfi_plot_numresp.json","sha256":"XEGNw6ai9+wbaCEa7e2LgCVhT7tGuDcQZTJ2O9iF4bc="},"us7000tgrk_ciim.pdf":{"contentType":"application/pdf","lastModified":1789178678000,"length":64558,"url":"https://earthquake.usgs.gov/product/dyfi/us7000tgrk/us/1789178678986/us7000tgrk_ciim.pdf","sha256":"3c/GreqF9hIKLfLI/56uMtpxlCzDYukAyVc8qdSotRY="},"us7000tgrk_ciim_imap.html":{"contentType":"text/html","lastModified":1789178678000,"length":1439,"url":"https://earthquake.usgs.gov/product/dyfi/us7000tgrk/us/1789178678986/us7000tgrk_ciim_imap.html","sha256":"2m7GqxHr2hhocZE3JNn3RBL4se/vOCxB3BM9p20KwxQ="},"us7000tgrk_ciim_geo.ps":{"contentType":"application/postscript","lastModified":1789178678000,"length":164599,"url":"https://earthquake.usgs.gov/product/dyfi/us7000tgrk/us/1789178678986/us7000tgrk_ciim_geo.ps","sha256":"wJ81Tla5KEr3jMJRXUnxMISBRFCeaA9Xrykhi7YLl1o="},"dyfi.kmz":{"contentType":"application/vnd.google-earth.kmz","lastModified":1789178678000,"length":1149,"url":"https://earthquake.usgs.gov/product/dyfi/us7000tgrk/us/1789178678986/dyfi.kmz","sha256":"K6vc7sj7qJLnFO58nSRVWHez6sJYmuHYw426V/KUdEw="},"us7000tgrk_plot_numresp.jpg":{"contentType":"image/jpeg","lastModified":1789178678000,"length":35824,"url":"https://earthquake.usgs.gov/product/dyfi/us7000tgrk/us/1789178678986/us7000tgrk_plot_numresp.jpg","sha256":"ohnnEfop6Oh7giPlQMPE9mJYkmksUkVV6VwYFlHSvHU="},"us7000tgrk_plot_atten.ps":{"contentType":"application/postscript","lastModified":1789178678000,"length":44844,"url":"https://earthquake.usgs.gov/product/dyfi/us7000tgrk/us/1789178678986/us7000tgrk_plot_atten.ps","sha256":"GDHNXSD3mxOxS1c/0iNbK+dE1HCrs54POj2xH3Su3s4="},"us7000tgrk_plot_atten.txt":{"contentType":"text/plain","lastModified":1789178678000,"length":382,"url":"https://earthquake.usgs.gov/product/dyfi/us7000tgrk/us/1789178678986/us7000tgrk_plot_atten.txt","sha256":"xihuVPpn6+BQeqdOQvSCS13ZS5cVOWaIROs8E1hBsOw="}}},{"indexid":28584027,"indexTime":1789177974507,"id":"urn:usgs-product:us:dyfi:us7000tgrk:1789177967601","type":"dyfi","code":"us7000tgrk","source":"us","updateTime":1789177967601,"status":"UPDATE","properties":{"depth":"358.597","eventsource":"us","eventsourcecode":"7000tgrk","eventtime":"2026-09-11T21:23:55.000Z","latitude":"-5.0932","longitude":"106.903","magnitude":"6.6","maxmmi":"3.8","num-responses":"16","numResp":"16","pdl-client-version":"Version 3.5.4 2026-01-22"},"preferredWeight":158,"contents":{"dyfi_zip.geojson":{"contentType":"application/octet-stream","lastModified":1789177967000,"length":4733,"url":"https://earthquake.usgs.gov/product/dyfi/us7000tgrk/us/1789177967601/dyfi_zip.geojson","sha256":"RAqi9d/etl3st+7xgchZmcKJJg7JqNaGzLF1OTFFTDM="},"dyfi_geo_10km.geojson":{"contentType":"application/octet-stream","lastModified":1789177967000,"length":12085,"url":"https://earthquake.usgs.gov/product/dyfi/us7000tgrk/us/1789177967601/dyfi_geo_10km.geojson","sha256":"cDNDiWFMxuBNpk7l2Soy+kkiLLd3v91NT3SidHE8OQ8="},"dyfi_geo_1km.geojson":{"contentType":"application/octet-stream","lastModified":1789177967000,"length":11527,"url":"https://earthquake.usgs.gov/product/dyfi/us7000tgrk/us/1789177967601/dyfi_geo_1km.geojson","sha256":"IyzCfocsuF1d2D6Bxp9huZmA9qpfZnn17oZzfTNp1ts="},"cdi_geo.txt":{"contentType":"text/plain","lastModified":1789177967000,"length":1239,"url":"https://earthquake.usgs.gov/product/dyfi/us7000tgrk/us/1789177967601/cdi_geo.txt","sha256":"sC1HWSmDIOwCKjSUQZyiaj5MqocbSj3sEwxnEiUpB+Q="},"us7000tgrk_ciim_geo_imap.html":{"contentType":"text/html","lastModified":1789177967000,"length":2074,"url":"https://earthquake.usgs.gov/product/dyfi/us7000tgrk/us/1789177967601/us7000tgrk_ciim_geo_imap.html","sha256":"Wrnw0WdCBrKTVT6VicyJeIlQMsR1cH6oyDRwII8oKU4="},"contents.xml":{"contentType":"application/xml","lastModified":1789177967000,"length":4224,"url":"https://earthquake.usgs.gov/product/dyfi/us7000tgrk/us/1789177967601/contents.xml","sha256":"iRAzxmAIAei2T0HJyafM1NBqJJ/p2ejaz5rRDLHpxOY="},"us7000tgrk_ciim_geo.pdf":{"contentType":"application/pdf","lastModified":1789177967000,"length":63679,"url":"https://earthquake.usgs.gov/product/dyfi/us7000tgrk/us/1789177967601/us7000tgrk_ciim_geo.pdf","sha256":"WUot21t08hUmBRi/HYJppvx5eoAb3cJ7sFiiIyhBzBs="},"cdi_geo_1km.txt":{"contentType":"text/plain","lastModified":1789177967000,"length":1412,"url":"https://earthquake.usgs.gov/product/dyfi/us7000tgrk/us/1789177967601/cdi_geo_1km.txt","sha256":"SQWhCrhiosb4LNwnzSPz6vKaMRetLyfXzJ4dzLjmpus="},"dyfi_plot_atten.json":{"contentType":"application/json","lastModified":1789177967000,"length":837,"url":"https://earthquake.usgs.gov/product/dyfi/us7000tgrk/us/1789177967601/dyfi_plot_atten.json","sha256":"PQGRyuAVKbaFe2GSvTHgj25itwRonDQs3C2NIqIjWfo="},"us7000tgrk_plot_atten.jpg":{"contentType":"image/jpeg","lastModified":1789177967000,"length":34222,"url":"https://earthquake.usgs.gov/product/dyfi/us7000tgrk/us/1789177967601/us7000tgrk_plot_atten.jpg","sha256":"4ekaT1H4agbV4QLW8VMp4A46TWeNzW1hcCs4u/45iFQ="},"cdi_geo.xml":{"contentType":"application/xml","lastModified":1789177967000,"length":3894,"url":"https://earthquake.usgs.gov/product/dyfi/us7000tgrk/us/1789177967601/cdi_geo.xml","sha256":"t77YQwNLS7toreGvLhCcpYuJtNg/QoC4y4H0+tsPJAk="},"us7000tgrk_ciim_geo.jpg":{"contentType":"image/jpeg","lastModified":1789177967000,"length":83566,"url":"https://earthquake.usgs.gov/product/dyfi/us7000tgrk/us/1789177967601/us7000tgrk_ciim_geo.jpg","sha256":"ERXpK3n0A1YJSbofxw7mQl9yNt1ShmTP4f223+dmT5Q="},"cdi_zip.xml":{"contentType":"application/xml","lastModified":1789177967000,"length":3225,"url":"https://earthquake.usgs.gov/product/dyfi/us7000tgrk/us/1789177967601/cdi_zip.xml","sha256":"1fHVpgizGbx/iAFJjwNabJj1zdJffAdVI0BMU4zqxZw="},"dyfi_geo.kmz":{"contentType":"application/vnd.google-earth.kmz","lastModified":1789177967000,"length":1635,"url":"https://earthquake.usgs.gov/product/dyfi/us7000tgrk/us/1789177967601/dyfi_geo.kmz","sha256":"pSmxY/RViaJtGGa63eyCNXkMTDqL2GeJko5rCP9Xrt0="},"us7000tgrk_ciim.jpg":{"contentType":"image/jpeg","lastModified":1789177967000,"length":87608,"url":"https://earthquake.usgs.gov/product/dyfi/us7000tgrk/us/1789177967601/us7000tgrk_ciim.jpg","sha256":"Asg/a6F9uD6ErSQbfHanF1Ei/gnvsAIfpbMxQftDNU8="},"us7000tgrk_plot_numresp.ps":{"contentType":"application/postscript","lastModified":1789177967000,"length":33628,"url":"https://earthquake.usgs.gov/product/dyfi/us7000tgrk/us/1789177967601/us7000tgrk_plot_numresp.ps","sha256":"Xsda1RiNxSY1ND5xvmRGMFAk74wRl6rb1MWsvL3N6Nw="},"dyfi_zip.kmz":{"contentType":"application/vnd.google-earth.kmz","lastModified":1789177967000,"length":1546,"url":"https://earthquake.usgs.gov/product/dyfi/us7000tgrk/us/1789177967601/dyfi_zip.kmz","sha256":"XCpuhjwL47Rn30Pk8UktQOEQQtwrDzkD3AwadeWAf3g="},"cdi_zip.txt":{"contentType":"text/plain","lastModified":1789177967000,"length":1633,"url":"https://earthquake.usgs.gov/product/dyfi/us7000tgrk/us/1789177967601/cdi_zip.txt","sha256":"JitqeUfMG/NeF8KAWUzldI0uO8Kkxi75CSgqrFcziMY="},"event_data.xml":{"contentType":"application/xml","lastModified":1789177967000,"length":3009,"url":"https://earthquake.usgs.gov/product/dyfi/us7000tgrk/us/1789177967601/event_data.xml","sha256":"DSreTl94EC3y5AUX3zZmG87loea8PX2etJNjpmLmPhE="},"us7000tgrk_ciim.ps":{"contentType":"application/postscript","lastModified":1789177967000,"length":170159,"url":"https://earthquake.usgs.gov/product/dyfi/us7000tgrk/us/1789177967601/us7000tgrk_ciim.ps","sha256":"NuQE5UCo8F8SlpLZSyQQ2bzVcX3bbsRiXTmmvntB+xY="},"us7000tgrk_plot_numresp.txt":{"contentType":"text/plain","lastModified":1789177967000,"length":716,"url":"https://earthquake.usgs.gov/product/dyfi/us7000tgrk/us/1789177967601/us7000tgrk_plot_numresp.txt","sha256":"WPnSNBodmKPbnOpE/fZLYntFhIBHMexAlUYF3RosFvs="},"dyfi_plot_numresp.json":{"contentType":"application/json","lastModified":1789177967000,"length":1271,"url":"https://earthquake.usgs.gov/product/dyfi/us7000tgrk/us/1789177967601/dyfi_plot_numresp.json","sha256":"Xl9ZB4l9jJo152ODxWEs8D0yALIPf7EV34C3AvNSyOQ="},"us7000tgrk_ciim.pdf":{"contentType":"application/pdf","lastModified":1789177967000,"length":64550,"url":"https://earthquake.usgs.gov/product/dyfi/us7000tgrk/us/1789177967601/us7000tgrk_ciim.pdf","sha256":"aBp1L49YRaFa+sbJ/RKKA1UtjVGZLy17BO6tD3ZyRuw="},"us7000tgrk_ciim_imap.html":{"contentType":"text/html","lastModified":1789177967000,"length":1437,"url":"https://earthquake.usgs.gov/product/dyfi/us7000tgrk/us/1789177967601/us7000tgrk_ciim_imap.html","sha256":"KYCtbox0rzZQxWTpLgVxTFWhb2hTR7iXMPDyOAqU/Q0="},"us7000tgrk_ciim_geo.ps":{"contentType":"application/postscript","lastModified":1789177967000,"length":164599,"url":"https://earthquake.usgs.gov/product/dyfi/us7000tgrk/us/1789177967601/us7000tgrk_ciim_geo.ps","sha256":"zERTgyAgm846XJ2rzFeqaxt3KXaVoyZvr49o5Ynim+I="},"dyfi.kmz":{"contentType":"application/vnd.google-earth.kmz","lastModified":1789177967000,"length":1149,"url":"https://earthquake.usgs.gov/product/dyfi/us7000tgrk/us/1789177967601/dyfi.kmz","sha256":"MO9/Wb4la+Bx5joyaT7TfC3tSlWcryNDzrp5rB57Rz4="},"us7000tgrk_plot_numresp.jpg":{"contentType":"image/jpeg","lastModified":1789177967000,"length":35808,"url":"https://earthquake.usgs.gov/product/dyfi/us7000tgrk/us/1789177967601/us7000tgrk_plot_numresp.jpg","sha256":"pie01gkyAwjqKVY0KB1wyXO8YVfZ5KowQDIBwh6d4x0="},"us7000tgrk_plot_atten.ps":{"contentType":"application/postscript","lastModified":1789177967000,"length":44869,"url":"https://earthquake.usgs.gov/product/dyfi/us7000tgrk/us/1789177967601/us7000tgrk_plot_atten.ps","sha256":"PvMG4lmR0AHu7Hx8zPXLOmRqaaFxJpIA91GiaJ+krH0="},"us7000tgrk_plot_atten.txt":{"contentType":"text/plain","lastModified":1789177967000,"length":382,"url":"https://earthquake.usgs.gov/product/dyfi/us7000tgrk/us/1789177967601/us7000tgrk_plot_atten.txt","sha256":"4cXL/ghislGbMnDo9+japGPWVtPqCUvU4WZwv4IJsn4="}}},{"indexid":28584021,"indexTime":1789177318471,"id":"urn:usgs-product:us:dyfi:us7000tgrk:1789177311687","type":"dyfi","code":"us7000tgrk","source":"us","updateTime":1789177311687,"status":"UPDATE","properties":{"depth":"358.597","eventsource":"us","eventsourcecode":"7000tgrk","eventtime":"2026-09-11T21:23:55.000Z","latitude":"-5.0932","longitude":"106.903","magnitude":"6.6","maxmmi":"3.8","num-responses":"15","numResp":"15","pdl-client-version":"Version 3.5.4 2026-01-22"},"preferredWeight":158,"contents":{"dyfi_zip.geojson":{"contentType":"application/octet-stream","lastModified":1789177310000,"length":4733,"url":"https://earthquake.usgs.gov/product/dyfi/us7000tgrk/us/1789177311687/dyfi_zip.geojson","sha256":"Oz+oXtFjwIxuP8JWlEb6WZGiDYc3gboG/qCxpHfXIJg="},"dyfi_geo_10km.geojson":{"contentType":"application/octet-stream","lastModified":1789177310000,"length":12085,"url":"https://earthquake.usgs.gov/product/dyfi/us7000tgrk/us/1789177311687/dyfi_geo_10km.geojson","sha256":"socGWMkztJwe/j4gOhCW0Gt3TUlaxW6nAHZsIozJzh8="},"dyfi_geo_1km.geojson":{"contentType":"application/octet-stream","lastModified":1789177310000,"length":10707,"url":"https://earthquake.usgs.gov/product/dyfi/us7000tgrk/us/1789177311687/dyfi_geo_1km.geojson","sha256":"YAxdBx1Ky24lrIDPfq7Y2AuOURJiFp/7AsQbmpJQ7mo="},"cdi_geo.txt":{"contentType":"text/plain","lastModified":1789177310000,"length":1239,"url":"https://earthquake.usgs.gov/product/dyfi/us7000tgrk/us/1789177311687/cdi_geo.txt","sha256":"RUJKEB3M1xlql3JhPj5JT1HDY1Go88NMfYDtBu8QGl0="},"us7000tgrk_ciim_geo_imap.html":{"contentType":"text/html","lastModified":1789177310000,"length":2074,"url":"https://earthquake.usgs.gov/product/dyfi/us7000tgrk/us/1789177311687/us7000tgrk_ciim_geo_imap.html","sha256":"4fEPIEqJpbwz5N2278dg5vTMWc0VCVPIEUe0F82kweE="},"contents.xml":{"contentType":"application/xml","lastModified":1789177310000,"length":4224,"url":"https://earthquake.usgs.gov/product/dyfi/us7000tgrk/us/1789177311687/contents.xml","sha256":"iRAzxmAIAei2T0HJyafM1NBqJJ/p2ejaz5rRDLHpxOY="},"us7000tgrk_ciim_geo.pdf":{"contentType":"application/pdf","lastModified":1789177310000,"length":63678,"url":"https://earthquake.usgs.gov/product/dyfi/us7000tgrk/us/1789177311687/us7000tgrk_ciim_geo.pdf","sha256":"CZVu5vbiJHFeahdKuKwgFvLj8Gz44oNTHfwUB9Vj99M="},"cdi_geo_1km.txt":{"contentType":"text/plain","lastModified":1789177310000,"length":1320,"url":"https://earthquake.usgs.gov/product/dyfi/us7000tgrk/us/1789177311687/cdi_geo_1km.txt","sha256":"nv22r2FjxnF3VXY0l5ta6yQep6hvj+Kl4I9AY2R72lI="},"dyfi_plot_atten.json":{"contentType":"application/json","lastModified":1789177310000,"length":836,"url":"https://earthquake.usgs.gov/product/dyfi/us7000tgrk/us/1789177311687/dyfi_plot_atten.json","sha256":"XFf70UXw3vruVxIlkFfzWkqKAm08vugoRiloNhSu3uM="},"us7000tgrk_plot_atten.jpg":{"contentType":"image/jpeg","lastModified":1789177310000,"length":34216,"url":"https://earthquake.usgs.gov/product/dyfi/us7000tgrk/us/1789177311687/us7000tgrk_plot_atten.jpg","sha256":"L7fl3LByNeVKvnrjt0FRzRKifSsO6flPw+KYO4snch4="},"cdi_geo.xml":{"contentType":"application/xml","lastModified":1789177310000,"length":3894,"url":"https://earthquake.usgs.gov/product/dyfi/us7000tgrk/us/1789177311687/cdi_geo.xml","sha256":"VVuIe7+Ztvh1HLrZst1lJnwUviJ8ZUAZl6jtR+t5tg4="},"us7000tgrk_ciim_geo.jpg":{"contentType":"image/jpeg","lastModified":1789177310000,"length":83545,"url":"https://earthquake.usgs.gov/product/dyfi/us7000tgrk/us/1789177311687/us7000tgrk_ciim_geo.jpg","sha256":"UM2PQeUJuXA9fKztwidMYf8OzhXfOj0dfpa4S4dQNTQ="},"cdi_zip.xml":{"contentType":"application/xml","lastModified":1789177310000,"length":3225,"url":"https://earthquake.usgs.gov/product/dyfi/us7000tgrk/us/1789177311687/cdi_zip.xml","sha256":"U37fdq+8/y/d25Ih25iUGEIgqmFsHhsJPlLngi76D8Y="},"dyfi_geo.kmz":{"contentType":"application/vnd.google-earth.kmz","lastModified":1789177310000,"length":1630,"url":"https://earthquake.usgs.gov/product/dyfi/us7000tgrk/us/1789177311687/dyfi_geo.kmz","sha256":"buKgh128j+owjGM9NpXqnMlvir8ULe9iR45iu5K/KEE="},"us7000tgrk_ciim.jpg":{"contentType":"image/jpeg","lastModified":1789177310000,"length":87566,"url":"https://earthquake.usgs.gov/product/dyfi/us7000tgrk/us/1789177311687/us7000tgrk_ciim.jpg","sha256":"gzX55TU8L2Xzhnss2sKWoDp3yaBxpuyV1vAFPy/BUgc="},"us7000tgrk_plot_numresp.ps":{"contentType":"application/postscript","lastModified":1789177310000,"length":33621,"url":"https://earthquake.usgs.gov/product/dyfi/us7000tgrk/us/1789177311687/us7000tgrk_plot_numresp.ps","sha256":"0d3VNPZcyFDfSsXzqM8IIacuVLk8BAq4YNv/MuZgl7U="},"dyfi_zip.kmz":{"contentType":"application/vnd.google-earth.kmz","lastModified":1789177310000,"length":1540,"url":"https://earthquake.usgs.gov/product/dyfi/us7000tgrk/us/1789177311687/dyfi_zip.kmz","sha256":"Jum+bdt5Q20Lvufpa9DLGhxz3fTJKDKTjhkfV0reTJw="},"cdi_zip.txt":{"contentType":"text/plain","lastModified":1789177310000,"length":1633,"url":"https://earthquake.usgs.gov/product/dyfi/us7000tgrk/us/1789177311687/cdi_zip.txt","sha256":"z6mgi4FN+lBy9UK4DNWeOz+2rGQDPbag7TKq/V2exeg="},"event_data.xml":{"contentType":"application/xml","lastModified":1789177310000,"length":3009,"url":"https://earthquake.usgs.gov/product/dyfi/us7000tgrk/us/1789177311687/event_data.xml","sha256":"5THeFe6ZRNKGIOtO0A0+Ss4832SDK/sXYTlw8KvgmIU="},"us7000tgrk_ciim.ps":{"contentType":"application/postscript","lastModified":1789177310000,"length":170159,"url":"https://earthquake.usgs.gov/product/dyfi/us7000tgrk/us/1789177311687/us7000tgrk_ciim.ps","sha256":"+Fc/mo27zEnF7dcDOzTdExgPwoEbf0qjTZBPVYZCR9A="},"us7000tgrk_plot_numresp.txt":{"contentType":"text/plain","lastModified":1789177310000,"length":681,"url":"https://earthquake.usgs.gov/product/dyfi/us7000tgrk/us/1789177311687/us7000tgrk_plot_numresp.txt","sha256":"6rWweDwSVEYKR7qnVclfyFqEgBjSLN9dwuhdEm0xoWM="},"dyfi_plot_numresp.json":{"contentType":"application/json","lastModified":1789177310000,"length":1199,"url":"https://earthquake.usgs.gov/product/dyfi/us7000tgrk/us/1789177311687/dyfi_plot_numresp.json","sha256":"ricFNspRaknX++QRIhf85/AaGldiaPDqzzxIx5277DQ="},"us7000tgrk_ciim.pdf":{"contentType":"application/pdf","lastModified":1789177310000,"length":64549,"url":"https://earthquake.usgs.gov/product/dyfi/us7000tgrk/us/1789177311687/us7000tgrk_ciim.pdf","sha256":"zF0Liav6E++9lsAS7nyLtVd4zOQZ3andDi/ZGDdqQhE="},"us7000tgrk_ciim_imap.html":{"contentType":"text/html","lastModified":1789177310000,"length":1437,"url":"https://earthquake.usgs.gov/product/dyfi/us7000tgrk/us/1789177311687/us7000tgrk_ciim_imap.html","sha256":"KUUIO7NP0a70Y+HYLGHuZaS4Tf7LwmaXAazE2dYzJ8c="},"us7000tgrk_ciim_geo.ps":{"contentType":"application/postscript","lastModified":1789177310000,"length":164599,"url":"https://earthquake.usgs.gov/product/dyfi/us7000tgrk/us/1789177311687/us7000tgrk_ciim_geo.ps","sha256":"rFhYO3zhMz3MaZDEphChWI1f75it8sJeOkuY5OBaxo0="},"dyfi.kmz":{"contentType":"application/vnd.google-earth.kmz","lastModified":1789177310000,"length":1149,"url":"https://earthquake.usgs.gov/product/dyfi/us7000tgrk/us/1789177311687/dyfi.kmz","sha256":"hf9v2l5c0ucHQbfe3WQLdP2p3AT7V4aK+B9gB8cOGlk="},"us7000tgrk_plot_numresp.jpg":{"contentType":"image/jpeg","lastModified":1789177310000,"length":35329,"url":"https://earthquake.usgs.gov/product/dyfi/us7000tgrk/us/1789177311687/us7000tgrk_plot_numresp.jpg","sha256":"sEb2sMkkBq0i5V7nodVBa/YnMEabGBL8ZCyv+6LHaDE="},"us7000tgrk_plot_atten.ps":{"contentType":"application/postscript","lastModified":1789177310000,"length":44869,"url":"https://earthquake.usgs.gov/product/dyfi/us7000tgrk/us/1789177311687/us7000tgrk_plot_atten.ps","sha256":"ul95yThUQiSdJDMuzJYjGLzKuzEpSSWUCABG2bI8abE="},"us7000tgrk_plot_atten.txt":{"contentType":"text/plain","lastModified":1789177310000,"length":382,"url":"https://earthquake.usgs.gov/product/dyfi/us7000tgrk/us/1789177311687/us7000tgrk_plot_atten.txt","sha256":"7p8OWqTM+h1HlJI1DZj+RhCy0URhJg8Ta+A9skUjZQ0="}}},{"indexid":28584002,"indexTime":1789176480151,"id":"urn:usgs-product:us:dyfi:us7000tgrk:1789176472745","type":"dyfi","code":"us7000tgrk","source":"us","updateTime":1789176472745,"status":"UPDATE","properties":{"depth":"358.597","eventsource":"us","eventsourcecode":"7000tgrk","eventtime":"2026-09-11T21:23:55.000Z","latitude":"-5.0932","longitude":"106.903","magnitude":"6.6","maxmmi":"3.8","num-responses":"14","numResp":"14","pdl-client-version":"Version 3.5.4 2026-01-22"},"preferredWeight":158,"contents":{"dyfi_zip.geojson":{"contentType":"application/octet-stream","lastModified":1789176471000,"length":4422,"url":"https://earthquake.usgs.gov/product/dyfi/us7000tgrk/us/1789176472745/dyfi_zip.geojson","sha256":"ZEf1NU3uM7p9RPwWqCn1XXtOrDtbrSmYgW8fpBc5Gzs="},"dyfi_geo_10km.geojson":{"contentType":"application/octet-stream","lastModified":1789176471000,"length":11284,"url":"https://earthquake.usgs.gov/product/dyfi/us7000tgrk/us/1789176472745/dyfi_geo_10km.geojson","sha256":"GBZIfv6Mp7+IkIli/R21vxGMUJI0vhdJMocnyB0K+SI="},"dyfi_geo_1km.geojson":{"contentType":"application/octet-stream","lastModified":1789176471000,"length":9890,"url":"https://earthquake.usgs.gov/product/dyfi/us7000tgrk/us/1789176472745/dyfi_geo_1km.geojson","sha256":"PRWV8mptOtN8G6Z+KnxRHcKQU9DQwktwAENoRDuRc7A="},"cdi_geo.txt":{"contentType":"text/plain","lastModified":1789176471000,"length":1164,"url":"https://earthquake.usgs.gov/product/dyfi/us7000tgrk/us/1789176472745/cdi_geo.txt","sha256":"46rYKkHkLE8JPhx4HgAQ+Iu6C+RRoOVrf2D9g/i8TvA="},"us7000tgrk_ciim_geo_imap.html":{"contentType":"text/html","lastModified":1789176471000,"length":1819,"url":"https://earthquake.usgs.gov/product/dyfi/us7000tgrk/us/1789176472745/us7000tgrk_ciim_geo_imap.html","sha256":"tVVac2J9JJFa9kcRpWBPrpvIJFN6upahx1IU2Xoh57o="},"contents.xml":{"contentType":"application/xml","lastModified":1789176471000,"length":4224,"url":"https://earthquake.usgs.gov/product/dyfi/us7000tgrk/us/1789176472745/contents.xml","sha256":"iRAzxmAIAei2T0HJyafM1NBqJJ/p2ejaz5rRDLHpxOY="},"us7000tgrk_ciim_geo.pdf":{"contentType":"application/pdf","lastModified":1789176471000,"length":63652,"url":"https://earthquake.usgs.gov/product/dyfi/us7000tgrk/us/1789176472745/us7000tgrk_ciim_geo.pdf","sha256":"tJ/dtdW7ub644pIrtqDuXCmfDkdK9tlkRcfN2WjnAsc="},"cdi_geo_1km.txt":{"contentType":"text/plain","lastModified":1789176471000,"length":1228,"url":"https://earthquake.usgs.gov/product/dyfi/us7000tgrk/us/1789176472745/cdi_geo_1km.txt","sha256":"fWqRybK6wAIt/73oOUGn6WMrauIy5xIJXZa2uIUsVt8="},"dyfi_plot_atten.json":{"contentType":"application/json","lastModified":1789176471000,"length":819,"url":"https://earthquake.usgs.gov/product/dyfi/us7000tgrk/us/1789176472745/dyfi_plot_atten.json","sha256":"tKTx5Ym9uciaSL2zImAFiDH2U87+8+un9fIeIQKM0DM="},"us7000tgrk_plot_atten.jpg":{"contentType":"image/jpeg","lastModified":1789176471000,"length":34127,"url":"https://earthquake.usgs.gov/product/dyfi/us7000tgrk/us/1789176472745/us7000tgrk_plot_atten.jpg","sha256":"HpkEOMVRtApx0KGUypAPa/IZrvNCLylUQcWLaIY7Ghk="},"cdi_geo.xml":{"contentType":"application/xml","lastModified":1789176471000,"length":3645,"url":"https://earthquake.usgs.gov/product/dyfi/us7000tgrk/us/1789176472745/cdi_geo.xml","sha256":"BndL0DqS/DtkEs+7XdTXu9YPklp+As7tHGBsGYHMCXk="},"us7000tgrk_ciim_geo.jpg":{"contentType":"image/jpeg","lastModified":1789176471000,"length":83562,"url":"https://earthquake.usgs.gov/product/dyfi/us7000tgrk/us/1789176472745/us7000tgrk_ciim_geo.jpg","sha256":"o8RCEO6ruS32j0Ky6u7/lMFRMjY/JO7yyzQh+hGtA5o="},"cdi_zip.xml":{"contentType":"application/xml","lastModified":1789176471000,"length":3015,"url":"https://earthquake.usgs.gov/product/dyfi/us7000tgrk/us/1789176472745/cdi_zip.xml","sha256":"9VJnjjFPvJe5cbmQ9WiKek0hhITkgelVNppwzpU51eg="},"dyfi_geo.kmz":{"contentType":"application/vnd.google-earth.kmz","lastModified":1789176471000,"length":1568,"url":"https://earthquake.usgs.gov/product/dyfi/us7000tgrk/us/1789176472745/dyfi_geo.kmz","sha256":"BmkKy6YLv8TmMcAMLyFafkE89mTdXYPK5cPLINX07wY="},"us7000tgrk_ciim.jpg":{"contentType":"image/jpeg","lastModified":1789176471000,"length":87465,"url":"https://earthquake.usgs.gov/product/dyfi/us7000tgrk/us/1789176472745/us7000tgrk_ciim.jpg","sha256":"h9OSSvMXef1rLgGFYDR/D/dthfjhiGNwzaC+kVD3G7c="},"us7000tgrk_plot_numresp.ps":{"contentType":"application/postscript","lastModified":1789176471000,"length":33614,"url":"https://earthquake.usgs.gov/product/dyfi/us7000tgrk/us/1789176472745/us7000tgrk_plot_numresp.ps","sha256":"JNi3tW4MHcbQ7A7IRxT5nJPysbvNVCUNxz2CbLw2B+0="},"dyfi_zip.kmz":{"contentType":"application/vnd.google-earth.kmz","lastModified":1789176471000,"length":1504,"url":"https://earthquake.usgs.gov/product/dyfi/us7000tgrk/us/1789176472745/dyfi_zip.kmz","sha256":"+f23AzCID+JhbOOiRJinPGJ3cC0GcA4hOD90L2cFDws="},"cdi_zip.txt":{"contentType":"text/plain","lastModified":1789176471000,"length":1532,"url":"https://earthquake.usgs.gov/product/dyfi/us7000tgrk/us/1789176472745/cdi_zip.txt","sha256":"i8ze2K4vPmp2E5uVsWawjtTGVG958xDemvXOcA9xCtU="},"event_data.xml":{"contentType":"application/xml","lastModified":1789176471000,"length":3009,"url":"https://earthquake.usgs.gov/product/dyfi/us7000tgrk/us/1789176472745/event_data.xml","sha256":"OwJcEJ/eQDn076+XSLqQiwv6+uhJc0yFSDlYNjM7zp0="},"us7000tgrk_ciim.ps":{"contentType":"application/postscript","lastModified":1789176471000,"length":170144,"url":"https://earthquake.usgs.gov/product/dyfi/us7000tgrk/us/1789176472745/us7000tgrk_ciim.ps","sha256":"okJ07KtidFPMk1AYrY18IgtyXTC30oYe5TISSfisREQ="},"us7000tgrk_plot_numresp.txt":{"contentType":"text/plain","lastModified":1789176471000,"length":646,"url":"https://earthquake.usgs.gov/product/dyfi/us7000tgrk/us/1789176472745/us7000tgrk_plot_numresp.txt","sha256":"D0r6fJSpaVsgKv2m1VNBbeIKzuEC8xgAVIeoPxrCmI8="},"dyfi_plot_numresp.json":{"contentType":"application/json","lastModified":1789176471000,"length":1127,"url":"https://earthquake.usgs.gov/product/dyfi/us7000tgrk/us/1789176472745/dyfi_plot_numresp.json","sha256":"g/qMt9Yxr5kIJb1vnWuoMBkq/dlIzlzJ0MyX8u0bqYg="},"us7000tgrk_ciim.pdf":{"contentType":"application/pdf","lastModified":1789176471000,"length":64477,"url":"https://earthquake.usgs.gov/product/dyfi/us7000tgrk/us/1789176472745/us7000tgrk_ciim.pdf","sha256":"o73cihHdQV2NPng3kfP0BGz48NwuYDoI3dz51ARl7Xg="},"us7000tgrk_ciim_imap.html":{"contentType":"text/html","lastModified":1789176471000,"length":1262,"url":"https://earthquake.usgs.gov/product/dyfi/us7000tgrk/us/1789176472745/us7000tgrk_ciim_imap.html","sha256":"JLos/vTQZBGL5vK+5CC/Rw46apItg+slxpI5lzb4Kno="},"us7000tgrk_ciim_geo.ps":{"contentType":"application/postscript","lastModified":1789176471000,"length":164555,"url":"https://earthquake.usgs.gov/product/dyfi/us7000tgrk/us/1789176472745/us7000tgrk_ciim_geo.ps","sha256":"7LWiMyyVZ1dFMONB+4sHc3pFEJzWhOXZFT3vOAyIRng="},"dyfi.kmz":{"contentType":"application/vnd.google-earth.kmz","lastModified":1789176471000,"length":1149,"url":"https://earthquake.usgs.gov/product/dyfi/us7000tgrk/us/1789176472745/dyfi.kmz","sha256":"amDIN+10y/W5Oho+HjIyG5+R4jptgd8jww47u8pGMnQ="},"us7000tgrk_plot_numresp.jpg":{"contentType":"image/jpeg","lastModified":1789176471000,"length":35083,"url":"https://earthquake.usgs.gov/product/dyfi/us7000tgrk/us/1789176472745/us7000tgrk_plot_numresp.jpg","sha256":"X3FTuKBtPnjFfbltGgo4GiIAdQC/3cuMdHutnlzwpWc="},"us7000tgrk_plot_atten.ps":{"contentType":"application/postscript","lastModified":1789176471000,"length":44869,"url":"https://earthquake.usgs.gov/product/dyfi/us7000tgrk/us/1789176472745/us7000tgrk_plot_atten.ps","sha256":"Bxx3wVOuAuShtRmFFWABn8WZ0l+MERh+Fj9AEwz0FGo="},"us7000tgrk_plot_atten.txt":{"contentType":"text/plain","lastModified":1789176471000,"length":372,"url":"https://earthquake.usgs.gov/product/dyfi/us7000tgrk/us/1789176472745/us7000tgrk_plot_atten.txt","sha256":"rcCB0VRn+r4xiGBT/pgJJQGMnp7Dh/DPKE1+yB0cyaE="}}},{"indexid":28583893,"indexTime":1789174254528,"id":"urn:usgs-product:us:dyfi:us7000tgrk:1789174246667","type":"dyfi","code":"us7000tgrk","source":"us","updateTime":1789174246667,"status":"UPDATE","properties":{"depth":"358.597","eventsource":"us","eventsourcecode":"7000tgrk","eventtime":"2026-09-11T21:23:55.000Z","latitude":"-5.0932","longitude":"106.903","magnitude":"6.6","maxmmi":"3.8","num-responses":"13","numResp":"13","pdl-client-version":"Version 3.5.4 2026-01-22"},"preferredWeight":158,"contents":{"dyfi_zip.geojson":{"contentType":"application/octet-stream","lastModified":1789174246000,"length":4116,"url":"https://earthquake.usgs.gov/product/dyfi/us7000tgrk/us/1789174246667/dyfi_zip.geojson","sha256":"lWf799TiZnftEkhDf/e5acsA0jKRDEWhq5qK+fEm4Ro="},"dyfi_geo_10km.geojson":{"contentType":"application/octet-stream","lastModified":1789174246000,"length":10483,"url":"https://earthquake.usgs.gov/product/dyfi/us7000tgrk/us/1789174246667/dyfi_geo_10km.geojson","sha256":"OMGWpz31s3REyv4Ygu2/Ot76fvbiStTRgoqPoSNGGsA="},"dyfi_geo_1km.geojson":{"contentType":"application/octet-stream","lastModified":1789174246000,"length":9072,"url":"https://earthquake.usgs.gov/product/dyfi/us7000tgrk/us/1789174246667/dyfi_geo_1km.geojson","sha256":"aSAfwRJ5G23TVjMJBBoGobzW/qD67UBhnFdf5fen+Ag="},"cdi_geo.txt":{"contentType":"text/plain","lastModified":1789174246000,"length":1090,"url":"https://earthquake.usgs.gov/product/dyfi/us7000tgrk/us/1789174246667/cdi_geo.txt","sha256":"QUt+b2eUbruhuiAf+EamVZVm6PzOxa9KgqVXdhQhO5E="},"us7000tgrk_ciim_geo_imap.html":{"contentType":"text/html","lastModified":1789174246000,"length":1566,"url":"https://earthquake.usgs.gov/product/dyfi/us7000tgrk/us/1789174246667/us7000tgrk_ciim_geo_imap.html","sha256":"No1bqoi8t16d9BrouerU4wYsdyFwDcx+02eBht4z3NE="},"contents.xml":{"contentType":"application/xml","lastModified":1789174246000,"length":4224,"url":"https://earthquake.usgs.gov/product/dyfi/us7000tgrk/us/1789174246667/contents.xml","sha256":"iRAzxmAIAei2T0HJyafM1NBqJJ/p2ejaz5rRDLHpxOY="},"us7000tgrk_ciim_geo.pdf":{"contentType":"application/pdf","lastModified":1789174246000,"length":63606,"url":"https://earthquake.usgs.gov/product/dyfi/us7000tgrk/us/1789174246667/us7000tgrk_ciim_geo.pdf","sha256":"J+8ue+6y4UGzSwmuHuzvly+Q2l3BMrVNWMyd1s/3zfc="},"cdi_geo_1km.txt":{"contentType":"text/plain","lastModified":1789174246000,"length":1136,"url":"https://earthquake.usgs.gov/product/dyfi/us7000tgrk/us/1789174246667/cdi_geo_1km.txt","sha256":"Z4LfDIP4spiMxJkIeJEgqTVLcbYO6cBRhnSIQBaa2yw="},"dyfi_plot_atten.json":{"contentType":"application/json","lastModified":1789174246000,"length":801,"url":"https://earthquake.usgs.gov/product/dyfi/us7000tgrk/us/1789174246667/dyfi_plot_atten.json","sha256":"R6/bWVLv/URrvlW8U/INGPEcMzEYgmia7HK2MybZFF0="},"us7000tgrk_plot_atten.jpg":{"contentType":"image/jpeg","lastModified":1789174246000,"length":34143,"url":"https://earthquake.usgs.gov/product/dyfi/us7000tgrk/us/1789174246667/us7000tgrk_plot_atten.jpg","sha256":"PSHBJpY9T0GB24Vic7rCdAzx+rv8B7K50Ong6oOd1g8="},"cdi_geo.xml":{"contentType":"application/xml","lastModified":1789174246000,"length":3397,"url":"https://earthquake.usgs.gov/product/dyfi/us7000tgrk/us/1789174246667/cdi_geo.xml","sha256":"XlvphR350UHj0KKyXh7vdGOMQnNJ9ie1VB8Hkv2X1pY="},"us7000tgrk_ciim_geo.jpg":{"contentType":"image/jpeg","lastModified":1789174246000,"length":83444,"url":"https://earthquake.usgs.gov/product/dyfi/us7000tgrk/us/1789174246667/us7000tgrk_ciim_geo.jpg","sha256":"cIUDsRUkWkXOH3SlJxDtuRZ4iiYNMCPSnAuGkLBC53g="},"cdi_zip.xml":{"contentType":"application/xml","lastModified":1789174246000,"length":2811,"url":"https://earthquake.usgs.gov/product/dyfi/us7000tgrk/us/1789174246667/cdi_zip.xml","sha256":"vb8jbkacx5wtEzC/Paekz4CkTae4WJOww0TYtfXKsa4="},"dyfi_geo.kmz":{"contentType":"application/vnd.google-earth.kmz","lastModified":1789174246000,"length":1506,"url":"https://earthquake.usgs.gov/product/dyfi/us7000tgrk/us/1789174246667/dyfi_geo.kmz","sha256":"i6sLwskdzxcRgjI4sGucYJXNZZPr55ZXQ0dbwyBQU8c="},"us7000tgrk_ciim.jpg":{"contentType":"image/jpeg","lastModified":1789174246000,"length":87227,"url":"https://earthquake.usgs.gov/product/dyfi/us7000tgrk/us/1789174246667/us7000tgrk_ciim.jpg","sha256":"O0bCU8BSRn0uyjN1+MhE2ZsLe4Ot3VFQd+t4DEEio/w="},"us7000tgrk_plot_numresp.ps":{"contentType":"application/postscript","lastModified":1789174246000,"length":33606,"url":"https://earthquake.usgs.gov/product/dyfi/us7000tgrk/us/1789174246667/us7000tgrk_plot_numresp.ps","sha256":"LIcXZ7phlxkuiw/FiL91cZ6IZ4h+ced00//p1s7uESA="},"dyfi_zip.kmz":{"contentType":"application/vnd.google-earth.kmz","lastModified":1789174246000,"length":1448,"url":"https://earthquake.usgs.gov/product/dyfi/us7000tgrk/us/1789174246667/dyfi_zip.kmz","sha256":"y/KTH/EBY6e865cKNSfpOlgJvKCA/rLxD0jy3iBnL+k="},"cdi_zip.txt":{"contentType":"text/plain","lastModified":1789174246000,"length":1437,"url":"https://earthquake.usgs.gov/product/dyfi/us7000tgrk/us/1789174246667/cdi_zip.txt","sha256":"GI7xX9i3gztM/Hn62jXEw9fdOeymEVayS4alZZ0A+CY="},"event_data.xml":{"contentType":"application/xml","lastModified":1789174246000,"length":3009,"url":"https://earthquake.usgs.gov/product/dyfi/us7000tgrk/us/1789174246667/event_data.xml","sha256":"yPka4fEwZm8L3jKjRztqHWTRWjVYyNiQmPe9Rc/IEBo="},"us7000tgrk_ciim.ps":{"contentType":"application/postscript","lastModified":1789174246000,"length":170111,"url":"https://earthquake.usgs.gov/product/dyfi/us7000tgrk/us/1789174246667/us7000tgrk_ciim.ps","sha256":"H7OtMvlikYhiMMyddLOmVTQARQ3J11Naygb71BlEGiI="},"us7000tgrk_plot_numresp.txt":{"contentType":"text/plain","lastModified":1789174246000,"length":600,"url":"https://earthquake.usgs.gov/product/dyfi/us7000tgrk/us/1789174246667/us7000tgrk_plot_numresp.txt","sha256":"w9Yx1ePqt5dYMveM0wX4G+g2kvl62eatyYEplhSpZgQ="},"dyfi_plot_numresp.json":{"contentType":"application/json","lastModified":1789174246000,"length":1054,"url":"https://earthquake.usgs.gov/product/dyfi/us7000tgrk/us/1789174246667/dyfi_plot_numresp.json","sha256":"JJJG2H19yO59/S0GfarN8l3UdO129PKOBy3imKi4tXM="},"us7000tgrk_ciim.pdf":{"contentType":"application/pdf","lastModified":1789174246000,"length":64391,"url":"https://earthquake.usgs.gov/product/dyfi/us7000tgrk/us/1789174246667/us7000tgrk_ciim.pdf","sha256":"0TLDepwpleSElMcq4ZqklOYyhSmvNDlKKNVEB0cFQWA="},"us7000tgrk_ciim_imap.html":{"contentType":"text/html","lastModified":1789174246000,"length":1089,"url":"https://earthquake.usgs.gov/product/dyfi/us7000tgrk/us/1789174246667/us7000tgrk_ciim_imap.html","sha256":"7VuCsmsHwUw7NmAn8Tikw6EaF1ijE51txTEAjvEHeGQ="},"us7000tgrk_ciim_geo.ps":{"contentType":"application/postscript","lastModified":1789174246000,"length":164493,"url":"https://earthquake.usgs.gov/product/dyfi/us7000tgrk/us/1789174246667/us7000tgrk_ciim_geo.ps","sha256":"9K9yfM9E0RIo0nL92QCQGlj4zVIqIkk4GFRpxORbRtw="},"dyfi.kmz":{"contentType":"application/vnd.google-earth.kmz","lastModified":1789174246000,"length":1149,"url":"https://earthquake.usgs.gov/product/dyfi/us7000tgrk/us/1789174246667/dyfi.kmz","sha256":"H1JEJZVqT/WA7+5q5RrdT06/IDtZxk9Xr07qbZNXv0A="},"us7000tgrk_plot_numresp.jpg":{"contentType":"image/jpeg","lastModified":1789174246000,"length":34939,"url":"https://earthquake.usgs.gov/product/dyfi/us7000tgrk/us/1789174246667/us7000tgrk_plot_numresp.jpg","sha256":"X6sDcQNFBESvc4E926QsMWPjxNdFiSh/+uOwFDbe1Cg="},"us7000tgrk_plot_atten.ps":{"contentType":"application/postscript","lastModified":1789174246000,"length":44869,"url":"https://earthquake.usgs.gov/product/dyfi/us7000tgrk/us/1789174246667/us7000tgrk_plot_atten.ps","sha256":"+48KgpeJwjFr1k0DY29xHSGKo8DZf5BecgEmky50KEA="},"us7000tgrk_plot_atten.txt":{"contentType":"text/plain","lastModified":1789174246000,"length":362,"url":"https://earthquake.usgs.gov/product/dyfi/us7000tgrk/us/1789174246667/us7000tgrk_plot_atten.txt","sha256":"kBUUmwqrqrR454yTsNdGPEfHTeNXJWRq+g+qvr2CUCY="}}},{"indexid":28583879,"indexTime":1789173946894,"id":"urn:usgs-product:us:dyfi:us7000tgrk:1789173939783","type":"dyfi","code":"us7000tgrk","source":"us","updateTime":1789173939783,"status":"UPDATE","properties":{"depth":"358.597","eventsource":"us","eventsourcecode":"7000tgrk","eventtime":"2026-09-11T21:23:55.000Z","latitude":"-5.0932","longitude":"106.903","magnitude":"6.6","maxmmi":"3.8","num-responses":"12","numResp":"12","pdl-client-version":"Version 3.5.4 2026-01-22"},"preferredWeight":158,"contents":{"dyfi_zip.geojson":{"contentType":"application/octet-stream","lastModified":1789173939000,"length":3796,"url":"https://earthquake.usgs.gov/product/dyfi/us7000tgrk/us/1789173939783/dyfi_zip.geojson","sha256":"zfkXbLt7L0V32tcJ+lTV9NNMvqGxY4W5hH3Ew+uZIsk="},"dyfi_geo_10km.geojson":{"contentType":"application/octet-stream","lastModified":1789173939000,"length":9680,"url":"https://earthquake.usgs.gov/product/dyfi/us7000tgrk/us/1789173939783/dyfi_geo_10km.geojson","sha256":"MOgrn+3+pycsp3nkTgFlnCKITIRZhN5NNkjEJizDp/8="},"dyfi_geo_1km.geojson":{"contentType":"application/octet-stream","lastModified":1789173939000,"length":8255,"url":"https://earthquake.usgs.gov/product/dyfi/us7000tgrk/us/1789173939783/dyfi_geo_1km.geojson","sha256":"0154jwepizBEXzeD9AOcKNl0Qm1Q92UtbWVoQojDe84="},"cdi_geo.txt":{"contentType":"text/plain","lastModified":1789173939000,"length":1014,"url":"https://earthquake.usgs.gov/product/dyfi/us7000tgrk/us/1789173939783/cdi_geo.txt","sha256":"aYqp5W9mRODJIYO0o7OyUK/zsLqTr0D55wLYcghpxgs="},"us7000tgrk_ciim_geo_imap.html":{"contentType":"text/html","lastModified":1789173939000,"length":1566,"url":"https://earthquake.usgs.gov/product/dyfi/us7000tgrk/us/1789173939783/us7000tgrk_ciim_geo_imap.html","sha256":"No1bqoi8t16d9BrouerU4wYsdyFwDcx+02eBht4z3NE="},"contents.xml":{"contentType":"application/xml","lastModified":1789173939000,"length":4224,"url":"https://earthquake.usgs.gov/product/dyfi/us7000tgrk/us/1789173939783/contents.xml","sha256":"iRAzxmAIAei2T0HJyafM1NBqJJ/p2ejaz5rRDLHpxOY="},"us7000tgrk_ciim_geo.pdf":{"contentType":"application/pdf","lastModified":1789173939000,"length":63604,"url":"https://earthquake.usgs.gov/product/dyfi/us7000tgrk/us/1789173939783/us7000tgrk_ciim_geo.pdf","sha256":"VOJP99Cw4oJ5QyL5Czjk0PE0xJJJEeaEgjq/ml6AftU="},"cdi_geo_1km.txt":{"contentType":"text/plain","lastModified":1789173939000,"length":1044,"url":"https://earthquake.usgs.gov/product/dyfi/us7000tgrk/us/1789173939783/cdi_geo_1km.txt","sha256":"yPc6HveruKZOSz99vcf7zVg3MLQ71kcHhkodtkPHwbM="},"dyfi_plot_atten.json":{"contentType":"application/json","lastModified":1789173939000,"length":737,"url":"https://earthquake.usgs.gov/product/dyfi/us7000tgrk/us/1789173939783/dyfi_plot_atten.json","sha256":"m2N0m6uZA1GWfUziUpZNjW8j2ykUNGxjaeMeZzDQ1qA="},"us7000tgrk_plot_atten.jpg":{"contentType":"image/jpeg","lastModified":1789173939000,"length":33729,"url":"https://earthquake.usgs.gov/product/dyfi/us7000tgrk/us/1789173939783/us7000tgrk_plot_atten.jpg","sha256":"r4yPNhRlL9p1SycLkeTays7DunpO3eQzWBUTSbxTbpM="},"cdi_geo.xml":{"contentType":"application/xml","lastModified":1789173939000,"length":3147,"url":"https://earthquake.usgs.gov/product/dyfi/us7000tgrk/us/1789173939783/cdi_geo.xml","sha256":"bpk8qMgi/0Avu9WTyzcI+mk3iS1UT4KlNTRYce+xMdc="},"us7000tgrk_ciim_geo.jpg":{"contentType":"image/jpeg","lastModified":1789173939000,"length":83457,"url":"https://earthquake.usgs.gov/product/dyfi/us7000tgrk/us/1789173939783/us7000tgrk_ciim_geo.jpg","sha256":"aLU5SZbTFfnApZE5+tLsD7fuItfF0ELnnTa1Pon/s84="},"cdi_zip.xml":{"contentType":"application/xml","lastModified":1789173939000,"length":2591,"url":"https://earthquake.usgs.gov/product/dyfi/us7000tgrk/us/1789173939783/cdi_zip.xml","sha256":"Y/yCDhj5EKA5/9DpzzKqKViteK7I/MtrkKYoolTi2Mk="},"dyfi_geo.kmz":{"contentType":"application/vnd.google-earth.kmz","lastModified":1789173939000,"length":1432,"url":"https://earthquake.usgs.gov/product/dyfi/us7000tgrk/us/1789173939783/dyfi_geo.kmz","sha256":"H+Ond9ETuWuuGkf153AdjPelIEebooVqIrjbNcTIef8="},"us7000tgrk_ciim.jpg":{"contentType":"image/jpeg","lastModified":1789173939000,"length":87220,"url":"https://earthquake.usgs.gov/product/dyfi/us7000tgrk/us/1789173939783/us7000tgrk_ciim.jpg","sha256":"pweKpWiNGOJJmQKiR4ZScBcfUljIreGtfAX8pJR0eYY="},"us7000tgrk_plot_numresp.ps":{"contentType":"application/postscript","lastModified":1789173939000,"length":33599,"url":"https://earthquake.usgs.gov/product/dyfi/us7000tgrk/us/1789173939783/us7000tgrk_plot_numresp.ps","sha256":"xNyDiK2wVbBJavHzXBYcSSkTu4Opi6JDLXfCyNGbRlg="},"dyfi_zip.kmz":{"contentType":"application/vnd.google-earth.kmz","lastModified":1789173939000,"length":1385,"url":"https://earthquake.usgs.gov/product/dyfi/us7000tgrk/us/1789173939783/dyfi_zip.kmz","sha256":"0MOlCZdWUF/COWsPK3eMwGX3FdzCTTT0lNsH04Cc9U0="},"cdi_zip.txt":{"contentType":"text/plain","lastModified":1789173939000,"length":1326,"url":"https://earthquake.usgs.gov/product/dyfi/us7000tgrk/us/1789173939783/cdi_zip.txt","sha256":"vkUNV13fWxC9+S25OxewtgKEWZi3B/i521aiUo+q4aA="},"event_data.xml":{"contentType":"application/xml","lastModified":1789173939000,"length":3009,"url":"https://earthquake.usgs.gov/product/dyfi/us7000tgrk/us/1789173939783/event_data.xml","sha256":"6F3t+3blHw9acsdeUVw2AQHyUYI3WeW2RNvZeU5BYNg="},"us7000tgrk_ciim.ps":{"contentType":"application/postscript","lastModified":1789173939000,"length":170111,"url":"https://earthquake.usgs.gov/product/dyfi/us7000tgrk/us/1789173939783/us7000tgrk_ciim.ps","sha256":"hxzLr3Z3w/GCBj1+UFUN8ykgDn85aCAV41cHso4Wdy0="},"us7000tgrk_plot_numresp.txt":{"contentType":"text/plain","lastModified":1789173939000,"length":554,"url":"https://earthquake.usgs.gov/product/dyfi/us7000tgrk/us/1789173939783/us7000tgrk_plot_numresp.txt","sha256":"0DuXLvOQio0lw3I+J1UR+pfX0kl2aoqyeZYh6B92DSc="},"dyfi_plot_numresp.json":{"contentType":"application/json","lastModified":1789173939000,"length":981,"url":"https://earthquake.usgs.gov/product/dyfi/us7000tgrk/us/1789173939783/dyfi_plot_numresp.json","sha256":"0bHdd5O3JGrVRTPA2ZSid6GTyGIXlqDoNBkVYc0s8qM="},"us7000tgrk_ciim.pdf":{"contentType":"application/pdf","lastModified":1789173939000,"length":64390,"url":"https://earthquake.usgs.gov/product/dyfi/us7000tgrk/us/1789173939783/us7000tgrk_ciim.pdf","sha256":"GaQz2FAnlZrdvKSDdnsJ5yqhkVNMAu7n4OQM3XemYFs="},"us7000tgrk_ciim_imap.html":{"contentType":"text/html","lastModified":1789173939000,"length":1089,"url":"https://earthquake.usgs.gov/product/dyfi/us7000tgrk/us/1789173939783/us7000tgrk_ciim_imap.html","sha256":"7VuCsmsHwUw7NmAn8Tikw6EaF1ijE51txTEAjvEHeGQ="},"us7000tgrk_ciim_geo.ps":{"contentType":"application/postscript","lastModified":1789173939000,"length":164493,"url":"https://earthquake.usgs.gov/product/dyfi/us7000tgrk/us/1789173939783/us7000tgrk_ciim_geo.ps","sha256":"jOxO+3Ty0v8CalO/SRJD6JePAClLvLmvDE/warhjrSA="},"dyfi.kmz":{"contentType":"application/vnd.google-earth.kmz","lastModified":1789173939000,"length":1149,"url":"https://earthquake.usgs.gov/product/dyfi/us7000tgrk/us/1789173939783/dyfi.kmz","sha256":"OO7YEX60gcF8h+Zc8TZEuddSeucyrCExW18zTIAcQU0="},"us7000tgrk_plot_numresp.jpg":{"contentType":"image/jpeg","lastModified":1789173939000,"length":35153,"url":"https://earthquake.usgs.gov/product/dyfi/us7000tgrk/us/1789173939783/us7000tgrk_plot_numresp.jpg","sha256":"wPF58UqrQZEYZSBl4yEq3t7SBaA1f5PfD3t9BQBIaM4="},"us7000tgrk_plot_atten.ps":{"contentType":"application/postscript","lastModified":1789173939000,"length":44727,"url":"https://earthquake.usgs.gov/product/dyfi/us7000tgrk/us/1789173939783/us7000tgrk_plot_atten.ps","sha256":"ULhkVWOgT76J8iD12WzUCU72P7q54tY134K6NWi8qg4="},"us7000tgrk_plot_atten.txt":{"contentType":"text/plain","lastModified":1789173939000,"length":327,"url":"https://earthquake.usgs.gov/product/dyfi/us7000tgrk/us/1789173939783/us7000tgrk_plot_atten.txt","sha256":"ZainIhBvU935mkZ9W3o7C1KYPaQX8E20hmJkkpNsj7w="}}},{"indexid":28583765,"indexTime":1789171732172,"id":"urn:usgs-product:us:dyfi:us7000tgrk:1789171717471","type":"dyfi","code":"us7000tgrk","source":"us","updateTime":1789171717471,"status":"UPDATE","properties":{"depth":"358.597","eventsource":"us","eventsourcecode":"7000tgrk","eventtime":"2026-09-11T21:23:55.000Z","latitude":"-5.0932","longitude":"106.903","magnitude":"6.6","maxmmi":"3.8","num-responses":"11","numResp":"11","pdl-client-version":"Version 3.5.4 2026-01-22"},"preferredWeight":158,"contents":{"dyfi_zip.geojson":{"contentType":"application/octet-stream","lastModified":1789171716000,"length":3487,"url":"https://earthquake.usgs.gov/product/dyfi/us7000tgrk/us/1789171717471/dyfi_zip.geojson","sha256":"rqU/B2MSfW9cw6Cg+z+AxsPac9tjwOvxnbi6OCaaf8Q="},"dyfi_geo_10km.geojson":{"contentType":"application/octet-stream","lastModified":1789171716000,"length":8880,"url":"https://earthquake.usgs.gov/product/dyfi/us7000tgrk/us/1789171717471/dyfi_geo_10km.geojson","sha256":"wVkPxQZicJd0bQk/xn7jeurXHPoF/ccve7XSWqNwKk8="},"dyfi_geo_1km.geojson":{"contentType":"application/octet-stream","lastModified":1789171716000,"length":7437,"url":"https://earthquake.usgs.gov/product/dyfi/us7000tgrk/us/1789171717471/dyfi_geo_1km.geojson","sha256":"IxkbFuz1VOz0EFxrNrKZB/X6SzRtn/bU9roZ9Y3v9k0="},"cdi_geo.txt":{"contentType":"text/plain","lastModified":1789171716000,"length":941,"url":"https://earthquake.usgs.gov/product/dyfi/us7000tgrk/us/1789171717471/cdi_geo.txt","sha256":"VErXGGDbh1cJf/RHD1w73kHu4Z9Q0M3celDh0iwt5PE="},"us7000tgrk_ciim_geo_imap.html":{"contentType":"text/html","lastModified":1789171716000,"length":1566,"url":"https://earthquake.usgs.gov/product/dyfi/us7000tgrk/us/1789171717471/us7000tgrk_ciim_geo_imap.html","sha256":"No1bqoi8t16d9BrouerU4wYsdyFwDcx+02eBht4z3NE="},"contents.xml":{"contentType":"application/xml","lastModified":1789171716000,"length":4224,"url":"https://earthquake.usgs.gov/product/dyfi/us7000tgrk/us/1789171717471/contents.xml","sha256":"iRAzxmAIAei2T0HJyafM1NBqJJ/p2ejaz5rRDLHpxOY="},"us7000tgrk_ciim_geo.pdf":{"contentType":"application/pdf","lastModified":1789171716000,"length":63607,"url":"https://earthquake.usgs.gov/product/dyfi/us7000tgrk/us/1789171717471/us7000tgrk_ciim_geo.pdf","sha256":"MJUE9Rghrz47LuY5Rjh5Z5mwipISIZqmCiZcw9RjjXg="},"cdi_geo_1km.txt":{"contentType":"text/plain","lastModified":1789171716000,"length":952,"url":"https://earthquake.usgs.gov/product/dyfi/us7000tgrk/us/1789171717471/cdi_geo_1km.txt","sha256":"DhRDw5m370xz7wKEklCwnlSSMecHPx9kFlas95BEg+Y="},"dyfi_plot_atten.json":{"contentType":"application/json","lastModified":1789171716000,"length":721,"url":"https://earthquake.usgs.gov/product/dyfi/us7000tgrk/us/1789171717471/dyfi_plot_atten.json","sha256":"0wMcxsE7mrD1wnxXk3uclQ5b4zDgGE3QH+DgeKDZsRg="},"us7000tgrk_plot_atten.jpg":{"contentType":"image/jpeg","lastModified":1789171716000,"length":33645,"url":"https://earthquake.usgs.gov/product/dyfi/us7000tgrk/us/1789171717471/us7000tgrk_plot_atten.jpg","sha256":"kMXwqHyGsJYe/s5wlfvLFS2wH+PjDdWEAGnhsoYY9nU="},"cdi_geo.xml":{"contentType":"application/xml","lastModified":1789171716000,"length":2900,"url":"https://earthquake.usgs.gov/product/dyfi/us7000tgrk/us/1789171717471/cdi_geo.xml","sha256":"vgcwopSNE2iugcLnbypy6apYoNjUi3tgYZ6iN9gkzsM="},"us7000tgrk_ciim_geo.jpg":{"contentType":"image/jpeg","lastModified":1789171716000,"length":83411,"url":"https://earthquake.usgs.gov/product/dyfi/us7000tgrk/us/1789171717471/us7000tgrk_ciim_geo.jpg","sha256":"wQcn8tsRaXfBKjdalurhisrgGHkiRRKcod6cAAgI7VY="},"cdi_zip.xml":{"contentType":"application/xml","lastModified":1789171716000,"length":2385,"url":"https://earthquake.usgs.gov/product/dyfi/us7000tgrk/us/1789171717471/cdi_zip.xml","sha256":"+SM2efZaWT4FgimpEEqXF4JWAXysEhxQVCZJjjMlKxo="},"dyfi_geo.kmz":{"contentType":"application/vnd.google-earth.kmz","lastModified":1789171716000,"length":1372,"url":"https://earthquake.usgs.gov/product/dyfi/us7000tgrk/us/1789171717471/dyfi_geo.kmz","sha256":"BdPQFtUsLi/irVsUr4Vn/BqiyQ59v09VJoH1h77Iqkw="},"us7000tgrk_ciim.jpg":{"contentType":"image/jpeg","lastModified":1789171716000,"length":87209,"url":"https://earthquake.usgs.gov/product/dyfi/us7000tgrk/us/1789171717471/us7000tgrk_ciim.jpg","sha256":"qolttzR5W1/sGGUvaITSsrMtcpHK0FrqWELkUFl9n6k="},"us7000tgrk_plot_numresp.ps":{"contentType":"application/postscript","lastModified":1789171716000,"length":29845,"url":"https://earthquake.usgs.gov/product/dyfi/us7000tgrk/us/1789171717471/us7000tgrk_plot_numresp.ps","sha256":"QRGx7Tkc/YwFQov/Inmo+GZh6sZAfhgDYTwS7/u+D6I="},"dyfi_zip.kmz":{"contentType":"application/vnd.google-earth.kmz","lastModified":1789171716000,"length":1334,"url":"https://earthquake.usgs.gov/product/dyfi/us7000tgrk/us/1789171717471/dyfi_zip.kmz","sha256":"gAScz/5hwDI09XixF1dM/uroATMzCbYrQp7GsyYyJ/Y="},"cdi_zip.txt":{"contentType":"text/plain","lastModified":1789171716000,"length":1229,"url":"https://earthquake.usgs.gov/product/dyfi/us7000tgrk/us/1789171717471/cdi_zip.txt","sha256":"CEjQAG3iObmkmct23t46FCyAJ6K8jJGlwCW8tQvSGro="},"event_data.xml":{"contentType":"application/xml","lastModified":1789171716000,"length":3008,"url":"https://earthquake.usgs.gov/product/dyfi/us7000tgrk/us/1789171717471/event_data.xml","sha256":"OA8yWBVBoc4Tw1BRBWuvaGJ7HwAWJdbw/oMfFRvID5w="},"us7000tgrk_ciim.ps":{"contentType":"application/postscript","lastModified":1789171716000,"length":170111,"url":"https://earthquake.usgs.gov/product/dyfi/us7000tgrk/us/1789171717471/us7000tgrk_ciim.ps","sha256":"BIo45PI8PMJLaq8HSagp517rx8oR+mUl1Nc/6MHaWHM="},"us7000tgrk_plot_numresp.txt":{"contentType":"text/plain","lastModified":1789171716000,"length":521,"url":"https://earthquake.usgs.gov/product/dyfi/us7000tgrk/us/1789171717471/us7000tgrk_plot_numresp.txt","sha256":"lj083eypF8WKbRUNO7//Aq1q+bFNPowU/cEoCNvmeJ0="},"dyfi_plot_numresp.json":{"contentType":"application/json","lastModified":1789171716000,"length":911,"url":"https://earthquake.usgs.gov/product/dyfi/us7000tgrk/us/1789171717471/dyfi_plot_numresp.json","sha256":"22h1oL6bZxBxwx/RZnPQgPw1hkJjq6YhV0P9kAQAXKo="},"us7000tgrk_ciim.pdf":{"contentType":"application/pdf","lastModified":1789171716000,"length":64391,"url":"https://earthquake.usgs.gov/product/dyfi/us7000tgrk/us/1789171717471/us7000tgrk_ciim.pdf","sha256":"01z8iAzyOUxBuQ4Wt16/p0pBVT7eXCJszjKu3G9CNH0="},"us7000tgrk_ciim_imap.html":{"contentType":"text/html","lastModified":1789171716000,"length":1089,"url":"https://earthquake.usgs.gov/product/dyfi/us7000tgrk/us/1789171717471/us7000tgrk_ciim_imap.html","sha256":"7VuCsmsHwUw7NmAn8Tikw6EaF1ijE51txTEAjvEHeGQ="},"us7000tgrk_ciim_geo.ps":{"contentType":"application/postscript","lastModified":1789171716000,"length":164493,"url":"https://earthquake.usgs.gov/product/dyfi/us7000tgrk/us/1789171717471/us7000tgrk_ciim_geo.ps","sha256":"SXub4jo0N1/F4fCbE2QlsgJv0jpjHGi0d8oW3yjjxa0="},"dyfi.kmz":{"contentType":"application/vnd.google-earth.kmz","lastModified":1789171716000,"length":1149,"url":"https://earthquake.usgs.gov/product/dyfi/us7000tgrk/us/1789171717471/dyfi.kmz","sha256":"Yb+zPRQjljQ7+OQCg44oSuM0/DKTuMJBAc2a4yRLbeE="},"us7000tgrk_plot_numresp.jpg":{"contentType":"image/jpeg","lastModified":1789171716000,"length":31821,"url":"https://earthquake.usgs.gov/product/dyfi/us7000tgrk/us/1789171717471/us7000tgrk_plot_numresp.jpg","sha256":"tjJ3jleNAzQ5mTXgq+hqk5qcR32h+om8rqBByk5M8iM="},"us7000tgrk_plot_atten.ps":{"contentType":"application/postscript","lastModified":1789171716000,"length":44713,"url":"https://earthquake.usgs.gov/product/dyfi/us7000tgrk/us/1789171717471/us7000tgrk_plot_atten.ps","sha256":"wv5w1GnMLp2C40zVN0cbjPOMeq5EKi1EKp02YkHOZ2I="},"us7000tgrk_plot_atten.txt":{"contentType":"text/plain","lastModified":1789171716000,"length":317,"url":"https://earthquake.usgs.gov/product/dyfi/us7000tgrk/us/1789171717471/us7000tgrk_plot_atten.txt","sha256":"7XTxOIXdaVoLmiD6z4pD3X42yo/Nub8EAFc7UAMX43E="}}},{"indexid":28583718,"indexTime":1789170488133,"id":"urn:usgs-product:us:dyfi:us7000tgrk:1789170479826","type":"dyfi","code":"us7000tgrk","source":"us","updateTime":1789170479826,"status":"UPDATE","properties":{"depth":"358.597","eventsource":"us","eventsourcecode":"7000tgrk","eventtime":"2026-09-11T21:23:55.000Z","latitude":"-5.0932","longitude":"106.903","magnitude":"6.6","maxmmi":"3.4","num-responses":"10","numResp":"10","pdl-client-version":"Version 3.5.4 2026-01-22"},"preferredWeight":158,"contents":{"dyfi_zip.geojson":{"contentType":"application/octet-stream","lastModified":1789170479000,"length":3175,"url":"https://earthquake.usgs.gov/product/dyfi/us7000tgrk/us/1789170479826/dyfi_zip.geojson","sha256":"yVeAoqsHywTmhTZQxmgNIZiQfrnzW0sIwVJXCe895YA="},"dyfi_geo_10km.geojson":{"contentType":"application/octet-stream","lastModified":1789170479000,"length":8079,"url":"https://earthquake.usgs.gov/product/dyfi/us7000tgrk/us/1789170479826/dyfi_geo_10km.geojson","sha256":"7lP1N9NU3UD54tvtvQjQ+V/XiMEY1UeTyYrnB9Z30mM="},"dyfi_geo_1km.geojson":{"contentType":"application/octet-stream","lastModified":1789170479000,"length":6616,"url":"https://earthquake.usgs.gov/product/dyfi/us7000tgrk/us/1789170479826/dyfi_geo_1km.geojson","sha256":"Ku0dfyFaX2En+GShH5LmvM1SUjqmM+vLkg8cCwDv1a8="},"cdi_geo.txt":{"contentType":"text/plain","lastModified":1789170479000,"length":867,"url":"https://earthquake.usgs.gov/product/dyfi/us7000tgrk/us/1789170479826/cdi_geo.txt","sha256":"KeIe0yQx3Rmjx3+1iykoejsfDgtjV84QG2KwaI+hpYU="},"us7000tgrk_ciim_geo_imap.html":{"contentType":"text/html","lastModified":1789170479000,"length":1313,"url":"https://earthquake.usgs.gov/product/dyfi/us7000tgrk/us/1789170479826/us7000tgrk_ciim_geo_imap.html","sha256":"qq1YPQHr7aiHF3lFfiRtecdhgGj5l3gfIh08Nz5M+w8="},"contents.xml":{"contentType":"application/xml","lastModified":1789170479000,"length":4224,"url":"https://earthquake.usgs.gov/product/dyfi/us7000tgrk/us/1789170479826/contents.xml","sha256":"iRAzxmAIAei2T0HJyafM1NBqJJ/p2ejaz5rRDLHpxOY="},"us7000tgrk_ciim_geo.pdf":{"contentType":"application/pdf","lastModified":1789170479000,"length":63595,"url":"https://earthquake.usgs.gov/product/dyfi/us7000tgrk/us/1789170479826/us7000tgrk_ciim_geo.pdf","sha256":"YApY7MCniMAqCo/Sd4OgMfpZ7IQ5IFVR4t02Y5JmoJA="},"cdi_geo_1km.txt":{"contentType":"text/plain","lastModified":1789170479000,"length":860,"url":"https://earthquake.usgs.gov/product/dyfi/us7000tgrk/us/1789170479826/cdi_geo_1km.txt","sha256":"b80C5tlXSmqhnYzu1xwQLlsN3zVcxEdfMGi4G1k1nSc="},"dyfi_plot_atten.json":{"contentType":"application/json","lastModified":1789170479000,"length":701,"url":"https://earthquake.usgs.gov/product/dyfi/us7000tgrk/us/1789170479826/dyfi_plot_atten.json","sha256":"XY/ide1gfSnjDD6rifbSVCJmGkqHRDqJnHUnuWYg6LQ="},"us7000tgrk_plot_atten.jpg":{"contentType":"image/jpeg","lastModified":1789170479000,"length":33314,"url":"https://earthquake.usgs.gov/product/dyfi/us7000tgrk/us/1789170479826/us7000tgrk_plot_atten.jpg","sha256":"QnAvBwaVIjJT+yXJNLyzEcjLVlzZsMl9dodDkE4LFUk="},"cdi_geo.xml":{"contentType":"application/xml","lastModified":1789170479000,"length":2647,"url":"https://earthquake.usgs.gov/product/dyfi/us7000tgrk/us/1789170479826/cdi_geo.xml","sha256":"MXp/E36zA3IXldJRn4bkg9H0xlyxppbqnDvuTtno9kY="},"us7000tgrk_ciim_geo.jpg":{"contentType":"image/jpeg","lastModified":1789170479000,"length":83321,"url":"https://earthquake.usgs.gov/product/dyfi/us7000tgrk/us/1789170479826/us7000tgrk_ciim_geo.jpg","sha256":"0PL13+QfGFd7oLfKf3Yx+j9R8t9tfdC6V4R3mx5QYhU="},"cdi_zip.xml":{"contentType":"application/xml","lastModified":1789170479000,"length":2172,"url":"https://earthquake.usgs.gov/product/dyfi/us7000tgrk/us/1789170479826/cdi_zip.xml","sha256":"EN6ex3TpQoC+2N175pcdEWg7DyUqr0faIvhQboJnKNc="},"dyfi_geo.kmz":{"contentType":"application/vnd.google-earth.kmz","lastModified":1789170479000,"length":1318,"url":"https://earthquake.usgs.gov/product/dyfi/us7000tgrk/us/1789170479826/dyfi_geo.kmz","sha256":"CHystXCsETWh+uWaPMUD69RYc0UgxldVh0UL2tCa6L4="},"us7000tgrk_ciim.jpg":{"contentType":"image/jpeg","lastModified":1789170479000,"length":87005,"url":"https://earthquake.usgs.gov/product/dyfi/us7000tgrk/us/1789170479826/us7000tgrk_ciim.jpg","sha256":"7t3+J7NfA/sjCGHld+KD5FssTO7fareycIOAospLYOc="},"us7000tgrk_plot_numresp.ps":{"contentType":"application/postscript","lastModified":1789170479000,"length":29838,"url":"https://earthquake.usgs.gov/product/dyfi/us7000tgrk/us/1789170479826/us7000tgrk_plot_numresp.ps","sha256":"0QEmI6gWa4WDdcFh1szxewTXEdrHtSOBqL8acWCywf8="},"dyfi_zip.kmz":{"contentType":"application/vnd.google-earth.kmz","lastModified":1789170479000,"length":1289,"url":"https://earthquake.usgs.gov/product/dyfi/us7000tgrk/us/1789170479826/dyfi_zip.kmz","sha256":"ygv5FUyCWR7AYFAWIph86ntUTOB2oVOZW9Kg8bZKlH0="},"cdi_zip.txt":{"contentType":"text/plain","lastModified":1789170479000,"length":1130,"url":"https://earthquake.usgs.gov/product/dyfi/us7000tgrk/us/1789170479826/cdi_zip.txt","sha256":"mJHwcI1WdRmaOa68sx2RiQMMtQgz5Oj+IJr1mTGCzqM="},"event_data.xml":{"contentType":"application/xml","lastModified":1789170479000,"length":3008,"url":"https://earthquake.usgs.gov/product/dyfi/us7000tgrk/us/1789170479826/event_data.xml","sha256":"4Wddk4qIv7igVYyCv1Dtraw67V2Vr18OTGFjuz0D2UY="},"us7000tgrk_ciim.ps":{"contentType":"application/postscript","lastModified":1789170479000,"length":170080,"url":"https://earthquake.usgs.gov/product/dyfi/us7000tgrk/us/1789170479826/us7000tgrk_ciim.ps","sha256":"ZP2KhkpxRdr9UqFwizzXkEdTEohbbbANULe+QPB5wtg="},"us7000tgrk_plot_numresp.txt":{"contentType":"text/plain","lastModified":1789170479000,"length":476,"url":"https://earthquake.usgs.gov/product/dyfi/us7000tgrk/us/1789170479826/us7000tgrk_plot_numresp.txt","sha256":"hXwlT/mP/0MWktN7zxlO2hh43nLvqMeYkAHC/MFR9NM="},"dyfi_plot_numresp.json":{"contentType":"application/json","lastModified":1789170479000,"length":839,"url":"https://earthquake.usgs.gov/product/dyfi/us7000tgrk/us/1789170479826/dyfi_plot_numresp.json","sha256":"sRwY+0sHs7GQsRfTvatW27Ft7p8qikJwUV0YDKl3W3E="},"us7000tgrk_ciim.pdf":{"contentType":"application/pdf","lastModified":1789170479000,"length":64337,"url":"https://earthquake.usgs.gov/product/dyfi/us7000tgrk/us/1789170479826/us7000tgrk_ciim.pdf","sha256":"QXAOS3fIIn0Fe+pFeDWjhUB6pyn4aXKJH7DAyvtEwUM="},"us7000tgrk_ciim_imap.html":{"contentType":"text/html","lastModified":1789170479000,"length":916,"url":"https://earthquake.usgs.gov/product/dyfi/us7000tgrk/us/1789170479826/us7000tgrk_ciim_imap.html","sha256":"Sx3FqoJEzLpmsbd+LZwgmU0RsoIDb2qDxjVYo290R1k="},"us7000tgrk_ciim_geo.ps":{"contentType":"application/postscript","lastModified":1789170479000,"length":164432,"url":"https://earthquake.usgs.gov/product/dyfi/us7000tgrk/us/1789170479826/us7000tgrk_ciim_geo.ps","sha256":"hRy6ju57wplLriuE2iSZ0vN8gN+C49j31I1CeYa0Sdc="},"dyfi.kmz":{"contentType":"application/vnd.google-earth.kmz","lastModified":1789170479000,"length":1149,"url":"https://earthquake.usgs.gov/product/dyfi/us7000tgrk/us/1789170479826/dyfi.kmz","sha256":"fObNSkDKl08daOqswUw+WaGtPuMo/OtkqXTfPc50TXg="},"us7000tgrk_plot_numresp.jpg":{"contentType":"image/jpeg","lastModified":1789170479000,"length":31578,"url":"https://earthquake.usgs.gov/product/dyfi/us7000tgrk/us/1789170479826/us7000tgrk_plot_numresp.jpg","sha256":"GsOIEUAhri9oXZss+H6GQHysugpAVzyDVKRqyA9tEWU="},"us7000tgrk_plot_atten.ps":{"contentType":"application/postscript","lastModified":1789170479000,"length":44701,"url":"https://earthquake.usgs.gov/product/dyfi/us7000tgrk/us/1789170479826/us7000tgrk_plot_atten.ps","sha256":"3718hSEC43SRDcV4Zsi45YERE7cjH0vUe0h5enGJWPA="},"us7000tgrk_plot_atten.txt":{"contentType":"text/plain","lastModified":1789170479000,"length":307,"url":"https://earthquake.usgs.gov/product/dyfi/us7000tgrk/us/1789170479826/us7000tgrk_plot_atten.txt","sha256":"hTzEmdPULsxzXI2UzGGp5gvdYddr8HhfhvnhGtND/JQ="}}},{"indexid":28583702,"indexTime":1789170178020,"id":"urn:usgs-product:us:dyfi:us7000tgrk:1789170170169","type":"dyfi","code":"us7000tgrk","source":"us","updateTime":1789170170169,"status":"UPDATE","properties":{"depth":"358.597","eventsource":"us","eventsourcecode":"7000tgrk","eventtime":"2026-09-11T21:23:55.000Z","latitude":"-5.0932","longitude":"106.903","magnitude":"6.6","maxmmi":"3.4","num-responses":"9","numResp":"9","pdl-client-version":"Version 3.5.4 2026-01-22"},"preferredWeight":158,"contents":{"dyfi_zip.geojson":{"contentType":"application/octet-stream","lastModified":1789170169000,"length":2864,"url":"https://earthquake.usgs.gov/product/dyfi/us7000tgrk/us/1789170170169/dyfi_zip.geojson","sha256":"n7sxACJ41Mcgcw8ZG7kORP/2rziKtkhMDh5sd6l+fJU="},"dyfi_geo_10km.geojson":{"contentType":"application/octet-stream","lastModified":1789170169000,"length":7277,"url":"https://earthquake.usgs.gov/product/dyfi/us7000tgrk/us/1789170170169/dyfi_geo_10km.geojson","sha256":"+FSXBODIZwfTElRf1tVA3i/dIxgbHUbOxKzbve5qYfI="},"dyfi_geo_1km.geojson":{"contentType":"application/octet-stream","lastModified":1789170169000,"length":5795,"url":"https://earthquake.usgs.gov/product/dyfi/us7000tgrk/us/1789170170169/dyfi_geo_1km.geojson","sha256":"58oe4+AOca/v4nD1ntTkY5hwRblDlKT57hXHe/3NskY="},"cdi_geo.txt":{"contentType":"text/plain","lastModified":1789170169000,"length":794,"url":"https://earthquake.usgs.gov/product/dyfi/us7000tgrk/us/1789170170169/cdi_geo.txt","sha256":"vrYgVbQY1HbbYFMFmAZtaijQZxnXyYPlEZ+C7bBQFoU="},"us7000tgrk_ciim_geo_imap.html":{"contentType":"text/html","lastModified":1789170169000,"length":1313,"url":"https://earthquake.usgs.gov/product/dyfi/us7000tgrk/us/1789170170169/us7000tgrk_ciim_geo_imap.html","sha256":"qq1YPQHr7aiHF3lFfiRtecdhgGj5l3gfIh08Nz5M+w8="},"contents.xml":{"contentType":"application/xml","lastModified":1789170169000,"length":4224,"url":"https://earthquake.usgs.gov/product/dyfi/us7000tgrk/us/1789170170169/contents.xml","sha256":"iRAzxmAIAei2T0HJyafM1NBqJJ/p2ejaz5rRDLHpxOY="},"us7000tgrk_ciim_geo.pdf":{"contentType":"application/pdf","lastModified":1789170169000,"length":63596,"url":"https://earthquake.usgs.gov/product/dyfi/us7000tgrk/us/1789170170169/us7000tgrk_ciim_geo.pdf","sha256":"RDCrMIeQplvbWo5MAyk9bQeVdAVkffI7aMsm6JPuGZI="},"cdi_geo_1km.txt":{"contentType":"text/plain","lastModified":1789170169000,"length":768,"url":"https://earthquake.usgs.gov/product/dyfi/us7000tgrk/us/1789170170169/cdi_geo_1km.txt","sha256":"cO5qqQddPDyOy4rSxDYqJOE6etXDcjlpFcFB3nDthEI="},"dyfi_plot_atten.json":{"contentType":"application/json","lastModified":1789170169000,"length":674,"url":"https://earthquake.usgs.gov/product/dyfi/us7000tgrk/us/1789170170169/dyfi_plot_atten.json","sha256":"ZhXyb6BM3t3cNtV9aYtPdvvNjlBKKJLktdMPWBw47tc="},"us7000tgrk_plot_atten.jpg":{"contentType":"image/jpeg","lastModified":1789170169000,"length":33186,"url":"https://earthquake.usgs.gov/product/dyfi/us7000tgrk/us/1789170170169/us7000tgrk_plot_atten.jpg","sha256":"Z5/wM3k9tT9Mo7tQgvC1wvVL7zxwsj5ZVyn7A3ooDuY="},"cdi_geo.xml":{"contentType":"application/xml","lastModified":1789170169000,"length":2395,"url":"https://earthquake.usgs.gov/product/dyfi/us7000tgrk/us/1789170170169/cdi_geo.xml","sha256":"mHmXby8yGdaF5jfjzvUvukIB20s7oD6GeguZrYIc1VU="},"us7000tgrk_ciim_geo.jpg":{"contentType":"image/jpeg","lastModified":1789170169000,"length":83223,"url":"https://earthquake.usgs.gov/product/dyfi/us7000tgrk/us/1789170170169/us7000tgrk_ciim_geo.jpg","sha256":"Rwt+z7uwwO32y97JQg79tSu9Vrbml/OA2OrfAM+28jw="},"cdi_zip.xml":{"contentType":"application/xml","lastModified":1789170169000,"length":1961,"url":"https://earthquake.usgs.gov/product/dyfi/us7000tgrk/us/1789170170169/cdi_zip.xml","sha256":"QrH3RAokNWYoD7bfZsWfyUGKa0Hpp2aYsjOG2HUtadg="},"dyfi_geo.kmz":{"contentType":"application/vnd.google-earth.kmz","lastModified":1789170169000,"length":1239,"url":"https://earthquake.usgs.gov/product/dyfi/us7000tgrk/us/1789170170169/dyfi_geo.kmz","sha256":"QSbxu5xmKg+x8uvMQa+WmyQx/SkXGtWhZvKYl0iv3bM="},"us7000tgrk_ciim.jpg":{"contentType":"image/jpeg","lastModified":1789170169000,"length":86817,"url":"https://earthquake.usgs.gov/product/dyfi/us7000tgrk/us/1789170170169/us7000tgrk_ciim.jpg","sha256":"Enz+VJopBP4ekRbUwwWU+dKYnz6g9b61rFTxo67UICc="},"us7000tgrk_plot_numresp.ps":{"contentType":"application/postscript","lastModified":1789170169000,"length":29831,"url":"https://earthquake.usgs.gov/product/dyfi/us7000tgrk/us/1789170170169/us7000tgrk_plot_numresp.ps","sha256":"iOuLn5bG5yE5NF8b15JHOQ5lDxmthH/AVkBVJWXggBw="},"dyfi_zip.kmz":{"contentType":"application/vnd.google-earth.kmz","lastModified":1789170169000,"length":1233,"url":"https://earthquake.usgs.gov/product/dyfi/us7000tgrk/us/1789170170169/dyfi_zip.kmz","sha256":"gNWbLcUhKsb9kMhoNFI7mKx8TuFqgl9qwOEbXeqtH0g="},"cdi_zip.txt":{"contentType":"text/plain","lastModified":1789170169000,"length":1033,"url":"https://earthquake.usgs.gov/product/dyfi/us7000tgrk/us/1789170170169/cdi_zip.txt","sha256":"ef6XSx1oo2AGCs2Ge4T+FA2iKae19SK0Kk2B/u8ctZ8="},"event_data.xml":{"contentType":"application/xml","lastModified":1789170169000,"length":3007,"url":"https://earthquake.usgs.gov/product/dyfi/us7000tgrk/us/1789170170169/event_data.xml","sha256":"Us/LK7OaDbJQb675kLtxwghfNIAB0aF5AoqbqtuZJeA="},"us7000tgrk_ciim.ps":{"contentType":"application/postscript","lastModified":1789170169000,"length":170071,"url":"https://earthquake.usgs.gov/product/dyfi/us7000tgrk/us/1789170170169/us7000tgrk_ciim.ps","sha256":"tjVHSjxyguISLkGYS0ZymfHTYcMlvlc/Pi1d5THxM+A="},"us7000tgrk_plot_numresp.txt":{"contentType":"text/plain","lastModified":1789170169000,"length":432,"url":"https://earthquake.usgs.gov/product/dyfi/us7000tgrk/us/1789170170169/us7000tgrk_plot_numresp.txt","sha256":"WEsnG+Zbk+v422AP+T4U+Mg+x90JV9UhK4b2LbZ+Q/o="},"dyfi_plot_numresp.json":{"contentType":"application/json","lastModified":1789170169000,"length":768,"url":"https://earthquake.usgs.gov/product/dyfi/us7000tgrk/us/1789170170169/dyfi_plot_numresp.json","sha256":"hW263aEKIS7435YfisYPxyF8N+LblMDhn0HZTPkQGCw="},"us7000tgrk_ciim.pdf":{"contentType":"application/pdf","lastModified":1789170169000,"length":64341,"url":"https://earthquake.usgs.gov/product/dyfi/us7000tgrk/us/1789170170169/us7000tgrk_ciim.pdf","sha256":"21uqSpOIxGMcPpCHc9lmiiUtb44nMxLen1SFWj9R6Q8="},"us7000tgrk_ciim_imap.html":{"contentType":"text/html","lastModified":1789170169000,"length":916,"url":"https://earthquake.usgs.gov/product/dyfi/us7000tgrk/us/1789170170169/us7000tgrk_ciim_imap.html","sha256":"Sx3FqoJEzLpmsbd+LZwgmU0RsoIDb2qDxjVYo290R1k="},"us7000tgrk_ciim_geo.ps":{"contentType":"application/postscript","lastModified":1789170169000,"length":164423,"url":"https://earthquake.usgs.gov/product/dyfi/us7000tgrk/us/1789170170169/us7000tgrk_ciim_geo.ps","sha256":"M47iP/85EXCyx1tysj12F917VSBLFsF9oZElTfIBB78="},"dyfi.kmz":{"contentType":"application/vnd.google-earth.kmz","lastModified":1789170169000,"length":1149,"url":"https://earthquake.usgs.gov/product/dyfi/us7000tgrk/us/1789170170169/dyfi.kmz","sha256":"P/Y7xw3Cxe8W23d/FnV39wyjd8vZ+ukQX23K6wFONrY="},"us7000tgrk_plot_numresp.jpg":{"contentType":"image/jpeg","lastModified":1789170169000,"length":32795,"url":"https://earthquake.usgs.gov/product/dyfi/us7000tgrk/us/1789170170169/us7000tgrk_plot_numresp.jpg","sha256":"o+IFTKWfgXCyRAVg7P6Vm1gCB56IHctd8q+PBoIcDs4="},"us7000tgrk_plot_atten.ps":{"contentType":"application/postscript","lastModified":1789170169000,"length":44686,"url":"https://earthquake.usgs.gov/product/dyfi/us7000tgrk/us/1789170170169/us7000tgrk_plot_atten.ps","sha256":"5asAt5eIidNWx03o54eLK5+mthu6FETdm+rPdkncNt0="},"us7000tgrk_plot_atten.txt":{"contentType":"text/plain","lastModified":1789170169000,"length":297,"url":"https://earthquake.usgs.gov/product/dyfi/us7000tgrk/us/1789170170169/us7000tgrk_plot_atten.txt","sha256":"PyjSIySmXcR30w4H3UXSVLJTSfIGhcoqJ0TiJirtvSA="}}},{"indexid":28583627,"indexTime":1789169271299,"id":"urn:usgs-product:us:dyfi:us7000tgrk:1789169264216","type":"dyfi","code":"us7000tgrk","source":"us","updateTime":1789169264216,"status":"UPDATE","properties":{"depth":"358.597","eventsource":"us","eventsourcecode":"7000tgrk","eventtime":"2026-09-11T21:23:55.000Z","latitude":"-5.0932","longitude":"106.903","magnitude":"6.6","maxmmi":"3.4","num-responses":"8","numResp":"8","pdl-client-version":"Version 3.5.4 2026-01-22"},"preferredWeight":158,"contents":{"dyfi_zip.geojson":{"contentType":"application/octet-stream","lastModified":1789169263000,"length":2551,"url":"https://earthquake.usgs.gov/product/dyfi/us7000tgrk/us/1789169264216/dyfi_zip.geojson","sha256":"6PBobTgzyU+b9VfAP7XfQAQ9m1/Z1EvnD2NiwvGnSQ4="},"dyfi_geo_10km.geojson":{"contentType":"application/octet-stream","lastModified":1789169263000,"length":6475,"url":"https://earthquake.usgs.gov/product/dyfi/us7000tgrk/us/1789169264216/dyfi_geo_10km.geojson","sha256":"wlx7YCVeji+o/jWdpvPj3VyQsx8Da6g07bSmqQiau9U="},"dyfi_geo_1km.geojson":{"contentType":"application/octet-stream","lastModified":1789169263000,"length":4975,"url":"https://earthquake.usgs.gov/product/dyfi/us7000tgrk/us/1789169264216/dyfi_geo_1km.geojson","sha256":"81yzBOG8AznVjJCOz/iN+zz/ALuRoZqU6wmNUVx9tjs="},"cdi_geo.txt":{"contentType":"text/plain","lastModified":1789169263000,"length":719,"url":"https://earthquake.usgs.gov/product/dyfi/us7000tgrk/us/1789169264216/cdi_geo.txt","sha256":"CScDD3MCVTl1R081whr793Z+1TJAosuzkkTOgLPRcA4="},"us7000tgrk_ciim_geo_imap.html":{"contentType":"text/html","lastModified":1789169263000,"length":1056,"url":"https://earthquake.usgs.gov/product/dyfi/us7000tgrk/us/1789169264216/us7000tgrk_ciim_geo_imap.html","sha256":"YSG4W4eKzao7xHSQrKX6g9y6ReyoJRaRlwXApD1WY+o="},"contents.xml":{"contentType":"application/xml","lastModified":1789169263000,"length":4224,"url":"https://earthquake.usgs.gov/product/dyfi/us7000tgrk/us/1789169264216/contents.xml","sha256":"iRAzxmAIAei2T0HJyafM1NBqJJ/p2ejaz5rRDLHpxOY="},"us7000tgrk_ciim_geo.pdf":{"contentType":"application/pdf","lastModified":1789169263000,"length":63554,"url":"https://earthquake.usgs.gov/product/dyfi/us7000tgrk/us/1789169264216/us7000tgrk_ciim_geo.pdf","sha256":"zAw+uHUTVJmTF58GgHAM6FOda1KDzcsQdFTbyaKG8Ps="},"cdi_geo_1km.txt":{"contentType":"text/plain","lastModified":1789169263000,"length":676,"url":"https://earthquake.usgs.gov/product/dyfi/us7000tgrk/us/1789169264216/cdi_geo_1km.txt","sha256":"8aRd8e7HPmiFjRMPyb4Kx3h8BimlWB3edwtWszsTDrE="},"dyfi_plot_atten.json":{"contentType":"application/json","lastModified":1789169263000,"length":654,"url":"https://earthquake.usgs.gov/product/dyfi/us7000tgrk/us/1789169264216/dyfi_plot_atten.json","sha256":"2k4s1HsyWw8+BjGnC/SebXuWKFlja/U21D2rGv3vS88="},"us7000tgrk_plot_atten.jpg":{"contentType":"image/jpeg","lastModified":1789169263000,"length":33131,"url":"https://earthquake.usgs.gov/product/dyfi/us7000tgrk/us/1789169264216/us7000tgrk_plot_atten.jpg","sha256":"/3MmTFSairoYuRqUztdIYU76ZrjI0KDHySq9oxYWRPQ="},"cdi_geo.xml":{"contentType":"application/xml","lastModified":1789169263000,"length":2141,"url":"https://earthquake.usgs.gov/product/dyfi/us7000tgrk/us/1789169264216/cdi_geo.xml","sha256":"wOB0xPiNg460+UtGLrGPNCD7TmOUoHBxQ/K1t9JqY80="},"us7000tgrk_ciim_geo.jpg":{"contentType":"image/jpeg","lastModified":1789169263000,"length":83164,"url":"https://earthquake.usgs.gov/product/dyfi/us7000tgrk/us/1789169264216/us7000tgrk_ciim_geo.jpg","sha256":"lhmMYmvOIp3Zc2UUuLisT8Wp6XPuRNJPtn11pZaSyBo="},"cdi_zip.xml":{"contentType":"application/xml","lastModified":1789169263000,"length":1746,"url":"https://earthquake.usgs.gov/product/dyfi/us7000tgrk/us/1789169264216/cdi_zip.xml","sha256":"OM3tkHUI8ynk5pIDBlEsyT8MreIGZbdlY/EBWIAwwHM="},"dyfi_geo.kmz":{"contentType":"application/vnd.google-earth.kmz","lastModified":1789169263000,"length":1171,"url":"https://earthquake.usgs.gov/product/dyfi/us7000tgrk/us/1789169264216/dyfi_geo.kmz","sha256":"I5FuOr23Hfs9sACPJa1gARVt6UA4v82rSdFjHmQhi2A="},"us7000tgrk_ciim.jpg":{"contentType":"image/jpeg","lastModified":1789169263000,"length":86718,"url":"https://earthquake.usgs.gov/product/dyfi/us7000tgrk/us/1789169264216/us7000tgrk_ciim.jpg","sha256":"Bc0cZdVfFU4Zdc59jXxHC+Q3dyozNsSRC3lF13V7wD0="},"us7000tgrk_plot_numresp.ps":{"contentType":"application/postscript","lastModified":1789169263000,"length":29823,"url":"https://earthquake.usgs.gov/product/dyfi/us7000tgrk/us/1789169264216/us7000tgrk_plot_numresp.ps","sha256":"JX2cYu6LoEoYjvxpOtTeFAS1cBUlCMm5TELBeBIkHdQ="},"dyfi_zip.kmz":{"contentType":"application/vnd.google-earth.kmz","lastModified":1789169263000,"length":1175,"url":"https://earthquake.usgs.gov/product/dyfi/us7000tgrk/us/1789169264216/dyfi_zip.kmz","sha256":"yuzFxiMQNm3n2mRzO4FGWuJ8IgX7mYf8dcA443a8vcg="},"cdi_zip.txt":{"contentType":"text/plain","lastModified":1789169263000,"length":932,"url":"https://earthquake.usgs.gov/product/dyfi/us7000tgrk/us/1789169264216/cdi_zip.txt","sha256":"vT3Gg48RN4YrjbHM0lEFbiaCuruh8NRx/a09Hb+GTh8="},"event_data.xml":{"contentType":"application/xml","lastModified":1789169263000,"length":3007,"url":"https://earthquake.usgs.gov/product/dyfi/us7000tgrk/us/1789169264216/event_data.xml","sha256":"+k5vXao3eKUBIonD1Lwo5RafbXpp+e1XQmze4LPml0M="},"us7000tgrk_ciim.ps":{"contentType":"application/postscript","lastModified":1789169263000,"length":170038,"url":"https://earthquake.usgs.gov/product/dyfi/us7000tgrk/us/1789169264216/us7000tgrk_ciim.ps","sha256":"Tvrv1qgMiMG5MsqiEH/t6ON/Ucm74PhR+pXaBr4IagI="},"us7000tgrk_plot_numresp.txt":{"contentType":"text/plain","lastModified":1789169263000,"length":388,"url":"https://earthquake.usgs.gov/product/dyfi/us7000tgrk/us/1789169264216/us7000tgrk_plot_numresp.txt","sha256":"YI/0b7PzI7bJRTNvvx/3DkmO/Hn+x5TpL1bEvXMi7uY="},"dyfi_plot_numresp.json":{"contentType":"application/json","lastModified":1789169263000,"length":697,"url":"https://earthquake.usgs.gov/product/dyfi/us7000tgrk/us/1789169264216/dyfi_plot_numresp.json","sha256":"cx0JrNRPMarBW45C6RMeqKYqgn0u0O0+LR5+mJwwfXw="},"us7000tgrk_ciim.pdf":{"contentType":"application/pdf","lastModified":1789169263000,"length":64256,"url":"https://earthquake.usgs.gov/product/dyfi/us7000tgrk/us/1789169264216/us7000tgrk_ciim.pdf","sha256":"NS25AfNKGN5mvT8DYEALzrTWSW9+oGHtSDw1WBsBGfI="},"us7000tgrk_ciim_imap.html":{"contentType":"text/html","lastModified":1789169263000,"length":739,"url":"https://earthquake.usgs.gov/product/dyfi/us7000tgrk/us/1789169264216/us7000tgrk_ciim_imap.html","sha256":"TkIXFae9VQZFGHispE4qgQBGNT5jqjS5GGt6rahK+XM="},"us7000tgrk_ciim_geo.ps":{"contentType":"application/postscript","lastModified":1789169263000,"length":164339,"url":"https://earthquake.usgs.gov/product/dyfi/us7000tgrk/us/1789169264216/us7000tgrk_ciim_geo.ps","sha256":"Epcz5tDVat+2xp0NWhnIgE9CO64hsEi6Lu0xLIn2yNw="},"dyfi.kmz":{"contentType":"application/vnd.google-earth.kmz","lastModified":1789169263000,"length":1149,"url":"https://earthquake.usgs.gov/product/dyfi/us7000tgrk/us/1789169264216/dyfi.kmz","sha256":"uqiARzZOdC11bn8kD9I08bTGVkkcy/ztFL2n2RjWKHs="},"us7000tgrk_plot_numresp.jpg":{"contentType":"image/jpeg","lastModified":1789169263000,"length":32746,"url":"https://earthquake.usgs.gov/product/dyfi/us7000tgrk/us/1789169264216/us7000tgrk_plot_numresp.jpg","sha256":"FzrBZBlvj4+EEVgxKUECAO0Vc8QUfNKeUcWNoDVgeRQ="},"us7000tgrk_plot_atten.ps":{"contentType":"application/postscript","lastModified":1789169263000,"length":44674,"url":"https://earthquake.usgs.gov/product/dyfi/us7000tgrk/us/1789169264216/us7000tgrk_plot_atten.ps","sha256":"CAT5l9TH06xcgpRv7A2OCqSTmtT1ozGJHl7tdQdQFLg="},"us7000tgrk_plot_atten.txt":{"contentType":"text/plain","lastModified":1789169263000,"length":287,"url":"https://earthquake.usgs.gov/product/dyfi/us7000tgrk/us/1789169264216/us7000tgrk_plot_atten.txt","sha256":"bXuUQDyK4lpx0kiNweRTnUyLqTcrI97ouNk1FV2CepY="}}},{"indexid":28583496,"indexTime":1789168129499,"id":"urn:usgs-product:us:dyfi:us7000tgrk:1789168122669","type":"dyfi","code":"us7000tgrk","source":"us","updateTime":1789168122669,"status":"UPDATE","properties":{"depth":"358.597","eventsource":"us","eventsourcecode":"7000tgrk","eventtime":"2026-09-11T21:23:55.000Z","latitude":"-5.0932","longitude":"106.903","magnitude":"6.6","maxmmi":"3.4","num-responses":"7","numResp":"7","pdl-client-version":"Version 3.5.4 2026-01-22"},"preferredWeight":158,"contents":{"dyfi_zip.geojson":{"contentType":"application/octet-stream","lastModified":1789168122000,"length":2233,"url":"https://earthquake.usgs.gov/product/dyfi/us7000tgrk/us/1789168122669/dyfi_zip.geojson","sha256":"fRJPMfC5cP6e1VBF8oH5zr3h8qVNVaML+KI0vsdcY/o="},"dyfi_geo_10km.geojson":{"contentType":"application/octet-stream","lastModified":1789168122000,"length":5672,"url":"https://earthquake.usgs.gov/product/dyfi/us7000tgrk/us/1789168122669/dyfi_geo_10km.geojson","sha256":"y8vuVDcpkI7bRxKF7d/S91EsDGq1lI49lEY1WRqAMwc="},"dyfi_geo_1km.geojson":{"contentType":"application/octet-stream","lastModified":1789168122000,"length":4158,"url":"https://earthquake.usgs.gov/product/dyfi/us7000tgrk/us/1789168122669/dyfi_geo_1km.geojson","sha256":"s+5d6/ywlBWP/+Wi1Pgi54UiCpDa6r7enMzzQJ3+kfs="},"cdi_geo.txt":{"contentType":"text/plain","lastModified":1789168122000,"length":643,"url":"https://earthquake.usgs.gov/product/dyfi/us7000tgrk/us/1789168122669/cdi_geo.txt","sha256":"lwq+uwaswZt6Qx3UXP8TrpOTPIXt/uqlKfhkgaEEmBo="},"us7000tgrk_ciim_geo_imap.html":{"contentType":"text/html","lastModified":1789168122000,"length":1056,"url":"https://earthquake.usgs.gov/product/dyfi/us7000tgrk/us/1789168122669/us7000tgrk_ciim_geo_imap.html","sha256":"Ad62KXwlGl2xic2crZL+uHxqRrPpK6QlWm1gVfR+DSs="},"contents.xml":{"contentType":"application/xml","lastModified":1789168122000,"length":4224,"url":"https://earthquake.usgs.gov/product/dyfi/us7000tgrk/us/1789168122669/contents.xml","sha256":"iRAzxmAIAei2T0HJyafM1NBqJJ/p2ejaz5rRDLHpxOY="},"us7000tgrk_ciim_geo.pdf":{"contentType":"application/pdf","lastModified":1789168122000,"length":63550,"url":"https://earthquake.usgs.gov/product/dyfi/us7000tgrk/us/1789168122669/us7000tgrk_ciim_geo.pdf","sha256":"MNajC0taDPXNOJ3hAlfaq6dydvFiWj/H0RcLD2ZyBZE="},"cdi_geo_1km.txt":{"contentType":"text/plain","lastModified":1789168122000,"length":584,"url":"https://earthquake.usgs.gov/product/dyfi/us7000tgrk/us/1789168122669/cdi_geo_1km.txt","sha256":"3Q+K1YW8/34jii+loib/JbIyTaPvshv9MaeBoMu0ykA="},"dyfi_plot_atten.json":{"contentType":"application/json","lastModified":1789168122000,"length":636,"url":"https://earthquake.usgs.gov/product/dyfi/us7000tgrk/us/1789168122669/dyfi_plot_atten.json","sha256":"HDGSk5IorzjehXFLDLlnzTRHpLwWLCRRBbQu8Obaa+s="},"us7000tgrk_plot_atten.jpg":{"contentType":"image/jpeg","lastModified":1789168122000,"length":33002,"url":"https://earthquake.usgs.gov/product/dyfi/us7000tgrk/us/1789168122669/us7000tgrk_plot_atten.jpg","sha256":"lGSI9kAPfvnHtstEXX6ZHkkQ5WaP6z1YCeFLRXerjec="},"cdi_geo.xml":{"contentType":"application/xml","lastModified":1789168122000,"length":1891,"url":"https://earthquake.usgs.gov/product/dyfi/us7000tgrk/us/1789168122669/cdi_geo.xml","sha256":"VUORThrGbJy471ubdnv0yc3tGMBpu7bkvMKf0bW0N1U="},"us7000tgrk_ciim_geo.jpg":{"contentType":"image/jpeg","lastModified":1789168122000,"length":83083,"url":"https://earthquake.usgs.gov/product/dyfi/us7000tgrk/us/1789168122669/us7000tgrk_ciim_geo.jpg","sha256":"MgsdKxh0Ms739VE1A3Gk8Z4S3shYVVwMk1RCoGr/BTg="},"cdi_zip.xml":{"contentType":"application/xml","lastModified":1789168122000,"length":1528,"url":"https://earthquake.usgs.gov/product/dyfi/us7000tgrk/us/1789168122669/cdi_zip.xml","sha256":"AnWrVk1CfSBOKwb7BYlOWxjH9ojspUDA5Y7CH+Lv7PY="},"dyfi_geo.kmz":{"contentType":"application/vnd.google-earth.kmz","lastModified":1789168122000,"length":1105,"url":"https://earthquake.usgs.gov/product/dyfi/us7000tgrk/us/1789168122669/dyfi_geo.kmz","sha256":"AMNGUvHOB8WYUnia429hywwhlQKYxy7/sbDiFcYJAo8="},"us7000tgrk_ciim.jpg":{"contentType":"image/jpeg","lastModified":1789168122000,"length":86596,"url":"https://earthquake.usgs.gov/product/dyfi/us7000tgrk/us/1789168122669/us7000tgrk_ciim.jpg","sha256":"xtpnJy5AWfFBAcOHc1sjO6UFBTcFmSK9/S+T9413MGc="},"us7000tgrk_plot_numresp.ps":{"contentType":"application/postscript","lastModified":1789168122000,"length":29815,"url":"https://earthquake.usgs.gov/product/dyfi/us7000tgrk/us/1789168122669/us7000tgrk_plot_numresp.ps","sha256":"ZXxX2nM+PLPnBweQBy+zb16oiGSyPG9b61ipp9jt3H4="},"dyfi_zip.kmz":{"contentType":"application/vnd.google-earth.kmz","lastModified":1789168122000,"length":1106,"url":"https://earthquake.usgs.gov/product/dyfi/us7000tgrk/us/1789168122669/dyfi_zip.kmz","sha256":"3VYYWn/Xvy7Q1kzh30pfDJgMfMGyykpE3yY/BqAFy48="},"cdi_zip.txt":{"contentType":"text/plain","lastModified":1789168122000,"length":823,"url":"https://earthquake.usgs.gov/product/dyfi/us7000tgrk/us/1789168122669/cdi_zip.txt","sha256":"ojUkMdj85DPfit/Rvlxv8M9ulvrJ+boESFaJ1dM2TAE="},"event_data.xml":{"contentType":"application/xml","lastModified":1789168122000,"length":3007,"url":"https://earthquake.usgs.gov/product/dyfi/us7000tgrk/us/1789168122669/event_data.xml","sha256":"OEshp7jm2+NIQbV0LfM1b/9Axrh2OvvCJS2ag5LOMDY="},"us7000tgrk_ciim.ps":{"contentType":"application/postscript","lastModified":1789168122000,"length":170038,"url":"https://earthquake.usgs.gov/product/dyfi/us7000tgrk/us/1789168122669/us7000tgrk_ciim.ps","sha256":"Q6aFQXDJVHwiNar0s2lrRoMJEBus3w3dqCgdoA9YEKQ="},"us7000tgrk_plot_numresp.txt":{"contentType":"text/plain","lastModified":1789168122000,"length":354,"url":"https://earthquake.usgs.gov/product/dyfi/us7000tgrk/us/1789168122669/us7000tgrk_plot_numresp.txt","sha256":"wYZtu0MnFheAbM6iCXygtHDB1zlTPgIt3TRIUqvmMso="},"dyfi_plot_numresp.json":{"contentType":"application/json","lastModified":1789168122000,"length":626,"url":"https://earthquake.usgs.gov/product/dyfi/us7000tgrk/us/1789168122669/dyfi_plot_numresp.json","sha256":"j+aqNjNjiRBHTH41OsJF7CruMMvoGDwOtLl/7v2K7LU="},"us7000tgrk_ciim.pdf":{"contentType":"application/pdf","lastModified":1789168122000,"length":64257,"url":"https://earthquake.usgs.gov/product/dyfi/us7000tgrk/us/1789168122669/us7000tgrk_ciim.pdf","sha256":"eln6LxVax6Jms7ZecpvGeGpLjiRDgA7675A/q8JVXvQ="},"us7000tgrk_ciim_imap.html":{"contentType":"text/html","lastModified":1789168122000,"length":739,"url":"https://earthquake.usgs.gov/product/dyfi/us7000tgrk/us/1789168122669/us7000tgrk_ciim_imap.html","sha256":"2k8i5FA7vWR8uEM4xZsP8ySjC0N/w3UE08U36orSih4="},"us7000tgrk_ciim_geo.ps":{"contentType":"application/postscript","lastModified":1789168122000,"length":164318,"url":"https://earthquake.usgs.gov/product/dyfi/us7000tgrk/us/1789168122669/us7000tgrk_ciim_geo.ps","sha256":"YUC7sdW4rqhrJTuSZofV72LP4REPiIhEMi1Ny17bwnE="},"dyfi.kmz":{"contentType":"application/vnd.google-earth.kmz","lastModified":1789168122000,"length":1149,"url":"https://earthquake.usgs.gov/product/dyfi/us7000tgrk/us/1789168122669/dyfi.kmz","sha256":"TynSuUOhUU6F7fCc2mJZlh5lpeyaNKGZe8tU66WnngE="},"us7000tgrk_plot_numresp.jpg":{"contentType":"image/jpeg","lastModified":1789168122000,"length":32031,"url":"https://earthquake.usgs.gov/product/dyfi/us7000tgrk/us/1789168122669/us7000tgrk_plot_numresp.jpg","sha256":"b0CCwLG9y1eubufw9dCpG+6PlIOMYsGXmSGtdjCO7G4="},"us7000tgrk_plot_atten.ps":{"contentType":"application/postscript","lastModified":1789168122000,"length":44662,"url":"https://earthquake.usgs.gov/product/dyfi/us7000tgrk/us/1789168122669/us7000tgrk_plot_atten.ps","sha256":"+6bsuEyhFNZ6A7vPWja1kltxPKTKagFlvRxQCCZFNdI="},"us7000tgrk_plot_atten.txt":{"contentType":"text/plain","lastModified":1789168122000,"length":277,"url":"https://earthquake.usgs.gov/product/dyfi/us7000tgrk/us/1789168122669/us7000tgrk_plot_atten.txt","sha256":"LafwEASDy+mmZyZ215IZt6OoUCje5y05NlKOvtnf4s0="}}},{"indexid":28583360,"indexTime":1789164946950,"id":"urn:usgs-product:us:dyfi:us7000tgrk:1789164938481","type":"dyfi","code":"us7000tgrk","source":"us","updateTime":1789164938481,"status":"UPDATE","properties":{"depth":"358.597","eventsource":"us","eventsourcecode":"7000tgrk","eventtime":"2026-09-11T21:23:55.000Z","latitude":"-5.0932","longitude":"106.903","magnitude":"6.6","maxmmi":"3.4","num-responses":"6","numResp":"6","pdl-client-version":"Version 3.5.4 2026-01-22"},"preferredWeight":158,"contents":{"dyfi_zip.geojson":{"contentType":"application/octet-stream","lastModified":1789164937000,"length":1924,"url":"https://earthquake.usgs.gov/product/dyfi/us7000tgrk/us/1789164938481/dyfi_zip.geojson","sha256":"CpGkFZANBM++Q57ln00qLai8yJmWpe1OLXbE+VR9TT8="},"dyfi_geo_10km.geojson":{"contentType":"application/octet-stream","lastModified":1789164937000,"length":4871,"url":"https://earthquake.usgs.gov/product/dyfi/us7000tgrk/us/1789164938481/dyfi_geo_10km.geojson","sha256":"l2fr1wdBEvbHplACA8333uxTT+OuOhQ1+VRNQ7+7Rog="},"dyfi_geo_1km.geojson":{"contentType":"application/octet-stream","lastModified":1789164937000,"length":3339,"url":"https://earthquake.usgs.gov/product/dyfi/us7000tgrk/us/1789164938481/dyfi_geo_1km.geojson","sha256":"t9lya03EcOgJellDRBEhJEqB0RcAPKRrmacuUf6bmvY="},"cdi_geo.txt":{"contentType":"text/plain","lastModified":1789164937000,"length":568,"url":"https://earthquake.usgs.gov/product/dyfi/us7000tgrk/us/1789164938481/cdi_geo.txt","sha256":"ZNy0fjdvfe4U9DiWBh0WIMtLnBPhFmqabhRYAoID6/U="},"us7000tgrk_ciim_geo_imap.html":{"contentType":"text/html","lastModified":1789164937000,"length":1056,"url":"https://earthquake.usgs.gov/product/dyfi/us7000tgrk/us/1789164938481/us7000tgrk_ciim_geo_imap.html","sha256":"Ad62KXwlGl2xic2crZL+uHxqRrPpK6QlWm1gVfR+DSs="},"contents.xml":{"contentType":"application/xml","lastModified":1789164937000,"length":4224,"url":"https://earthquake.usgs.gov/product/dyfi/us7000tgrk/us/1789164938481/contents.xml","sha256":"iRAzxmAIAei2T0HJyafM1NBqJJ/p2ejaz5rRDLHpxOY="},"us7000tgrk_ciim_geo.pdf":{"contentType":"application/pdf","lastModified":1789164937000,"length":63549,"url":"https://earthquake.usgs.gov/product/dyfi/us7000tgrk/us/1789164938481/us7000tgrk_ciim_geo.pdf","sha256":"ytZXuSQqBl/pvLkukvBrhfi9222P5bAt+3+DGa2yXDg="},"cdi_geo_1km.txt":{"contentType":"text/plain","lastModified":1789164937000,"length":492,"url":"https://earthquake.usgs.gov/product/dyfi/us7000tgrk/us/1789164938481/cdi_geo_1km.txt","sha256":"9aASIQJoQMC2cE+AuDDAd+EO/n0fDmCX+pCkqmJADwg="},"dyfi_plot_atten.json":{"contentType":"application/json","lastModified":1789164937000,"length":572,"url":"https://earthquake.usgs.gov/product/dyfi/us7000tgrk/us/1789164938481/dyfi_plot_atten.json","sha256":"W/QwK2bE5B4TewvHao0m8oicfS2fTFier5BuTbqQdP4="},"us7000tgrk_plot_atten.jpg":{"contentType":"image/jpeg","lastModified":1789164937000,"length":32614,"url":"https://earthquake.usgs.gov/product/dyfi/us7000tgrk/us/1789164938481/us7000tgrk_plot_atten.jpg","sha256":"02eC7E84zNIm7q3pb9RI5vRpBLkL3kXiE0u5gR/V/D4="},"cdi_geo.xml":{"contentType":"application/xml","lastModified":1789164937000,"length":1642,"url":"https://earthquake.usgs.gov/product/dyfi/us7000tgrk/us/1789164938481/cdi_geo.xml","sha256":"vS9AAhc9D9eLIquEECIPR3Rkz+MUNztri6Vd9YYA5PM="},"us7000tgrk_ciim_geo.jpg":{"contentType":"image/jpeg","lastModified":1789164937000,"length":83115,"url":"https://earthquake.usgs.gov/product/dyfi/us7000tgrk/us/1789164938481/us7000tgrk_ciim_geo.jpg","sha256":"nu1zoJGWFgJ9h2FJAt87DUtB3nhHuy2YTkxcvuBp8aM="},"cdi_zip.xml":{"contentType":"application/xml","lastModified":1789164937000,"length":1320,"url":"https://earthquake.usgs.gov/product/dyfi/us7000tgrk/us/1789164938481/cdi_zip.xml","sha256":"quVnwLu7OxT2n0olGzAs0WKBHExFb3+7i/2eA3tp2no="},"dyfi_geo.kmz":{"contentType":"application/vnd.google-earth.kmz","lastModified":1789164937000,"length":1027,"url":"https://earthquake.usgs.gov/product/dyfi/us7000tgrk/us/1789164938481/dyfi_geo.kmz","sha256":"6e7o3MzLR0ZQx3re/saTHk/E5TLZ6Iz8wcUBf6vi4fs="},"us7000tgrk_ciim.jpg":{"contentType":"image/jpeg","lastModified":1789164937000,"length":86709,"url":"https://earthquake.usgs.gov/product/dyfi/us7000tgrk/us/1789164938481/us7000tgrk_ciim.jpg","sha256":"RRDgVQFlXwLW26z4rt18xE0wHWPaSSjK/ZT06wAsN28="},"us7000tgrk_plot_numresp.ps":{"contentType":"application/postscript","lastModified":1789164937000,"length":35533,"url":"https://earthquake.usgs.gov/product/dyfi/us7000tgrk/us/1789164938481/us7000tgrk_plot_numresp.ps","sha256":"QbNNODWi5jCN+sxy69EK6Na/LjynPjWrWnDUNN0bqi0="},"dyfi_zip.kmz":{"contentType":"application/vnd.google-earth.kmz","lastModified":1789164937000,"length":1054,"url":"https://earthquake.usgs.gov/product/dyfi/us7000tgrk/us/1789164938481/dyfi_zip.kmz","sha256":"wxtU+M5EIR7qZWrjHni4nzRls5p6AWYH0DbkLsQ0lNo="},"cdi_zip.txt":{"contentType":"text/plain","lastModified":1789164937000,"length":724,"url":"https://earthquake.usgs.gov/product/dyfi/us7000tgrk/us/1789164938481/cdi_zip.txt","sha256":"nCZv7bvzP7Y/CNLnTKu4jdtekc7WmSgYELMgBcApDPA="},"event_data.xml":{"contentType":"application/xml","lastModified":1789164937000,"length":3007,"url":"https://earthquake.usgs.gov/product/dyfi/us7000tgrk/us/1789164938481/event_data.xml","sha256":"kx/OSdDOwoIreBXx43VEwGax1wOKcUaZ0nOqb9Eqi6I="},"us7000tgrk_ciim.ps":{"contentType":"application/postscript","lastModified":1789164937000,"length":170038,"url":"https://earthquake.usgs.gov/product/dyfi/us7000tgrk/us/1789164938481/us7000tgrk_ciim.ps","sha256":"U7D6kRb/QM4IuxC060REebjhDpyQ4N0ynTpOg7ybFAk="},"us7000tgrk_plot_numresp.txt":{"contentType":"text/plain","lastModified":1789164937000,"length":321,"url":"https://earthquake.usgs.gov/product/dyfi/us7000tgrk/us/1789164938481/us7000tgrk_plot_numresp.txt","sha256":"6/Gxh3PB5Qi+3W8WwfHinlrVU8nli8m7hFdtHl+9N3w="},"dyfi_plot_numresp.json":{"contentType":"application/json","lastModified":1789164937000,"length":556,"url":"https://earthquake.usgs.gov/product/dyfi/us7000tgrk/us/1789164938481/dyfi_plot_numresp.json","sha256":"XO12REF8H4vpJHBRkATXmkR4X3KMb6FELYEvqrrAL9A="},"us7000tgrk_ciim.pdf":{"contentType":"application/pdf","lastModified":1789164937000,"length":64257,"url":"https://earthquake.usgs.gov/product/dyfi/us7000tgrk/us/1789164938481/us7000tgrk_ciim.pdf","sha256":"W8Qk9kGbifUubYONFQECWskze3AmW9Bzq8uaeUr9yPw="},"us7000tgrk_ciim_imap.html":{"contentType":"text/html","lastModified":1789164937000,"length":739,"url":"https://earthquake.usgs.gov/product/dyfi/us7000tgrk/us/1789164938481/us7000tgrk_ciim_imap.html","sha256":"2k8i5FA7vWR8uEM4xZsP8ySjC0N/w3UE08U36orSih4="},"us7000tgrk_ciim_geo.ps":{"contentType":"application/postscript","lastModified":1789164937000,"length":164318,"url":"https://earthquake.usgs.gov/product/dyfi/us7000tgrk/us/1789164938481/us7000tgrk_ciim_geo.ps","sha256":"xARnI34hDvTLVaM7AQjeSDR6i/rpfRxaz9jxrzBtgrM="},"dyfi.kmz":{"contentType":"application/vnd.google-earth.kmz","lastModified":1789164937000,"length":1149,"url":"https://earthquake.usgs.gov/product/dyfi/us7000tgrk/us/1789164938481/dyfi.kmz","sha256":"kl0K+mNTVyAZ0N+vK6tAZvvlEKJk136Y2a7Y1trYShU="},"us7000tgrk_plot_numresp.jpg":{"contentType":"image/jpeg","lastModified":1789164937000,"length":35641,"url":"https://earthquake.usgs.gov/product/dyfi/us7000tgrk/us/1789164938481/us7000tgrk_plot_numresp.jpg","sha256":"NZqVxKG7YqkEiUbNQQfLoeTMQz00qB2+iLIVR5QvGYk="},"us7000tgrk_plot_atten.ps":{"contentType":"application/postscript","lastModified":1789164937000,"length":44521,"url":"https://earthquake.usgs.gov/product/dyfi/us7000tgrk/us/1789164938481/us7000tgrk_plot_atten.ps","sha256":"ZSS4BZaImzWWtvvavcvqRPOF7fX+zfvD47hI6K2+tTQ="},"us7000tgrk_plot_atten.txt":{"contentType":"text/plain","lastModified":1789164937000,"length":242,"url":"https://earthquake.usgs.gov/product/dyfi/us7000tgrk/us/1789164938481/us7000tgrk_plot_atten.txt","sha256":"X6EIDKmmNlrbGPEFAhXjJxHD+GZb3X2dqdAwo7TXS0M="}}},{"indexid":28583356,"indexTime":1789164631187,"id":"urn:usgs-product:us:dyfi:us7000tgrk:1789164623131","type":"dyfi","code":"us7000tgrk","source":"us","updateTime":1789164623131,"status":"UPDATE","properties":{"depth":"358.597","eventsource":"us","eventsourcecode":"7000tgrk","eventtime":"2026-09-11T21:23:55.000Z","latitude":"-5.0932","longitude":"106.903","magnitude":"6.6","maxmmi":"3.4","num-responses":"4","numResp":"4","pdl-client-version":"Version 3.5.4 2026-01-22"},"preferredWeight":158,"contents":{"dyfi_zip.geojson":{"contentType":"application/octet-stream","lastModified":1789164622000,"length":1305,"url":"https://earthquake.usgs.gov/product/dyfi/us7000tgrk/us/1789164623131/dyfi_zip.geojson","sha256":"zqkAgHuy0/miWSHCWL0fyciChIFsFO9Ju+d/wnGxqK8="},"dyfi_geo_10km.geojson":{"contentType":"application/octet-stream","lastModified":1789164622000,"length":3270,"url":"https://earthquake.usgs.gov/product/dyfi/us7000tgrk/us/1789164623131/dyfi_geo_10km.geojson","sha256":"wqXvOSXoTtdEns9cUk3WZIHH3rolP4Sk+opbkg9EibQ="},"dyfi_geo_1km.geojson":{"contentType":"application/octet-stream","lastModified":1789164622000,"length":1699,"url":"https://earthquake.usgs.gov/product/dyfi/us7000tgrk/us/1789164623131/dyfi_geo_1km.geojson","sha256":"zvLXJk282W5AhdA4F0lxscFiDZDD209JMgVkcXl01kA="},"cdi_geo.txt":{"contentType":"text/plain","lastModified":1789164622000,"length":423,"url":"https://earthquake.usgs.gov/product/dyfi/us7000tgrk/us/1789164623131/cdi_geo.txt","sha256":"Q2gbKZYCmq0ilw1hj82RF+LztpI+EXz9K71Jwr+kHgU="},"us7000tgrk_ciim_geo_imap.html":{"contentType":"text/html","lastModified":1789164622000,"length":807,"url":"https://earthquake.usgs.gov/product/dyfi/us7000tgrk/us/1789164623131/us7000tgrk_ciim_geo_imap.html","sha256":"VFHPA4BfB7lQkgLpERpwn9MIUgzJKzV1SnpKcfT4mxE="},"contents.xml":{"contentType":"application/xml","lastModified":1789164622000,"length":4224,"url":"https://earthquake.usgs.gov/product/dyfi/us7000tgrk/us/1789164623131/contents.xml","sha256":"iRAzxmAIAei2T0HJyafM1NBqJJ/p2ejaz5rRDLHpxOY="},"us7000tgrk_ciim_geo.pdf":{"contentType":"application/pdf","lastModified":1789164622000,"length":63518,"url":"https://earthquake.usgs.gov/product/dyfi/us7000tgrk/us/1789164623131/us7000tgrk_ciim_geo.pdf","sha256":"WMoFdDrXtcGKPSoG4uhMhR/3bt7QwZKgC2cEJYY4cM4="},"cdi_geo_1km.txt":{"contentType":"text/plain","lastModified":1789164622000,"length":308,"url":"https://earthquake.usgs.gov/product/dyfi/us7000tgrk/us/1789164623131/cdi_geo_1km.txt","sha256":"GokuqpfT4sUnZFItITcdxEIlXIRvjvaBBUp10Bygtf0="},"dyfi_plot_atten.json":{"contentType":"application/json","lastModified":1789164622000,"length":530,"url":"https://earthquake.usgs.gov/product/dyfi/us7000tgrk/us/1789164623131/dyfi_plot_atten.json","sha256":"4HcAmaILQDb3GnAngi2dYbLiQlIAHa3xp+Pq/cMZU2c="},"us7000tgrk_plot_atten.jpg":{"contentType":"image/jpeg","lastModified":1789164622000,"length":32726,"url":"https://earthquake.usgs.gov/product/dyfi/us7000tgrk/us/1789164623131/us7000tgrk_plot_atten.jpg","sha256":"Z0wrg9IYkgW9ydYkWfL3bp3WOwFRYyN4y0IZEcIqSos="},"cdi_geo.xml":{"contentType":"application/xml","lastModified":1789164622000,"length":1139,"url":"https://earthquake.usgs.gov/product/dyfi/us7000tgrk/us/1789164623131/cdi_geo.xml","sha256":"fAnhFUj2z9NRcNXTYD5xhmyt9FPXRnPLPONAtgih9kc="},"us7000tgrk_ciim_geo.jpg":{"contentType":"image/jpeg","lastModified":1789164622000,"length":83037,"url":"https://earthquake.usgs.gov/product/dyfi/us7000tgrk/us/1789164623131/us7000tgrk_ciim_geo.jpg","sha256":"nRG5ChrV8zt/cGoWPnkz7X2HduftXUSyzsxDsfsb9o0="},"cdi_zip.xml":{"contentType":"application/xml","lastModified":1789164622000,"length":900,"url":"https://earthquake.usgs.gov/product/dyfi/us7000tgrk/us/1789164623131/cdi_zip.xml","sha256":"EpXsnjswclSEYpqO1acK9YZ0Ls1/X8pND4KEtKlPLU4="},"dyfi_geo.kmz":{"contentType":"application/vnd.google-earth.kmz","lastModified":1789164622000,"length":917,"url":"https://earthquake.usgs.gov/product/dyfi/us7000tgrk/us/1789164623131/dyfi_geo.kmz","sha256":"DHuf6sVDZfx/geS8J/kbmuBhoY7oQOU45tPja26VQeA="},"us7000tgrk_ciim.jpg":{"contentType":"image/jpeg","lastModified":1789164622000,"length":86582,"url":"https://earthquake.usgs.gov/product/dyfi/us7000tgrk/us/1789164623131/us7000tgrk_ciim.jpg","sha256":"6q9OAtG8kOK3RDgHDmNA19HPVmRILPs1jEVfAJrqXpo="},"us7000tgrk_plot_numresp.ps":{"contentType":"application/postscript","lastModified":1789164622000,"length":35525,"url":"https://earthquake.usgs.gov/product/dyfi/us7000tgrk/us/1789164623131/us7000tgrk_plot_numresp.ps","sha256":"Ow6m59tsGAO4HMLVQiRD8/wwOsJgLFsdHIijqp6bRPY="},"dyfi_zip.kmz":{"contentType":"application/vnd.google-earth.kmz","lastModified":1789164622000,"length":949,"url":"https://earthquake.usgs.gov/product/dyfi/us7000tgrk/us/1789164623131/dyfi_zip.kmz","sha256":"KXLCof2JrPcM/s+x2u4DdULhfVXXWoJPsjkUw7keEY0="},"cdi_zip.txt":{"contentType":"text/plain","lastModified":1789164622000,"length":532,"url":"https://earthquake.usgs.gov/product/dyfi/us7000tgrk/us/1789164623131/cdi_zip.txt","sha256":"F92ah82ZQoWV0QFg8G/e99jnHUl3eAwP3JlR2xVFazY="},"event_data.xml":{"contentType":"application/xml","lastModified":1789164622000,"length":3007,"url":"https://earthquake.usgs.gov/product/dyfi/us7000tgrk/us/1789164623131/event_data.xml","sha256":"0OqmwW714V3P69dNFc3rJ5BL6s1M0RsbilFmIIFKU1w="},"us7000tgrk_ciim.ps":{"contentType":"application/postscript","lastModified":1789164622000,"length":170024,"url":"https://earthquake.usgs.gov/product/dyfi/us7000tgrk/us/1789164623131/us7000tgrk_ciim.ps","sha256":"8x8NbrZ9MQ4gIfHWjZ3BgXOheuXiWH1MKW9g6Em0tbE="},"us7000tgrk_plot_numresp.txt":{"contentType":"text/plain","lastModified":1789164622000,"length":233,"url":"https://earthquake.usgs.gov/product/dyfi/us7000tgrk/us/1789164623131/us7000tgrk_plot_numresp.txt","sha256":"tqpqQi9zQ+oVTADfwfLV7Tchv6FdC8Y5KLEesGIRcN4="},"dyfi_plot_numresp.json":{"contentType":"application/json","lastModified":1789164622000,"length":416,"url":"https://earthquake.usgs.gov/product/dyfi/us7000tgrk/us/1789164623131/dyfi_plot_numresp.json","sha256":"ehfnLvUvFGi98K7LvUT+TwcnxK5EqOfbi+2oNrj4TZg="},"us7000tgrk_ciim.pdf":{"contentType":"application/pdf","lastModified":1789164622000,"length":64192,"url":"https://earthquake.usgs.gov/product/dyfi/us7000tgrk/us/1789164623131/us7000tgrk_ciim.pdf","sha256":"FI0qg5cdHfX39nEvh9LAIvf1O+bn/QdaZ29dlkPwc6c="},"us7000tgrk_ciim_imap.html":{"contentType":"text/html","lastModified":1789164622000,"length":570,"url":"https://earthquake.usgs.gov/product/dyfi/us7000tgrk/us/1789164623131/us7000tgrk_ciim_imap.html","sha256":"KlZi4wCmS9JlzOnJF072ktdTzUU+O4MNLR1OM6/yLSU="},"us7000tgrk_ciim_geo.ps":{"contentType":"application/postscript","lastModified":1789164622000,"length":164275,"url":"https://earthquake.usgs.gov/product/dyfi/us7000tgrk/us/1789164623131/us7000tgrk_ciim_geo.ps","sha256":"bw28o2O1VpUnqY/EQshH+SRHxIGCXTEKzabtzKKGFsY="},"dyfi.kmz":{"contentType":"application/vnd.google-earth.kmz","lastModified":1789164622000,"length":1149,"url":"https://earthquake.usgs.gov/product/dyfi/us7000tgrk/us/1789164623131/dyfi.kmz","sha256":"nB2YIyhScpX/w9WXfNxLtqsSo/Prjud8ZteT9a5Q5fg="},"us7000tgrk_plot_numresp.jpg":{"contentType":"image/jpeg","lastModified":1789164622000,"length":34887,"url":"https://earthquake.usgs.gov/product/dyfi/us7000tgrk/us/1789164623131/us7000tgrk_plot_numresp.jpg","sha256":"a0eXcLrPPXwfnEWw3UWzFXfSlY+VekMOy8LcX8Uq550="},"us7000tgrk_plot_atten.ps":{"contentType":"application/postscript","lastModified":1789164622000,"length":44507,"url":"https://earthquake.usgs.gov/product/dyfi/us7000tgrk/us/1789164623131/us7000tgrk_plot_atten.ps","sha256":"gzD8TWsvWko4ijeqOrq7ft+TZzjvnZdlHHVL1CWT7Lk="},"us7000tgrk_plot_atten.txt":{"contentType":"text/plain","lastModified":1789164622000,"length":222,"url":"https://earthquake.usgs.gov/product/dyfi/us7000tgrk/us/1789164623131/us7000tgrk_plot_atten.txt","sha256":"cHg/b8OAKC5HSBIfKJZzcP9oc4uprdWBUd9roiW4BHY="}}},{"indexid":28583330,"indexTime":1789163653658,"id":"urn:usgs-product:us:dyfi:us7000tgrk:1789163646227","type":"dyfi","code":"us7000tgrk","source":"us","updateTime":1789163646227,"status":"UPDATE","properties":{"depth":"358.597","eventsource":"us","eventsourcecode":"7000tgrk","eventtime":"2026-09-11T21:23:55.000Z","latitude":"-5.0932","longitude":"106.903","magnitude":"6.6","maxmmi":"3.4","num-responses":"3","numResp":"3","pdl-client-version":"Version 3.5.4 2026-01-22"},"preferredWeight":158,"contents":{"dyfi_zip.geojson":{"contentType":"application/octet-stream","lastModified":1789163645000,"length":992,"url":"https://earthquake.usgs.gov/product/dyfi/us7000tgrk/us/1789163646227/dyfi_zip.geojson","sha256":"oT21LHBJCbInYjtVRHw90GbDv7+J0jPxsU5z1K+seYU="},"dyfi_geo_10km.geojson":{"contentType":"application/octet-stream","lastModified":1789163645000,"length":2467,"url":"https://earthquake.usgs.gov/product/dyfi/us7000tgrk/us/1789163646227/dyfi_geo_10km.geojson","sha256":"yq6RG7AyW8c2oWApMmtUnfrr7bUr9UDH16cFzC8PqzM="},"dyfi_geo_1km.geojson":{"contentType":"application/octet-stream","lastModified":1789163645000,"length":1699,"url":"https://earthquake.usgs.gov/product/dyfi/us7000tgrk/us/1789163646227/dyfi_geo_1km.geojson","sha256":"zvLXJk282W5AhdA4F0lxscFiDZDD209JMgVkcXl01kA="},"cdi_geo.txt":{"contentType":"text/plain","lastModified":1789163645000,"length":346,"url":"https://earthquake.usgs.gov/product/dyfi/us7000tgrk/us/1789163646227/cdi_geo.txt","sha256":"OeWFrzurVwIzdW25n92ookqJ+QYnxg19a0TR+sLn9yc="},"us7000tgrk_ciim_geo_imap.html":{"contentType":"text/html","lastModified":1789163645000,"length":807,"url":"https://earthquake.usgs.gov/product/dyfi/us7000tgrk/us/1789163646227/us7000tgrk_ciim_geo_imap.html","sha256":"VFHPA4BfB7lQkgLpERpwn9MIUgzJKzV1SnpKcfT4mxE="},"contents.xml":{"contentType":"application/xml","lastModified":1789163645000,"length":4224,"url":"https://earthquake.usgs.gov/product/dyfi/us7000tgrk/us/1789163646227/contents.xml","sha256":"iRAzxmAIAei2T0HJyafM1NBqJJ/p2ejaz5rRDLHpxOY="},"us7000tgrk_ciim_geo.pdf":{"contentType":"application/pdf","lastModified":1789163645000,"length":63518,"url":"https://earthquake.usgs.gov/product/dyfi/us7000tgrk/us/1789163646227/us7000tgrk_ciim_geo.pdf","sha256":"jAxevvRYdlvpY6iOBSXkC/bAMqcSmJnqf0SAN4Y3erI="},"cdi_geo_1km.txt":{"contentType":"text/plain","lastModified":1789163645000,"length":308,"url":"https://earthquake.usgs.gov/product/dyfi/us7000tgrk/us/1789163646227/cdi_geo_1km.txt","sha256":"GokuqpfT4sUnZFItITcdxEIlXIRvjvaBBUp10Bygtf0="},"dyfi_plot_atten.json":{"contentType":"application/json","lastModified":1789163645000,"length":466,"url":"https://earthquake.usgs.gov/product/dyfi/us7000tgrk/us/1789163646227/dyfi_plot_atten.json","sha256":"xB18eoy2TCnlOFiqHMgXxkzNb8oJEiqiUrJWO+JnHn4="},"us7000tgrk_plot_atten.jpg":{"contentType":"image/jpeg","lastModified":1789163645000,"length":32294,"url":"https://earthquake.usgs.gov/product/dyfi/us7000tgrk/us/1789163646227/us7000tgrk_plot_atten.jpg","sha256":"c07KguQLke+Qt554faz+KOlta1zK8WN0tkp/rSjcMG0="},"cdi_geo.xml":{"contentType":"application/xml","lastModified":1789163645000,"length":888,"url":"https://earthquake.usgs.gov/product/dyfi/us7000tgrk/us/1789163646227/cdi_geo.xml","sha256":"Xzpstf1CNocatHiyFEWa1zHwyHQAFaftKjLvmgaUcFE="},"us7000tgrk_ciim_geo.jpg":{"contentType":"image/jpeg","lastModified":1789163645000,"length":83040,"url":"https://earthquake.usgs.gov/product/dyfi/us7000tgrk/us/1789163646227/us7000tgrk_ciim_geo.jpg","sha256":"GBBPqty6pFzycvEk96OjjL5gS5RRa93mdLyCMyM4v5s="},"cdi_zip.xml":{"contentType":"application/xml","lastModified":1789163645000,"length":686,"url":"https://earthquake.usgs.gov/product/dyfi/us7000tgrk/us/1789163646227/cdi_zip.xml","sha256":"IviIaD4lsepS39T8dIdLU9ZBbNtoJiKUKmbkYOUr0ws="},"dyfi_geo.kmz":{"contentType":"application/vnd.google-earth.kmz","lastModified":1789163645000,"length":833,"url":"https://earthquake.usgs.gov/product/dyfi/us7000tgrk/us/1789163646227/dyfi_geo.kmz","sha256":"3Z+Nk1crjfvYLT5blDzjIXizvSay6ZDUM4IfzRD/px0="},"us7000tgrk_ciim.jpg":{"contentType":"image/jpeg","lastModified":1789163645000,"length":86575,"url":"https://earthquake.usgs.gov/product/dyfi/us7000tgrk/us/1789163646227/us7000tgrk_ciim.jpg","sha256":"bk3nbtRrQO1/Vn9h3M0i9VOpnMqCPHT/1H4FpPkg/XQ="},"us7000tgrk_plot_numresp.ps":{"contentType":"application/postscript","lastModified":1789163645000,"length":32954,"url":"https://earthquake.usgs.gov/product/dyfi/us7000tgrk/us/1789163646227/us7000tgrk_plot_numresp.ps","sha256":"UTdNJpnl5GlcS/l19fLeJmjwXlmkIlULz9XPuiqVQNk="},"dyfi_zip.kmz":{"contentType":"application/vnd.google-earth.kmz","lastModified":1789163645000,"length":889,"url":"https://earthquake.usgs.gov/product/dyfi/us7000tgrk/us/1789163646227/dyfi_zip.kmz","sha256":"4wgNQKvMcy6zgaM7WQt0v7Qr9Os4Oa3bT4qqoiuXQ4Q="},"cdi_zip.txt":{"contentType":"text/plain","lastModified":1789163645000,"length":427,"url":"https://earthquake.usgs.gov/product/dyfi/us7000tgrk/us/1789163646227/cdi_zip.txt","sha256":"FLO2EZqzoJfvhlRktuOmpq3vu3r/QEhpMM9T7lqX2T8="},"event_data.xml":{"contentType":"application/xml","lastModified":1789163645000,"length":3007,"url":"https://earthquake.usgs.gov/product/dyfi/us7000tgrk/us/1789163646227/event_data.xml","sha256":"N8DD3eYPFwdHI6H/Z12rMxRjkkKAGyEdNS6ppRNnges="},"us7000tgrk_ciim.ps":{"contentType":"application/postscript","lastModified":1789163645000,"length":170024,"url":"https://earthquake.usgs.gov/product/dyfi/us7000tgrk/us/1789163646227/us7000tgrk_ciim.ps","sha256":"DUPXo0aNASKdX0jBvFsg6Ubw9Ahkpi1OhcuH0+0yBF8="},"us7000tgrk_plot_numresp.txt":{"contentType":"text/plain","lastModified":1789163645000,"length":189,"url":"https://earthquake.usgs.gov/product/dyfi/us7000tgrk/us/1789163646227/us7000tgrk_plot_numresp.txt","sha256":"7Al55Sz9PpfdNlY75mNkWlVtIHdEuU+BK3yTqjILRWI="},"dyfi_plot_numresp.json":{"contentType":"application/json","lastModified":1789163645000,"length":346,"url":"https://earthquake.usgs.gov/product/dyfi/us7000tgrk/us/1789163646227/dyfi_plot_numresp.json","sha256":"qEH5sCut+z4WNWSn3bBauFlrWzjVD23g2mBtW+HMpUU="},"us7000tgrk_ciim.pdf":{"contentType":"application/pdf","lastModified":1789163645000,"length":64192,"url":"https://earthquake.usgs.gov/product/dyfi/us7000tgrk/us/1789163646227/us7000tgrk_ciim.pdf","sha256":"msWk/h2ssNiPJAAhP3WRF6kqq5kLsagYMGwp6FgS0Ik="},"us7000tgrk_ciim_imap.html":{"contentType":"text/html","lastModified":1789163645000,"length":570,"url":"https://earthquake.usgs.gov/product/dyfi/us7000tgrk/us/1789163646227/us7000tgrk_ciim_imap.html","sha256":"KlZi4wCmS9JlzOnJF072ktdTzUU+O4MNLR1OM6/yLSU="},"us7000tgrk_ciim_geo.ps":{"contentType":"application/postscript","lastModified":1789163645000,"length":164275,"url":"https://earthquake.usgs.gov/product/dyfi/us7000tgrk/us/1789163646227/us7000tgrk_ciim_geo.ps","sha256":"lXhvmLulVCJPK4HrmqZ6I2adAT3Wf3bDz/cabIBecro="},"dyfi.kmz":{"contentType":"application/vnd.google-earth.kmz","lastModified":1789163645000,"length":1149,"url":"https://earthquake.usgs.gov/product/dyfi/us7000tgrk/us/1789163646227/dyfi.kmz","sha256":"dJiZJZwHqBevKB/yNbs+DXhOYPZUpxXcGmYBqWBsxjI="},"us7000tgrk_plot_numresp.jpg":{"contentType":"image/jpeg","lastModified":1789163645000,"length":32561,"url":"https://earthquake.usgs.gov/product/dyfi/us7000tgrk/us/1789163646227/us7000tgrk_plot_numresp.jpg","sha256":"vPEiDPri4W66f1sBIhkTnG3kHjrFyQW6Jb9K1D4CltY="},"us7000tgrk_plot_atten.ps":{"contentType":"application/postscript","lastModified":1789163645000,"length":44372,"url":"https://earthquake.usgs.gov/product/dyfi/us7000tgrk/us/1789163646227/us7000tgrk_plot_atten.ps","sha256":"9JE7nhNyptXQZagoLEF4SMosAK13aBZg8OXoh/hlGVk="},"us7000tgrk_plot_atten.txt":{"contentType":"text/plain","lastModified":1789163645000,"length":187,"url":"https://earthquake.usgs.gov/product/dyfi/us7000tgrk/us/1789163646227/us7000tgrk_plot_atten.txt","sha256":"Q0OrFVFvUKlsX45SbLvORiobgFqTsB9A4QTf2tY+Ir0="}}},{"indexid":28583315,"indexTime":1789163333920,"id":"urn:usgs-product:us:dyfi:us7000tgrk:1789163325917","type":"dyfi","code":"us7000tgrk","source":"us","updateTime":1789163325917,"status":"UPDATE","properties":{"depth":"358.597","eventsource":"us","eventsourcecode":"7000tgrk","eventtime":"2026-09-11T21:23:55.000Z","latitude":"-5.0932","longitude":"106.903","magnitude":"6.6","maxmmi":"3.4","num-responses":"2","numResp":"2","pdl-client-version":"Version 3.5.4 2026-01-22"},"preferredWeight":158,"contents":{"dyfi_zip.geojson":{"contentType":"application/octet-stream","lastModified":1789163325000,"length":680,"url":"https://earthquake.usgs.gov/product/dyfi/us7000tgrk/us/1789163325917/dyfi_zip.geojson","sha256":"xfltzniq86daTY9/0HWWTVOurb5a+cGnbv4BltOqEA8="},"dyfi_geo_10km.geojson":{"contentType":"application/octet-stream","lastModified":1789163325000,"length":1664,"url":"https://earthquake.usgs.gov/product/dyfi/us7000tgrk/us/1789163325917/dyfi_geo_10km.geojson","sha256":"jkmimN6vvoMiWf1F/+Oyk0sIvabX0rKDhCnvsCXZ4nI="},"dyfi_geo_1km.geojson":{"contentType":"application/octet-stream","lastModified":1789163325000,"length":879,"url":"https://earthquake.usgs.gov/product/dyfi/us7000tgrk/us/1789163325917/dyfi_geo_1km.geojson","sha256":"48f45uPXplXbkm9BZpIj3/5P8FjCNqHD1UVv6OMu5hQ="},"cdi_geo.txt":{"contentType":"text/plain","lastModified":1789163325000,"length":272,"url":"https://earthquake.usgs.gov/product/dyfi/us7000tgrk/us/1789163325917/cdi_geo.txt","sha256":"8kO/KNCpDf4xrg2OYEEok+C3WIrrlpsm080y4cOtuqI="},"us7000tgrk_ciim_geo_imap.html":{"contentType":"text/html","lastModified":1789163325000,"length":554,"url":"https://earthquake.usgs.gov/product/dyfi/us7000tgrk/us/1789163325917/us7000tgrk_ciim_geo_imap.html","sha256":"/k/aKEfJBMFOmW+rurMpadc/+zhA92guwerF7jFj2Vs="},"contents.xml":{"contentType":"application/xml","lastModified":1789163325000,"length":4224,"url":"https://earthquake.usgs.gov/product/dyfi/us7000tgrk/us/1789163325917/contents.xml","sha256":"iRAzxmAIAei2T0HJyafM1NBqJJ/p2ejaz5rRDLHpxOY="},"us7000tgrk_ciim_geo.pdf":{"contentType":"application/pdf","lastModified":1789163325000,"length":63481,"url":"https://earthquake.usgs.gov/product/dyfi/us7000tgrk/us/1789163325917/us7000tgrk_ciim_geo.pdf","sha256":"l/0phgr18/dGiK4gQOxCYw3lpNscVR3/9AQCOOLHcXk="},"cdi_geo_1km.txt":{"contentType":"text/plain","lastModified":1789163325000,"length":216,"url":"https://earthquake.usgs.gov/product/dyfi/us7000tgrk/us/1789163325917/cdi_geo_1km.txt","sha256":"FIpkSMmIBR6pvYmPBhahXPy6t2SLxXVzqo6a08A1nSU="},"dyfi_plot_atten.json":{"contentType":"application/json","lastModified":1789163325000,"length":447,"url":"https://earthquake.usgs.gov/product/dyfi/us7000tgrk/us/1789163325917/dyfi_plot_atten.json","sha256":"T9PiiH6uJb3RhHYjZFLUDProhOwLaKIbMqMvvKmCTSw="},"us7000tgrk_plot_atten.jpg":{"contentType":"image/jpeg","lastModified":1789163325000,"length":32052,"url":"https://earthquake.usgs.gov/product/dyfi/us7000tgrk/us/1789163325917/us7000tgrk_plot_atten.jpg","sha256":"eCXNNnQIBVLCsTM1afL5HMAix3FSJ0mI9zg3DaFjCR0="},"cdi_geo.xml":{"contentType":"application/xml","lastModified":1789163325000,"length":635,"url":"https://earthquake.usgs.gov/product/dyfi/us7000tgrk/us/1789163325917/cdi_geo.xml","sha256":"jtlc10e9HFZLYNCZ/Gl7K3LGIoJVL1RWez1fVzwJRPY="},"us7000tgrk_ciim_geo.jpg":{"contentType":"image/jpeg","lastModified":1789163325000,"length":82977,"url":"https://earthquake.usgs.gov/product/dyfi/us7000tgrk/us/1789163325917/us7000tgrk_ciim_geo.jpg","sha256":"JiSTRRc7A3Tsl9ErdBpadNr3UxrJxW24MBbc66HStyw="},"cdi_zip.xml":{"contentType":"application/xml","lastModified":1789163325000,"length":473,"url":"https://earthquake.usgs.gov/product/dyfi/us7000tgrk/us/1789163325917/cdi_zip.xml","sha256":"ZmD3SVdJa8Le9EQhmflRlNfzZgHYXDugOPuPQDZbGdc="},"dyfi_geo.kmz":{"contentType":"application/vnd.google-earth.kmz","lastModified":1789163325000,"length":765,"url":"https://earthquake.usgs.gov/product/dyfi/us7000tgrk/us/1789163325917/dyfi_geo.kmz","sha256":"jmEqi6Fo50r/C6RLw5rLhum2Q0wRPuu9s8TV8h+O/q4="},"us7000tgrk_ciim.jpg":{"contentType":"image/jpeg","lastModified":1789163325000,"length":86379,"url":"https://earthquake.usgs.gov/product/dyfi/us7000tgrk/us/1789163325917/us7000tgrk_ciim.jpg","sha256":"bsDmPIR8kJZ7S+LrYs9XPLjlK69yjKlWIt6zxWn4l5c="},"us7000tgrk_plot_numresp.ps":{"contentType":"application/postscript","lastModified":1789163325000,"length":32946,"url":"https://earthquake.usgs.gov/product/dyfi/us7000tgrk/us/1789163325917/us7000tgrk_plot_numresp.ps","sha256":"HDTl9VswiS9gRsxkVsPqJTpDQqe37koXzyw+KqyGE8k="},"dyfi_zip.kmz":{"contentType":"application/vnd.google-earth.kmz","lastModified":1789163325000,"length":835,"url":"https://earthquake.usgs.gov/product/dyfi/us7000tgrk/us/1789163325917/dyfi_zip.kmz","sha256":"MXXIEr5+rDzzcnNQUYENtXKc/8BPOHrI9kkuYUo0TXI="},"cdi_zip.txt":{"contentType":"text/plain","lastModified":1789163325000,"length":328,"url":"https://earthquake.usgs.gov/product/dyfi/us7000tgrk/us/1789163325917/cdi_zip.txt","sha256":"hQDs6pH6tvZWXAF06thwOTlfwuZY4l4XsbBxEE+QHAk="},"event_data.xml":{"contentType":"application/xml","lastModified":1789163325000,"length":3007,"url":"https://earthquake.usgs.gov/product/dyfi/us7000tgrk/us/1789163325917/event_data.xml","sha256":"4HVjjdj3M1VOI7WEaRSQUqX4pXlMyzjDUzAmj44tt7s="},"us7000tgrk_ciim.ps":{"contentType":"application/postscript","lastModified":1789163325000,"length":170009,"url":"https://earthquake.usgs.gov/product/dyfi/us7000tgrk/us/1789163325917/us7000tgrk_ciim.ps","sha256":"Xp1es0LdVjHJGwX4zyf5HkMW1DFuh9/15HIJ2XHieuU="},"us7000tgrk_plot_numresp.txt":{"contentType":"text/plain","lastModified":1789163325000,"length":145,"url":"https://earthquake.usgs.gov/product/dyfi/us7000tgrk/us/1789163325917/us7000tgrk_plot_numresp.txt","sha256":"EHt625GoReHkRvXed2FjYKIGkqwsKja/lNaUbsg32tw="},"dyfi_plot_numresp.json":{"contentType":"application/json","lastModified":1789163325000,"length":276,"url":"https://earthquake.usgs.gov/product/dyfi/us7000tgrk/us/1789163325917/dyfi_plot_numresp.json","sha256":"lSMfSVxOnBRju+8Gx9tgm0XDBtf9cxXiuEGNSZhWOSg="},"us7000tgrk_ciim.pdf":{"contentType":"application/pdf","lastModified":1789163325000,"length":64127,"url":"https://earthquake.usgs.gov/product/dyfi/us7000tgrk/us/1789163325917/us7000tgrk_ciim.pdf","sha256":"L38qw9vxUeYixDJf1dn6PRutG1vsDtwCCOUc50ufqxs="},"us7000tgrk_ciim_imap.html":{"contentType":"text/html","lastModified":1789163325000,"length":397,"url":"https://earthquake.usgs.gov/product/dyfi/us7000tgrk/us/1789163325917/us7000tgrk_ciim_imap.html","sha256":"sAF0xxCxO5obKWw1TgjHZKRfeyEpdKcN4Qcu0OCz3fQ="},"us7000tgrk_ciim_geo.ps":{"contentType":"application/postscript","lastModified":1789163325000,"length":164231,"url":"https://earthquake.usgs.gov/product/dyfi/us7000tgrk/us/1789163325917/us7000tgrk_ciim_geo.ps","sha256":"FSWFP6ukiD+WppBDF4OzogQv4wuCWKsDNOiHpCJ5M7U="},"dyfi.kmz":{"contentType":"application/vnd.google-earth.kmz","lastModified":1789163325000,"length":1149,"url":"https://earthquake.usgs.gov/product/dyfi/us7000tgrk/us/1789163325917/dyfi.kmz","sha256":"mqWAxNutljBWvt+Hxya0vFnHTZSoo4jedCvCavLIIHY="},"us7000tgrk_plot_numresp.jpg":{"contentType":"image/jpeg","lastModified":1789163325000,"length":32342,"url":"https://earthquake.usgs.gov/product/dyfi/us7000tgrk/us/1789163325917/us7000tgrk_plot_numresp.jpg","sha256":"4/k11/2qthfWe20ljv6yVIjY6PuzKdMCZI8FM5Cq56Y="},"us7000tgrk_plot_atten.ps":{"contentType":"application/postscript","lastModified":1789163325000,"length":44360,"url":"https://earthquake.usgs.gov/product/dyfi/us7000tgrk/us/1789163325917/us7000tgrk_plot_atten.ps","sha256":"eZLtHqmQTR+auYMZqnyq69ZbDYDZf06Pju2tne2yOqA="},"us7000tgrk_plot_atten.txt":{"contentType":"text/plain","lastModified":1789163325000,"length":177,"url":"https://earthquake.usgs.gov/product/dyfi/us7000tgrk/us/1789163325917/us7000tgrk_plot_atten.txt","sha256":"6wwCpcOCY3SgGDUkfbGu5W0Q9JBg6WZ6t2r1Q7WvyVc="}}}],"ground-failure":[{"indexid":28586701,"indexTime":1789248605820,"id":"urn:usgs-product:us:ground-failure:7000tgrk:1789248599017","type":"ground-failure","code":"7000tgrk","source":"us","updateTime":1789248599017,"status":"WARNING","properties":{"depth":"372.0","eventsource":"us","eventsourcecode":"7000tgrk","eventtime":"2026-09-11T21:23:55.000Z","landslide-alert":"green","landslide-hazard-1std":"None","landslide-hazard-2std":"None","landslide-hazard-alert-color":"green","landslide-hazard-alert-parameter":"Aggregate Hazard","landslide-hazard-alert-value":"0.0","landslide-hazard-std":"0.0","landslide-maximum-latitude":"-4.073958333333336","landslide-maximum-longitude":"107.79062499999831","landslide-minimum-latitude":"-5.892708333333233","landslide-minimum-longitude":"105.96562499999997","landslide-overlay":"jessee_2018.png","landslide-population-1std":"None","landslide-population-2std":"None","landslide-population-alert-color":"green","landslide-population-alert-parameter":"Population exposure","landslide-population-alert-value":"0","landslide-population-std":"0.0","latitude":"-4.9832","liquefaction-alert":"green","liquefaction-hazard-1std":"None","liquefaction-hazard-2std":"None","liquefaction-hazard-alert-color":"green","liquefaction-hazard-alert-parameter":"Aggregate Hazard","liquefaction-hazard-alert-value":"0.0","liquefaction-hazard-std":"0.0","liquefaction-maximum-latitude":"-4.075000000000001","liquefaction-maximum-longitude":"107.79166666666498","liquefaction-minimum-latitude":"-5.8916666666665645","liquefaction-minimum-longitude":"105.96666666666664","liquefaction-overlay":"zhu_2017_general.png","liquefaction-population-1std":"None","liquefaction-population-2std":"None","liquefaction-population-alert-color":"green","liquefaction-population-alert-parameter":"Population exposure","liquefaction-population-alert-value":"0","liquefaction-population-std":"0.0","longitude":"106.8742","magnitude":"6.5","maximum-latitude":"-4.075000000000003","maximum-longitude":"107.78958333333331","minimum-latitude":"-5.891666666666669","minimum-longitude":"105.96666666666664","pdl-client-version":"Version 3.5.4 2026-01-22","rupture-warning":"False","shakemap-version":"4","version":"4"},"preferredWeight":158,"contents":{"godt_2008_model.tif":{"contentType":"image/tiff","lastModified":1789248595000,"length":2339,"url":"https://earthquake.usgs.gov/product/ground-failure/7000tgrk/us/1789248599017/godt_2008_model.tif","sha256":"b8ZeZ7WkFEehsR3DaXJVAvFVvrTRO9MQXWE5ZrJODdU="},"jessee_2018.hdf5":{"contentType":"application/octet-stream","lastModified":1789248596000,"length":98338,"url":"https://earthquake.usgs.gov/product/ground-failure/7000tgrk/us/1789248599017/jessee_2018.hdf5","sha256":"S8AA9Z1S5WTdB/BRpaFoy1QwS1G8lkHWkBUsOaHVhV0="},"zhu_2017_general.png":{"contentType":"image/png","lastModified":1789248596000,"length":912,"url":"https://earthquake.usgs.gov/product/ground-failure/7000tgrk/us/1789248599017/zhu_2017_general.png","sha256":"nHba+qYSIfE+xadpTfYQcdKsKmL7wvImzBvarjsJRz0="},"godt_2008_modelmax.tif":{"contentType":"image/tiff","lastModified":1789248595000,"length":2339,"url":"https://earthquake.usgs.gov/product/ground-failure/7000tgrk/us/1789248599017/godt_2008_modelmax.tif","sha256":"b8ZeZ7WkFEehsR3DaXJVAvFVvrTRO9MQXWE5ZrJODdU="},"jessee_2018.png":{"contentType":"image/png","lastModified":1789248596000,"length":3135,"url":"https://earthquake.usgs.gov/product/ground-failure/7000tgrk/us/1789248599017/jessee_2018.png","sha256":"6TZkHqE+5XPgo1iI2JUT6gFaZn9IlzMo59638pdCVy8="},"zhu_2015.hdf5":{"contentType":"application/octet-stream","lastModified":1789248596000,"length":29900,"url":"https://earthquake.usgs.gov/product/ground-failure/7000tgrk/us/1789248599017/zhu_2015.hdf5","sha256":"znDuc1N0mUHDUL6ykyOG1imKY9gJPKV5iDu8SOXuo5I="},"zhu_2017_general_beta_sigma.tif":{"contentType":"image/tiff","lastModified":1789248596000,"length":5231,"url":"https://earthquake.usgs.gov/product/ground-failure/7000tgrk/us/1789248599017/zhu_2017_general_beta_sigma.tif","sha256":"c+NlrdtRoHhf6fBD0j1C+1vA8+TeDobbgWB4JiEJjFk="},"godt_2008_modelmin.tif":{"contentType":"image/tiff","lastModified":1789248596000,"length":2339,"url":"https://earthquake.usgs.gov/product/ground-failure/7000tgrk/us/1789248599017/godt_2008_modelmin.tif","sha256":"b8ZeZ7WkFEehsR3DaXJVAvFVvrTRO9MQXWE5ZrJODdU="},"contents.xml":{"contentType":"application/xml","lastModified":1789248595000,"length":2262,"url":"https://earthquake.usgs.gov/product/ground-failure/7000tgrk/us/1789248599017/contents.xml","sha256":"Id+Nrq594Yxo4YNgbwTpgQBo1o5DQAThikZnhUEe5ho="},"zhu_2017_general_model.tif":{"contentType":"image/tiff","lastModified":1789248596000,"length":5231,"url":"https://earthquake.usgs.gov/product/ground-failure/7000tgrk/us/1789248599017/zhu_2017_general_model.tif","sha256":"c+NlrdtRoHhf6fBD0j1C+1vA8+TeDobbgWB4JiEJjFk="},"zhu_2017_general.hdf5":{"contentType":"application/octet-stream","lastModified":1789248596000,"length":42811,"url":"https://earthquake.usgs.gov/product/ground-failure/7000tgrk/us/1789248599017/zhu_2017_general.hdf5","sha256":"AtkMfYe8JbzRSXfU1JxqAkFM6IxH16v4ybQn9rE/fsg="},"godt_2008.hdf5":{"contentType":"application/octet-stream","lastModified":1789248595000,"length":46236,"url":"https://earthquake.usgs.gov/product/ground-failure/7000tgrk/us/1789248599017/godt_2008.hdf5","sha256":"SjI60Ke12UJIBbeDwfEjPImjJuelaL/DJQGUEZwRYm0="},"nowicki_2014_global_model.tif":{"contentType":"image/tiff","lastModified":1789248596000,"length":5231,"url":"https://earthquake.usgs.gov/product/ground-failure/7000tgrk/us/1789248599017/nowicki_2014_global_model.tif","sha256":"c+NlrdtRoHhf6fBD0j1C+1vA8+TeDobbgWB4JiEJjFk="},"nowicki_2014_global.hdf5":{"contentType":"application/octet-stream","lastModified":1789248596000,"length":29972,"url":"https://earthquake.usgs.gov/product/ground-failure/7000tgrk/us/1789248599017/nowicki_2014_global.hdf5","sha256":"x92M5w9HqtTx40NhssyPofv//TtEnZQwJhg39W01AX0="},"zhu_2015_model.tif":{"contentType":"image/tiff","lastModified":1789248596000,"length":5231,"url":"https://earthquake.usgs.gov/product/ground-failure/7000tgrk/us/1789248599017/zhu_2015_model.tif","sha256":"c+NlrdtRoHhf6fBD0j1C+1vA8+TeDobbgWB4JiEJjFk="},"jessee_2018_model.tif":{"contentType":"image/tiff","lastModified":1789248596000,"length":15995,"url":"https://earthquake.usgs.gov/product/ground-failure/7000tgrk/us/1789248599017/jessee_2018_model.tif","sha256":"L+l4VVKophEPMc6PPFsm4aPfNEoqzJkwPKfJsd7PkAY="},"info.json":{"contentType":"application/json","lastModified":1789248596000,"length":5660,"url":"https://earthquake.usgs.gov/product/ground-failure/7000tgrk/us/1789248599017/info.json","sha256":"fsZtXzKzxe05tquRXNyxwjgS9XYCM4mVDMK5z587krE="},"jessee_2018_beta_sigma.tif":{"contentType":"image/tiff","lastModified":1789248596000,"length":15995,"url":"https://earthquake.usgs.gov/product/ground-failure/7000tgrk/us/1789248599017/jessee_2018_beta_sigma.tif","sha256":"L+l4VVKophEPMc6PPFsm4aPfNEoqzJkwPKfJsd7PkAY="}}},{"indexid":28585864,"indexTime":1789218240950,"id":"urn:usgs-product:us:ground-failure:7000tgrk:1789218234172","type":"ground-failure","code":"7000tgrk","source":"us","updateTime":1789218234172,"status":"WARNING","properties":{"depth":"372.0","eventsource":"us","eventsourcecode":"7000tgrk","eventtime":"2026-09-11T21:23:55.000Z","landslide-alert":"green","landslide-hazard-1std":"None","landslide-hazard-2std":"None","landslide-hazard-alert-color":"green","landslide-hazard-alert-parameter":"Aggregate Hazard","landslide-hazard-alert-value":"0.0","landslide-hazard-std":"0.0","landslide-maximum-latitude":"-4.073958333333336","landslide-maximum-longitude":"107.79062499999831","landslide-minimum-latitude":"-5.892708333333233","landslide-minimum-longitude":"105.96562499999997","landslide-overlay":"jessee_2018.png","landslide-population-1std":"None","landslide-population-2std":"None","landslide-population-alert-color":"green","landslide-population-alert-parameter":"Population exposure","landslide-population-alert-value":"0","landslide-population-std":"0.0","latitude":"-4.9832","liquefaction-alert":"green","liquefaction-hazard-1std":"None","liquefaction-hazard-2std":"None","liquefaction-hazard-alert-color":"green","liquefaction-hazard-alert-parameter":"Aggregate Hazard","liquefaction-hazard-alert-value":"0.0","liquefaction-hazard-std":"0.0","liquefaction-maximum-latitude":"-4.075000000000001","liquefaction-maximum-longitude":"107.79166666666498","liquefaction-minimum-latitude":"-5.8916666666665645","liquefaction-minimum-longitude":"105.96666666666664","liquefaction-overlay":"zhu_2017_general.png","liquefaction-population-1std":"None","liquefaction-population-2std":"None","liquefaction-population-alert-color":"green","liquefaction-population-alert-parameter":"Population exposure","liquefaction-population-alert-value":"0","liquefaction-population-std":"0.0","longitude":"106.8742","magnitude":"6.5","maximum-latitude":"-4.075000000000003","maximum-longitude":"107.78958333333331","minimum-latitude":"-5.891666666666669","minimum-longitude":"105.96666666666664","pdl-client-version":"Version 3.5.4 2026-01-22","rupture-warning":"False","shakemap-version":"3","version":"3"},"preferredWeight":158,"contents":{"godt_2008_model.tif":{"contentType":"image/tiff","lastModified":1789218231000,"length":2339,"url":"https://earthquake.usgs.gov/product/ground-failure/7000tgrk/us/1789218234172/godt_2008_model.tif","sha256":"b8ZeZ7WkFEehsR3DaXJVAvFVvrTRO9MQXWE5ZrJODdU="},"jessee_2018.hdf5":{"contentType":"application/octet-stream","lastModified":1789218231000,"length":98338,"url":"https://earthquake.usgs.gov/product/ground-failure/7000tgrk/us/1789218234172/jessee_2018.hdf5","sha256":"wdkfik41RrCG0+T1uZa4zS+up/zQIBNvWDNIwFMonKo="},"zhu_2017_general.png":{"contentType":"image/png","lastModified":1789218231000,"length":912,"url":"https://earthquake.usgs.gov/product/ground-failure/7000tgrk/us/1789218234172/zhu_2017_general.png","sha256":"nHba+qYSIfE+xadpTfYQcdKsKmL7wvImzBvarjsJRz0="},"godt_2008_modelmax.tif":{"contentType":"image/tiff","lastModified":1789218231000,"length":2339,"url":"https://earthquake.usgs.gov/product/ground-failure/7000tgrk/us/1789218234172/godt_2008_modelmax.tif","sha256":"b8ZeZ7WkFEehsR3DaXJVAvFVvrTRO9MQXWE5ZrJODdU="},"jessee_2018.png":{"contentType":"image/png","lastModified":1789218231000,"length":3135,"url":"https://earthquake.usgs.gov/product/ground-failure/7000tgrk/us/1789218234172/jessee_2018.png","sha256":"6TZkHqE+5XPgo1iI2JUT6gFaZn9IlzMo59638pdCVy8="},"zhu_2015.hdf5":{"contentType":"application/octet-stream","lastModified":1789218231000,"length":29900,"url":"https://earthquake.usgs.gov/product/ground-failure/7000tgrk/us/1789218234172/zhu_2015.hdf5","sha256":"gqsoAwrFTEG1rm7sUMLovHsdkSkUIPriGkMLJy5eUhw="},"zhu_2017_general_beta_sigma.tif":{"contentType":"image/tiff","lastModified":1789218231000,"length":5231,"url":"https://earthquake.usgs.gov/product/ground-failure/7000tgrk/us/1789218234172/zhu_2017_general_beta_sigma.tif","sha256":"c+NlrdtRoHhf6fBD0j1C+1vA8+TeDobbgWB4JiEJjFk="},"godt_2008_modelmin.tif":{"contentType":"image/tiff","lastModified":1789218231000,"length":2339,"url":"https://earthquake.usgs.gov/product/ground-failure/7000tgrk/us/1789218234172/godt_2008_modelmin.tif","sha256":"b8ZeZ7WkFEehsR3DaXJVAvFVvrTRO9MQXWE5ZrJODdU="},"contents.xml":{"contentType":"application/xml","lastModified":1789218230000,"length":2262,"url":"https://earthquake.usgs.gov/product/ground-failure/7000tgrk/us/1789218234172/contents.xml","sha256":"Id+Nrq594Yxo4YNgbwTpgQBo1o5DQAThikZnhUEe5ho="},"zhu_2017_general_model.tif":{"contentType":"image/tiff","lastModified":1789218231000,"length":5231,"url":"https://earthquake.usgs.gov/product/ground-failure/7000tgrk/us/1789218234172/zhu_2017_general_model.tif","sha256":"c+NlrdtRoHhf6fBD0j1C+1vA8+TeDobbgWB4JiEJjFk="},"zhu_2017_general.hdf5":{"contentType":"application/octet-stream","lastModified":1789218231000,"length":42811,"url":"https://earthquake.usgs.gov/product/ground-failure/7000tgrk/us/1789218234172/zhu_2017_general.hdf5","sha256":"PVwWWee/EzATLtfG+uwIPMWqgA69bPgHIJOlafhOPVo="},"godt_2008.hdf5":{"contentType":"application/octet-stream","lastModified":1789218231000,"length":46236,"url":"https://earthquake.usgs.gov/product/ground-failure/7000tgrk/us/1789218234172/godt_2008.hdf5","sha256":"0JoUnZOBV04J1AGm7wYmzNloM7cwVNE44uxH0QoNB5U="},"nowicki_2014_global_model.tif":{"contentType":"image/tiff","lastModified":1789218231000,"length":5231,"url":"https://earthquake.usgs.gov/product/ground-failure/7000tgrk/us/1789218234172/nowicki_2014_global_model.tif","sha256":"c+NlrdtRoHhf6fBD0j1C+1vA8+TeDobbgWB4JiEJjFk="},"nowicki_2014_global.hdf5":{"contentType":"application/octet-stream","lastModified":1789218231000,"length":29972,"url":"https://earthquake.usgs.gov/product/ground-failure/7000tgrk/us/1789218234172/nowicki_2014_global.hdf5","sha256":"N/6zKLdKx1wqHBFtsLsFO6PiAv/Zhh0k0g9m6jsGuUs="},"zhu_2015_model.tif":{"contentType":"image/tiff","lastModified":1789218231000,"length":5231,"url":"https://earthquake.usgs.gov/product/ground-failure/7000tgrk/us/1789218234172/zhu_2015_model.tif","sha256":"c+NlrdtRoHhf6fBD0j1C+1vA8+TeDobbgWB4JiEJjFk="},"jessee_2018_model.tif":{"contentType":"image/tiff","lastModified":1789218231000,"length":15995,"url":"https://earthquake.usgs.gov/product/ground-failure/7000tgrk/us/1789218234172/jessee_2018_model.tif","sha256":"L+l4VVKophEPMc6PPFsm4aPfNEoqzJkwPKfJsd7PkAY="},"info.json":{"contentType":"application/json","lastModified":1789218231000,"length":5660,"url":"https://earthquake.usgs.gov/product/ground-failure/7000tgrk/us/1789218234172/info.json","sha256":"lUAwsjSs5/wlmuyPA2xmTESKD6SJPvfrBIxNXPvT4pw="},"jessee_2018_beta_sigma.tif":{"contentType":"image/tiff","lastModified":1789218231000,"length":15995,"url":"https://earthquake.usgs.gov/product/ground-failure/7000tgrk/us/1789218234172/jessee_2018_beta_sigma.tif","sha256":"L+l4VVKophEPMc6PPFsm4aPfNEoqzJkwPKfJsd7PkAY="}}},{"indexid":28583646,"indexTime":1789169449785,"id":"urn:usgs-product:us:ground-failure:7000tgrk:1789169442351","type":"ground-failure","code":"7000tgrk","source":"us","updateTime":1789169442351,"status":"WARNING","properties":{"depth":"358.6","eventsource":"us","eventsourcecode":"7000tgrk","eventtime":"2026-09-11T21:23:55.000Z","landslide-alert":"green","landslide-hazard-1std":"None","landslide-hazard-2std":"None","landslide-hazard-alert-color":"green","landslide-hazard-alert-parameter":"Aggregate Hazard","landslide-hazard-alert-value":"0.0","landslide-hazard-std":"0.0","landslide-maximum-latitude":"-4.198958333333336","landslide-maximum-longitude":"107.80729166666502","landslide-minimum-latitude":"-6.0093749999999","landslide-minimum-longitude":"105.99895833333333","landslide-overlay":"jessee_2018.png","landslide-population-1std":"None","landslide-population-2std":"None","landslide-population-alert-color":"green","landslide-population-alert-parameter":"Population exposure","landslide-population-alert-value":"0","landslide-population-std":"0.0","latitude":"-5.0932","liquefaction-alert":"green","liquefaction-hazard-1std":"None","liquefaction-hazard-2std":"None","liquefaction-hazard-alert-color":"green","liquefaction-hazard-alert-parameter":"Aggregate Hazard","liquefaction-hazard-alert-value":"0.0","liquefaction-hazard-std":"0.0","liquefaction-maximum-latitude":"-4.200000000000001","liquefaction-maximum-longitude":"107.80833333333169","liquefaction-minimum-latitude":"-6.008333333333232","liquefaction-minimum-longitude":"106.0","liquefaction-overlay":"zhu_2017_general.png","liquefaction-population-1std":"None","liquefaction-population-2std":"None","liquefaction-population-alert-color":"green","liquefaction-population-alert-parameter":"Population exposure","liquefaction-population-alert-value":"0","liquefaction-population-std":"0.0","longitude":"106.903","magnitude":"6.6","maximum-latitude":"-4.200000000000003","maximum-longitude":"107.80625","minimum-latitude":"-6.008333333333336","minimum-longitude":"106.0","pdl-client-version":"Version 3.5.4 2026-01-22","rupture-warning":"True","shakemap-version":"2","version":"2"},"preferredWeight":158,"contents":{"godt_2008_model.tif":{"contentType":"image/tiff","lastModified":1789169439000,"length":2518,"url":"https://earthquake.usgs.gov/product/ground-failure/7000tgrk/us/1789169442351/godt_2008_model.tif","sha256":"2C9gWHtXzRiUlJrsDCfBu4Okrl7Myiy4havKGQ9Z3uc="},"jessee_2018.hdf5":{"contentType":"application/octet-stream","lastModified":1789169439000,"length":98634,"url":"https://earthquake.usgs.gov/product/ground-failure/7000tgrk/us/1789169442351/jessee_2018.hdf5","sha256":"A4U+ELlXp2/D9UoIduny/2+T2T0RDoY0kYNZ6Iv3jcg="},"zhu_2017_general.png":{"contentType":"image/png","lastModified":1789169439000,"length":900,"url":"https://earthquake.usgs.gov/product/ground-failure/7000tgrk/us/1789169442351/zhu_2017_general.png","sha256":"KO9BPNUA5KLaTSIbT+XJsKipu+G3n8Ho1i1lyqlRtw8="},"godt_2008_modelmax.tif":{"contentType":"image/tiff","lastModified":1789169439000,"length":2518,"url":"https://earthquake.usgs.gov/product/ground-failure/7000tgrk/us/1789169442351/godt_2008_modelmax.tif","sha256":"2C9gWHtXzRiUlJrsDCfBu4Okrl7Myiy4havKGQ9Z3uc="},"jessee_2018.png":{"contentType":"image/png","lastModified":1789169439000,"length":3095,"url":"https://earthquake.usgs.gov/product/ground-failure/7000tgrk/us/1789169442351/jessee_2018.png","sha256":"Z3CKJgSSVdB3HfAqB96P+Xx2NdI+8EHvRfBX3LyQnqc="},"zhu_2015.hdf5":{"contentType":"application/octet-stream","lastModified":1789169439000,"length":30047,"url":"https://earthquake.usgs.gov/product/ground-failure/7000tgrk/us/1789169442351/zhu_2015.hdf5","sha256":"p3sScPGPxBYe/bQzy2SLJwOREkzgqbf0+VKovpo9y/Q="},"zhu_2017_general_beta_sigma.tif":{"contentType":"image/tiff","lastModified":1789169439000,"length":5209,"url":"https://earthquake.usgs.gov/product/ground-failure/7000tgrk/us/1789169442351/zhu_2017_general_beta_sigma.tif","sha256":"lXQv5zuMK82vlCyH003xs2uBSVlv/k+8fziYeArknqI="},"godt_2008_modelmin.tif":{"contentType":"image/tiff","lastModified":1789169439000,"length":2518,"url":"https://earthquake.usgs.gov/product/ground-failure/7000tgrk/us/1789169442351/godt_2008_modelmin.tif","sha256":"2C9gWHtXzRiUlJrsDCfBu4Okrl7Myiy4havKGQ9Z3uc="},"contents.xml":{"contentType":"application/xml","lastModified":1789169438000,"length":2262,"url":"https://earthquake.usgs.gov/product/ground-failure/7000tgrk/us/1789169442351/contents.xml","sha256":"Id+Nrq594Yxo4YNgbwTpgQBo1o5DQAThikZnhUEe5ho="},"zhu_2017_general_model.tif":{"contentType":"image/tiff","lastModified":1789169439000,"length":5209,"url":"https://earthquake.usgs.gov/product/ground-failure/7000tgrk/us/1789169442351/zhu_2017_general_model.tif","sha256":"lXQv5zuMK82vlCyH003xs2uBSVlv/k+8fziYeArknqI="},"zhu_2017_general.hdf5":{"contentType":"application/octet-stream","lastModified":1789169439000,"length":43190,"url":"https://earthquake.usgs.gov/product/ground-failure/7000tgrk/us/1789169442351/zhu_2017_general.hdf5","sha256":"ediMnxaSOh5fVPXKHi+QHMyeI7kkEI5f1a+rKdPzwu0="},"godt_2008.hdf5":{"contentType":"application/octet-stream","lastModified":1789169439000,"length":45244,"url":"https://earthquake.usgs.gov/product/ground-failure/7000tgrk/us/1789169442351/godt_2008.hdf5","sha256":"W+35aZ2ZNbCV4dpDlNf+BFVYsE3I/aYFitBBg2E6Y60="},"nowicki_2014_global_model.tif":{"contentType":"image/tiff","lastModified":1789169439000,"length":5209,"url":"https://earthquake.usgs.gov/product/ground-failure/7000tgrk/us/1789169442351/nowicki_2014_global_model.tif","sha256":"lXQv5zuMK82vlCyH003xs2uBSVlv/k+8fziYeArknqI="},"nowicki_2014_global.hdf5":{"contentType":"application/octet-stream","lastModified":1789169439000,"length":30119,"url":"https://earthquake.usgs.gov/product/ground-failure/7000tgrk/us/1789169442351/nowicki_2014_global.hdf5","sha256":"loFEpu9hu2b5lCn0Av+6umDtmR37plSrjqJl91hGEec="},"zhu_2015_model.tif":{"contentType":"image/tiff","lastModified":1789169439000,"length":5209,"url":"https://earthquake.usgs.gov/product/ground-failure/7000tgrk/us/1789169442351/zhu_2015_model.tif","sha256":"lXQv5zuMK82vlCyH003xs2uBSVlv/k+8fziYeArknqI="},"jessee_2018_model.tif":{"contentType":"image/tiff","lastModified":1789169439000,"length":15965,"url":"https://earthquake.usgs.gov/product/ground-failure/7000tgrk/us/1789169442351/jessee_2018_model.tif","sha256":"PPk0p3p/R8H5MKg2ij0hcsVLM9eyCpBbFMza3JeDO94="},"info.json":{"contentType":"application/json","lastModified":1789169439000,"length":5593,"url":"https://earthquake.usgs.gov/product/ground-failure/7000tgrk/us/1789169442351/info.json","sha256":"Sbo4JFRwnaNqU0X1FE8sfJRCaOSlcfmYKvqo2l84JR4="},"jessee_2018_beta_sigma.tif":{"contentType":"image/tiff","lastModified":1789169439000,"length":15965,"url":"https://earthquake.usgs.gov/product/ground-failure/7000tgrk/us/1789169442351/jessee_2018_beta_sigma.tif","sha256":"PPk0p3p/R8H5MKg2ij0hcsVLM9eyCpBbFMza3JeDO94="}}},{"indexid":28583322,"indexTime":1789163418004,"id":"urn:usgs-product:us:ground-failure:7000tgrk:1789163409678","type":"ground-failure","code":"7000tgrk","source":"us","updateTime":1789163409678,"status":"WARNING","properties":{"depth":"358.6","eventsource":"us","eventsourcecode":"7000tgrk","eventtime":"2026-09-11T21:23:55.000Z","landslide-alert":"green","landslide-hazard-1std":"None","landslide-hazard-2std":"None","landslide-hazard-alert-color":"green","landslide-hazard-alert-parameter":"Aggregate Hazard","landslide-hazard-alert-value":"0.0","landslide-hazard-std":"0.0","landslide-maximum-latitude":"-4.198958333333336","landslide-maximum-longitude":"107.80729166666502","landslide-minimum-latitude":"-6.0093749999999","landslide-minimum-longitude":"105.99895833333333","landslide-overlay":"jessee_2018.png","landslide-population-1std":"None","landslide-population-2std":"None","landslide-population-alert-color":"green","landslide-population-alert-parameter":"Population exposure","landslide-population-alert-value":"0","landslide-population-std":"0.0","latitude":"-5.0932","liquefaction-alert":"green","liquefaction-hazard-1std":"None","liquefaction-hazard-2std":"None","liquefaction-hazard-alert-color":"green","liquefaction-hazard-alert-parameter":"Aggregate Hazard","liquefaction-hazard-alert-value":"0.0","liquefaction-hazard-std":"0.0","liquefaction-maximum-latitude":"-4.200000000000001","liquefaction-maximum-longitude":"107.80833333333169","liquefaction-minimum-latitude":"-6.008333333333232","liquefaction-minimum-longitude":"106.0","liquefaction-overlay":"zhu_2017_general.png","liquefaction-population-1std":"None","liquefaction-population-2std":"None","liquefaction-population-alert-color":"green","liquefaction-population-alert-parameter":"Population exposure","liquefaction-population-alert-value":"0","liquefaction-population-std":"0.0","longitude":"106.903","magnitude":"6.6","maximum-latitude":"-4.200000000000003","maximum-longitude":"107.80625","minimum-latitude":"-6.008333333333336","minimum-longitude":"106.0","pdl-client-version":"Version 3.5.4 2026-01-22","rupture-warning":"True","shakemap-version":"1","version":"1"},"preferredWeight":158,"contents":{"godt_2008_model.tif":{"contentType":"image/tiff","lastModified":1789163406000,"length":2518,"url":"https://earthquake.usgs.gov/product/ground-failure/7000tgrk/us/1789163409678/godt_2008_model.tif","sha256":"2C9gWHtXzRiUlJrsDCfBu4Okrl7Myiy4havKGQ9Z3uc="},"jessee_2018.hdf5":{"contentType":"application/octet-stream","lastModified":1789163406000,"length":98634,"url":"https://earthquake.usgs.gov/product/ground-failure/7000tgrk/us/1789163409678/jessee_2018.hdf5","sha256":"cT4LuCYGyRX2wJ5XG0rp4sTmhUg0J0H6uQ+E/7DyaEA="},"zhu_2017_general.png":{"contentType":"image/png","lastModified":1789163406000,"length":900,"url":"https://earthquake.usgs.gov/product/ground-failure/7000tgrk/us/1789163409678/zhu_2017_general.png","sha256":"KO9BPNUA5KLaTSIbT+XJsKipu+G3n8Ho1i1lyqlRtw8="},"godt_2008_modelmax.tif":{"contentType":"image/tiff","lastModified":1789163406000,"length":2518,"url":"https://earthquake.usgs.gov/product/ground-failure/7000tgrk/us/1789163409678/godt_2008_modelmax.tif","sha256":"2C9gWHtXzRiUlJrsDCfBu4Okrl7Myiy4havKGQ9Z3uc="},"jessee_2018.png":{"contentType":"image/png","lastModified":1789163406000,"length":3095,"url":"https://earthquake.usgs.gov/product/ground-failure/7000tgrk/us/1789163409678/jessee_2018.png","sha256":"Z3CKJgSSVdB3HfAqB96P+Xx2NdI+8EHvRfBX3LyQnqc="},"zhu_2015.hdf5":{"contentType":"application/octet-stream","lastModified":1789163406000,"length":30047,"url":"https://earthquake.usgs.gov/product/ground-failure/7000tgrk/us/1789163409678/zhu_2015.hdf5","sha256":"GvJQ11z7pCrOo6i5q4aE/XCwmkC2JbX8orKRV+PKFIU="},"zhu_2017_general_beta_sigma.tif":{"contentType":"image/tiff","lastModified":1789163406000,"length":5209,"url":"https://earthquake.usgs.gov/product/ground-failure/7000tgrk/us/1789163409678/zhu_2017_general_beta_sigma.tif","sha256":"lXQv5zuMK82vlCyH003xs2uBSVlv/k+8fziYeArknqI="},"godt_2008_modelmin.tif":{"contentType":"image/tiff","lastModified":1789163406000,"length":2518,"url":"https://earthquake.usgs.gov/product/ground-failure/7000tgrk/us/1789163409678/godt_2008_modelmin.tif","sha256":"2C9gWHtXzRiUlJrsDCfBu4Okrl7Myiy4havKGQ9Z3uc="},"contents.xml":{"contentType":"application/xml","lastModified":1789163405000,"length":2262,"url":"https://earthquake.usgs.gov/product/ground-failure/7000tgrk/us/1789163409678/contents.xml","sha256":"Id+Nrq594Yxo4YNgbwTpgQBo1o5DQAThikZnhUEe5ho="},"zhu_2017_general_model.tif":{"contentType":"image/tiff","lastModified":1789163406000,"length":5209,"url":"https://earthquake.usgs.gov/product/ground-failure/7000tgrk/us/1789163409678/zhu_2017_general_model.tif","sha256":"lXQv5zuMK82vlCyH003xs2uBSVlv/k+8fziYeArknqI="},"zhu_2017_general.hdf5":{"contentType":"application/octet-stream","lastModified":1789163406000,"length":43190,"url":"https://earthquake.usgs.gov/product/ground-failure/7000tgrk/us/1789163409678/zhu_2017_general.hdf5","sha256":"vkfsYtUlhzIsm8WLVz27Ywzn7CtfiWeyY3q6NQ8+kkY="},"godt_2008.hdf5":{"contentType":"application/octet-stream","lastModified":1789163405000,"length":45244,"url":"https://earthquake.usgs.gov/product/ground-failure/7000tgrk/us/1789163409678/godt_2008.hdf5","sha256":"zZO6kFBT8f3EQb/izugtBi6TCMmxwhGvTF4vd2r0UJ0="},"nowicki_2014_global_model.tif":{"contentType":"image/tiff","lastModified":1789163406000,"length":5209,"url":"https://earthquake.usgs.gov/product/ground-failure/7000tgrk/us/1789163409678/nowicki_2014_global_model.tif","sha256":"lXQv5zuMK82vlCyH003xs2uBSVlv/k+8fziYeArknqI="},"nowicki_2014_global.hdf5":{"contentType":"application/octet-stream","lastModified":1789163406000,"length":30119,"url":"https://earthquake.usgs.gov/product/ground-failure/7000tgrk/us/1789163409678/nowicki_2014_global.hdf5","sha256":"KYqyRMuSd/05yU6qZMPf6pZ0iUMyUfOJXXexryHDUeQ="},"zhu_2015_model.tif":{"contentType":"image/tiff","lastModified":1789163406000,"length":5209,"url":"https://earthquake.usgs.gov/product/ground-failure/7000tgrk/us/1789163409678/zhu_2015_model.tif","sha256":"lXQv5zuMK82vlCyH003xs2uBSVlv/k+8fziYeArknqI="},"jessee_2018_model.tif":{"contentType":"image/tiff","lastModified":1789163406000,"length":15965,"url":"https://earthquake.usgs.gov/product/ground-failure/7000tgrk/us/1789163409678/jessee_2018_model.tif","sha256":"PPk0p3p/R8H5MKg2ij0hcsVLM9eyCpBbFMza3JeDO94="},"info.json":{"contentType":"application/json","lastModified":1789163406000,"length":5593,"url":"https://earthquake.usgs.gov/product/ground-failure/7000tgrk/us/1789163409678/info.json","sha256":"meje9Kgv4DS2fYMp89DPKpFsJzvN9iacbPqOGnqasPE="},"jessee_2018_beta_sigma.tif":{"contentType":"image/tiff","lastModified":1789163406000,"length":15965,"url":"https://earthquake.usgs.gov/product/ground-failure/7000tgrk/us/1789163409678/jessee_2018_beta_sigma.tif","sha256":"PPk0p3p/R8H5MKg2ij0hcsVLM9eyCpBbFMza3JeDO94="}}}],"internal-moment-tensor":[{"indexid":28583250,"indexTime":1789162334227,"id":"urn:usgs-product:us:internal-moment-tensor:us_7000tgrk_mww:1789162326040","type":"internal-moment-tensor","code":"us_7000tgrk_mww","source":"us","updateTime":1789162326040,"status":"UPDATE","properties":{"beachball-source":"us","depth":"358.8","derived-depth":"380.5","derived-eventtime":"2026-09-11T21:23:59.100Z","derived-latitude":"-5.1561","derived-longitude":"106.8646","derived-magnitude":"6.5","derived-magnitude-type":"Mww","evaluation-status":"confirmed","eventParametersPublicID":"quakeml:us.anss.org/eventparameters/7000tgrk/1789162329","eventsource":"usauto","eventsourcecode":"7000tgrk","eventtime":"2026-09-11T21:23:55.100Z","latitude":"-5.1561","longitude":"106.8646","n-axis-azimuth":"331","n-axis-length":"-1.66835E+17","n-axis-plunge":"31","nodal-plane-1-dip":"89.15","nodal-plane-1-rake":"-59.05","nodal-plane-1-strike":"151.75","nodal-plane-2-dip":"30.96","nodal-plane-2-rake":"-178.34","nodal-plane-2-strike":"243.17","p-axis-azimuth":"89","p-axis-length":"-6.47484E+18","p-axis-plunge":"38","pdl-client-version":"Version 3.5.4 2026-01-22","percent-double-couple":"0.9498","quakeml-publicid":"quakeml:us.anss.org/focalmechanism/7000tgrk/mww","review-status":"automatic","scalar-moment":"6.56E+18","sourcetime-decaytime":"3","sourcetime-duration":"7","sourcetime-risetime":"4","sourcetime-type":"triangle","t-axis-azimuth":"215","t-axis-length":"6.64167E+18","t-axis-plunge":"37","tensor-mpp":"-2.6415E+18","tensor-mrp":"4.9229E+18","tensor-mrr":"-1.505E+17","tensor-mrt":"-2.7136E+18","tensor-mtp":"-2.0088E+18","tensor-mtt":"2.792E+18"},"preferredWeight":163,"contents":{"contents.xml":{"contentType":"application/xml","lastModified":1789162332000,"length":195,"url":"https://earthquake.usgs.gov/product/internal-moment-tensor/us_7000tgrk_mww/us/1789162326040/contents.xml","sha256":"ABhLiaqdYWmIak24eD/csBAWouBShhatD9bUzLNEZFk="},"quakeml.xml":{"contentType":"application/xml","lastModified":1789162326000,"length":10902,"url":"https://earthquake.usgs.gov/product/internal-moment-tensor/us_7000tgrk_mww/us/1789162326040/quakeml.xml","sha256":"mkGJaD45889whBHK26FkJBqmaDbDL9eOS6/1m8ONbaM="}}}],"losspager":[{"indexid":28586695,"indexTime":1789248546045,"id":"urn:usgs-product:us:losspager:us7000tgrk:1789248536225","type":"losspager","code":"us7000tgrk","source":"us","updateTime":1789248536225,"status":"UPDATE","properties":{"alertlevel":"green","depth":"372.0","eventsource":"us","eventsourcecode":"7000tgrk","eventtime":"2026-09-12T03:23:55.000Z","latitude":"-4.9832","longitude":"106.8742","magnitude":"6.5","maxmmi":"3","pdl-client-version":"Version 3.5.4 2026-01-22","release":"false","review-status":"automatic"},"preferredWeight":158,"contents":{"comments.json":{"contentType":"application/json","lastModified":1789248534000,"length":833,"url":"https://earthquake.usgs.gov/product/losspager/us7000tgrk/us/1789248536225/comments.json","sha256":"Glo5q4gDWn3Z/mF+G8J/BxxJiOMFHxhNurIX0n6hVP4="},"json/cities.json":{"contentType":"application/json","lastModified":1789248533000,"length":74,"url":"https://earthquake.usgs.gov/product/losspager/us7000tgrk/us/1789248536225/json/cities.json","sha256":"UVaOHf+Y9YTWjLINLpEVwt9vqbwtpaL5cEj21OrbSpI="},"onepager.pdf":{"contentType":"application/pdf","lastModified":1789248534000,"length":1269411,"url":"https://earthquake.usgs.gov/product/losspager/us7000tgrk/us/1789248536225/onepager.pdf","sha256":"PcJEqWozK0CP//UkZQogc3JJhgkTsv85e01irWmMiIY="},"json/alerts.json":{"contentType":"application/json","lastModified":1789248533000,"length":1455,"url":"https://earthquake.usgs.gov/product/losspager/us7000tgrk/us/1789248536225/json/alerts.json","sha256":"8PQMyo2vcd8a4Hr1OwbJuXw8WZqBK3oPcgWSYPhPz48="},"json/exposures.json":{"contentType":"application/json","lastModified":1789248533000,"length":537,"url":"https://earthquake.usgs.gov/product/losspager/us7000tgrk/us/1789248536225/json/exposures.json","sha256":"7vBHLlVkyj2LKcR5rSeGcK5Grn7q6FptJUxBgI96AYk="},"event.json":{"contentType":"application/json","lastModified":1789248534000,"length":705,"url":"https://earthquake.usgs.gov/product/losspager/us7000tgrk/us/1789248536225/event.json","sha256":"/86dquwLs9V/Ytifgp+KtDi/fypgKhNJft6zl3zcNsA="},"json/historical_earthquakes.json":{"contentType":"application/json","lastModified":1789248533000,"length":1544,"url":"https://earthquake.usgs.gov/product/losspager/us7000tgrk/us/1789248536225/json/historical_earthquakes.json","sha256":"hVxGTMfurKSjhqWxPRLfEpuxY2gH+RfpmrvjXelUSps="},"grid.xml":{"contentType":"application/xml","lastModified":1789248534000,"length":2858643,"url":"https://earthquake.usgs.gov/product/losspager/us7000tgrk/us/1789248536225/grid.xml","sha256":"yqEKgH1UQXfND1i6H1KaVU3Y+mdWC4ScksZva4Tb3fw="},"contents.xml":{"contentType":"application/xml","lastModified":1789248534000,"length":2951,"url":"https://earthquake.usgs.gov/product/losspager/us7000tgrk/us/1789248536225/contents.xml","sha256":"4YQYOxrL0fquA/rZdjmRkwL065QhV7flQVnnu+RBWCE="},"alertfatal.pdf":{"contentType":"application/pdf","lastModified":1789248534000,"length":9151,"url":"https://earthquake.usgs.gov/product/losspager/us7000tgrk/us/1789248536225/alertfatal.pdf","sha256":"XXJxIybGXAYOI+NBV5+E5taX2HYfjBG++dMeu0zvw4w="},"json/event.json":{"contentType":"application/json","lastModified":1789248533000,"length":705,"url":"https://earthquake.usgs.gov/product/losspager/us7000tgrk/us/1789248536225/json/event.json","sha256":"/86dquwLs9V/Ytifgp+KtDi/fypgKhNJft6zl3zcNsA="},"cities.json":{"contentType":"application/json","lastModified":1789248534000,"length":74,"url":"https://earthquake.usgs.gov/product/losspager/us7000tgrk/us/1789248536225/cities.json","sha256":"UVaOHf+Y9YTWjLINLpEVwt9vqbwtpaL5cEj21OrbSpI="},"alertfatal.png":{"contentType":"image/png","lastModified":1789248534000,"length":11136,"url":"https://earthquake.usgs.gov/product/losspager/us7000tgrk/us/1789248536225/alertfatal.png","sha256":"PO+UOirUByIkjKUJGm+0m/Ug/0cOy/GaquF3i//IB/g="},"losses.json":{"contentType":"application/json","lastModified":1789248534000,"length":825,"url":"https://earthquake.usgs.gov/product/losspager/us7000tgrk/us/1789248536225/losses.json","sha256":"sTlECM+VVya8MLRPV+CgHfQwTVeXxPXKNLmLiuTS0Es="},"alertecon.png":{"contentType":"image/png","lastModified":1789248534000,"length":12006,"url":"https://earthquake.usgs.gov/product/losspager/us7000tgrk/us/1789248536225/alertecon.png","sha256":"PQtNW9FrFbsh/U3Q3GviaApI/XQOtdxgqSv7RCVQn3E="},"json/comments.json":{"contentType":"application/json","lastModified":1789248533000,"length":833,"url":"https://earthquake.usgs.gov/product/losspager/us7000tgrk/us/1789248536225/json/comments.json","sha256":"Glo5q4gDWn3Z/mF+G8J/BxxJiOMFHxhNurIX0n6hVP4="},"exposure.png":{"contentType":"image/png","lastModified":1789248534000,"length":25292,"url":"https://earthquake.usgs.gov/product/losspager/us7000tgrk/us/1789248536225/exposure.png","sha256":"Xx6Ycb9W8fuMSh1eUjXoDucs6EOdl1MB3sqRWsLPt74="},"alertfatal_small.png":{"contentType":"image/png","lastModified":1789248534000,"length":4744,"url":"https://earthquake.usgs.gov/product/losspager/us7000tgrk/us/1789248536225/alertfatal_small.png","sha256":"xRylTfGct7tLaNAVrlVvjbXPAfF91qOpVjksU/FpQ7M="},"alertecon.pdf":{"contentType":"application/pdf","lastModified":1789248534000,"length":10474,"url":"https://earthquake.usgs.gov/product/losspager/us7000tgrk/us/1789248536225/alertecon.pdf","sha256":"ToZpcqkIpo7B4dZNs3eBLIACB1XOfVfYcu30L83DNwg="},"alerts.json":{"contentType":"application/json","lastModified":1789248534000,"length":1455,"url":"https://earthquake.usgs.gov/product/losspager/us7000tgrk/us/1789248536225/alerts.json","sha256":"8PQMyo2vcd8a4Hr1OwbJuXw8WZqBK3oPcgWSYPhPz48="},"exposure.pdf":{"contentType":"application/pdf","lastModified":1789248534000,"length":1111983,"url":"https://earthquake.usgs.gov/product/losspager/us7000tgrk/us/1789248536225/exposure.pdf","sha256":"nIwr/wyS/eyfE00etZKgovYkLEqYcogkdItH319TAZE="},"exposures.json":{"contentType":"application/json","lastModified":1789248534000,"length":537,"url":"https://earthquake.usgs.gov/product/losspager/us7000tgrk/us/1789248536225/exposures.json","sha256":"7vBHLlVkyj2LKcR5rSeGcK5Grn7q6FptJUxBgI96AYk="},"json/losses.json":{"contentType":"application/json","lastModified":1789248533000,"length":825,"url":"https://earthquake.usgs.gov/product/losspager/us7000tgrk/us/1789248536225/json/losses.json","sha256":"sTlECM+VVya8MLRPV+CgHfQwTVeXxPXKNLmLiuTS0Es="},"alertfatal_smaller.png":{"contentType":"image/png","lastModified":1789248534000,"length":2879,"url":"https://earthquake.usgs.gov/product/losspager/us7000tgrk/us/1789248536225/alertfatal_smaller.png","sha256":"Qx6DEEJ9nvowqyVjI7dBMWQvuPAJcSR5WNcFA5GaHjA="},"pager.xml":{"contentType":"application/xml","lastModified":1789248534000,"length":3851,"url":"https://earthquake.usgs.gov/product/losspager/us7000tgrk/us/1789248536225/pager.xml","sha256":"iPEA+PK79Uo8WMd+OhBFOsmxEIyH0tndIXUHWjL+z30="},"alertecon_small.png":{"contentType":"image/png","lastModified":1789248534000,"length":5192,"url":"https://earthquake.usgs.gov/product/losspager/us7000tgrk/us/1789248536225/alertecon_small.png","sha256":"B5ymJdJS9ht5fJMoUqfsVV6VbgKKYQW7Kun8r3VDKN8="},"alertecon_smaller.png":{"contentType":"image/png","lastModified":1789248534000,"length":3083,"url":"https://earthquake.usgs.gov/product/losspager/us7000tgrk/us/1789248536225/alertecon_smaller.png","sha256":"CWTwTGrMYYlWNvvhURgucbapqFkbUQ3JQ7P03J8VZeA="},"historical_earthquakes.json":{"contentType":"application/json","lastModified":1789248534000,"length":1544,"url":"https://earthquake.usgs.gov/product/losspager/us7000tgrk/us/1789248536225/historical_earthquakes.json","sha256":"hVxGTMfurKSjhqWxPRLfEpuxY2gH+RfpmrvjXelUSps="}}},{"indexid":28585865,"indexTime":1789218325487,"id":"urn:usgs-product:us:losspager:us7000tgrk:1789218317606","type":"losspager","code":"us7000tgrk","source":"us","updateTime":1789218317606,"status":"UPDATE","properties":{"alertlevel":"green","depth":"372.0","eventsource":"us","eventsourcecode":"7000tgrk","eventtime":"2026-09-12T03:23:55.000Z","latitude":"-4.9832","longitude":"106.8742","magnitude":"6.5","maxmmi":"3","pdl-client-version":"Version 3.5.4 2026-01-22","release":"false","review-status":"automatic"},"preferredWeight":158,"contents":{"comments.json":{"contentType":"application/json","lastModified":1789218316000,"length":833,"url":"https://earthquake.usgs.gov/product/losspager/us7000tgrk/us/1789218317606/comments.json","sha256":"Glo5q4gDWn3Z/mF+G8J/BxxJiOMFHxhNurIX0n6hVP4="},"json/cities.json":{"contentType":"application/json","lastModified":1789218315000,"length":74,"url":"https://earthquake.usgs.gov/product/losspager/us7000tgrk/us/1789218317606/json/cities.json","sha256":"UVaOHf+Y9YTWjLINLpEVwt9vqbwtpaL5cEj21OrbSpI="},"onepager.pdf":{"contentType":"application/pdf","lastModified":1789218316000,"length":1269795,"url":"https://earthquake.usgs.gov/product/losspager/us7000tgrk/us/1789218317606/onepager.pdf","sha256":"dkV4B/3dnTs9BxhzzlQDOIQ15nAlaJpWs1sZvJiYrVU="},"json/alerts.json":{"contentType":"application/json","lastModified":1789218315000,"length":1455,"url":"https://earthquake.usgs.gov/product/losspager/us7000tgrk/us/1789218317606/json/alerts.json","sha256":"8PQMyo2vcd8a4Hr1OwbJuXw8WZqBK3oPcgWSYPhPz48="},"json/exposures.json":{"contentType":"application/json","lastModified":1789218315000,"length":537,"url":"https://earthquake.usgs.gov/product/losspager/us7000tgrk/us/1789218317606/json/exposures.json","sha256":"7vBHLlVkyj2LKcR5rSeGcK5Grn7q6FptJUxBgI96AYk="},"event.json":{"contentType":"application/json","lastModified":1789218316000,"length":711,"url":"https://earthquake.usgs.gov/product/losspager/us7000tgrk/us/1789218317606/event.json","sha256":"mkFtsXyNCAP3v7pOB/6UYPsp8USgo7DC40RrNb5OPX0="},"json/historical_earthquakes.json":{"contentType":"application/json","lastModified":1789218315000,"length":1544,"url":"https://earthquake.usgs.gov/product/losspager/us7000tgrk/us/1789218317606/json/historical_earthquakes.json","sha256":"hVxGTMfurKSjhqWxPRLfEpuxY2gH+RfpmrvjXelUSps="},"grid.xml":{"contentType":"application/xml","lastModified":1789218316000,"length":2858643,"url":"https://earthquake.usgs.gov/product/losspager/us7000tgrk/us/1789218317606/grid.xml","sha256":"COEP5L3rTcTz33tSMsSkQKOobChaeIIwQpi2adksYOc="},"contents.xml":{"contentType":"application/xml","lastModified":1789218316000,"length":2951,"url":"https://earthquake.usgs.gov/product/losspager/us7000tgrk/us/1789218317606/contents.xml","sha256":"4YQYOxrL0fquA/rZdjmRkwL065QhV7flQVnnu+RBWCE="},"alertfatal.pdf":{"contentType":"application/pdf","lastModified":1789218316000,"length":9151,"url":"https://earthquake.usgs.gov/product/losspager/us7000tgrk/us/1789218317606/alertfatal.pdf","sha256":"2Z0YB3dF1nD5hXyhqIb2eUUhcxyzEqXW6ot0kER9dNw="},"json/event.json":{"contentType":"application/json","lastModified":1789218315000,"length":711,"url":"https://earthquake.usgs.gov/product/losspager/us7000tgrk/us/1789218317606/json/event.json","sha256":"mkFtsXyNCAP3v7pOB/6UYPsp8USgo7DC40RrNb5OPX0="},"cities.json":{"contentType":"application/json","lastModified":1789218316000,"length":74,"url":"https://earthquake.usgs.gov/product/losspager/us7000tgrk/us/1789218317606/cities.json","sha256":"UVaOHf+Y9YTWjLINLpEVwt9vqbwtpaL5cEj21OrbSpI="},"alertfatal.png":{"contentType":"image/png","lastModified":1789218316000,"length":11136,"url":"https://earthquake.usgs.gov/product/losspager/us7000tgrk/us/1789218317606/alertfatal.png","sha256":"PO+UOirUByIkjKUJGm+0m/Ug/0cOy/GaquF3i//IB/g="},"losses.json":{"contentType":"application/json","lastModified":1789218316000,"length":825,"url":"https://earthquake.usgs.gov/product/losspager/us7000tgrk/us/1789218317606/losses.json","sha256":"sTlECM+VVya8MLRPV+CgHfQwTVeXxPXKNLmLiuTS0Es="},"alertecon.png":{"contentType":"image/png","lastModified":1789218316000,"length":12006,"url":"https://earthquake.usgs.gov/product/losspager/us7000tgrk/us/1789218317606/alertecon.png","sha256":"PQtNW9FrFbsh/U3Q3GviaApI/XQOtdxgqSv7RCVQn3E="},"json/comments.json":{"contentType":"application/json","lastModified":1789218315000,"length":833,"url":"https://earthquake.usgs.gov/product/losspager/us7000tgrk/us/1789218317606/json/comments.json","sha256":"Glo5q4gDWn3Z/mF+G8J/BxxJiOMFHxhNurIX0n6hVP4="},"exposure.png":{"contentType":"image/png","lastModified":1789218316000,"length":25292,"url":"https://earthquake.usgs.gov/product/losspager/us7000tgrk/us/1789218317606/exposure.png","sha256":"Xx6Ycb9W8fuMSh1eUjXoDucs6EOdl1MB3sqRWsLPt74="},"alertfatal_small.png":{"contentType":"image/png","lastModified":1789218316000,"length":4744,"url":"https://earthquake.usgs.gov/product/losspager/us7000tgrk/us/1789218317606/alertfatal_small.png","sha256":"xRylTfGct7tLaNAVrlVvjbXPAfF91qOpVjksU/FpQ7M="},"alertecon.pdf":{"contentType":"application/pdf","lastModified":1789218316000,"length":10474,"url":"https://earthquake.usgs.gov/product/losspager/us7000tgrk/us/1789218317606/alertecon.pdf","sha256":"WJhq0eWosXDMM0McsoDrdNXrXhAzdkb9aGESpmZan/A="},"alerts.json":{"contentType":"application/json","lastModified":1789218316000,"length":1455,"url":"https://earthquake.usgs.gov/product/losspager/us7000tgrk/us/1789218317606/alerts.json","sha256":"8PQMyo2vcd8a4Hr1OwbJuXw8WZqBK3oPcgWSYPhPz48="},"exposure.pdf":{"contentType":"application/pdf","lastModified":1789218316000,"length":1111983,"url":"https://earthquake.usgs.gov/product/losspager/us7000tgrk/us/1789218317606/exposure.pdf","sha256":"KcnFUxddPUyW4iwQRPpO8au0ApLrtQJcmmeOCjNc/uE="},"exposures.json":{"contentType":"application/json","lastModified":1789218316000,"length":537,"url":"https://earthquake.usgs.gov/product/losspager/us7000tgrk/us/1789218317606/exposures.json","sha256":"7vBHLlVkyj2LKcR5rSeGcK5Grn7q6FptJUxBgI96AYk="},"json/losses.json":{"contentType":"application/json","lastModified":1789218315000,"length":825,"url":"https://earthquake.usgs.gov/product/losspager/us7000tgrk/us/1789218317606/json/losses.json","sha256":"sTlECM+VVya8MLRPV+CgHfQwTVeXxPXKNLmLiuTS0Es="},"alertfatal_smaller.png":{"contentType":"image/png","lastModified":1789218316000,"length":2879,"url":"https://earthquake.usgs.gov/product/losspager/us7000tgrk/us/1789218317606/alertfatal_smaller.png","sha256":"Qx6DEEJ9nvowqyVjI7dBMWQvuPAJcSR5WNcFA5GaHjA="},"pager.xml":{"contentType":"application/xml","lastModified":1789218316000,"length":3857,"url":"https://earthquake.usgs.gov/product/losspager/us7000tgrk/us/1789218317606/pager.xml","sha256":"6LHK38iBr8tU/Yg86XMFI1eG6nhulRpVy6xfdKv2KsM="},"alertecon_small.png":{"contentType":"image/png","lastModified":1789218316000,"length":5192,"url":"https://earthquake.usgs.gov/product/losspager/us7000tgrk/us/1789218317606/alertecon_small.png","sha256":"B5ymJdJS9ht5fJMoUqfsVV6VbgKKYQW7Kun8r3VDKN8="},"alertecon_smaller.png":{"contentType":"image/png","lastModified":1789218316000,"length":3083,"url":"https://earthquake.usgs.gov/product/losspager/us7000tgrk/us/1789218317606/alertecon_smaller.png","sha256":"CWTwTGrMYYlWNvvhURgucbapqFkbUQ3JQ7P03J8VZeA="},"historical_earthquakes.json":{"contentType":"application/json","lastModified":1789218316000,"length":1544,"url":"https://earthquake.usgs.gov/product/losspager/us7000tgrk/us/1789218317606/historical_earthquakes.json","sha256":"hVxGTMfurKSjhqWxPRLfEpuxY2gH+RfpmrvjXelUSps="}}},{"indexid":28583657,"indexTime":1789169512243,"id":"urn:usgs-product:us:losspager:us7000tgrk:1789169503057","type":"losspager","code":"us7000tgrk","source":"us","updateTime":1789169503057,"status":"UPDATE","properties":{"alertlevel":"green","depth":"358.6","eventsource":"us","eventsourcecode":"7000tgrk","eventtime":"2026-09-12T03:23:55.000Z","latitude":"-5.0932","longitude":"106.903","magnitude":"6.6","maxmmi":"4","pdl-client-version":"Version 3.5.4 2026-01-22","release":"false","review-status":"automatic"},"preferredWeight":158,"contents":{"comments.json":{"contentType":"application/json","lastModified":1789169501000,"length":833,"url":"https://earthquake.usgs.gov/product/losspager/us7000tgrk/us/1789169503057/comments.json","sha256":"Heh8izNBzA2qOcBeTSOaDCQNLFvXRcjkIu0JnEAO7gs="},"json/cities.json":{"contentType":"application/json","lastModified":1789169500000,"length":314,"url":"https://earthquake.usgs.gov/product/losspager/us7000tgrk/us/1789169503057/json/cities.json","sha256":"/Yf8twmddzesjXfYEdwV2msBxZqjOkLQ7qo493XTqf4="},"onepager.pdf":{"contentType":"application/pdf","lastModified":1789169501000,"length":1232310,"url":"https://earthquake.usgs.gov/product/losspager/us7000tgrk/us/1789169503057/onepager.pdf","sha256":"HJ5ZitwZi6wtmfsLeJGvc7bkIW9r2ynHnedTzqOblRo="},"json/alerts.json":{"contentType":"application/json","lastModified":1789169500000,"length":1455,"url":"https://earthquake.usgs.gov/product/losspager/us7000tgrk/us/1789169503057/json/alerts.json","sha256":"8PQMyo2vcd8a4Hr1OwbJuXw8WZqBK3oPcgWSYPhPz48="},"json/exposures.json":{"contentType":"application/json","lastModified":1789169500000,"length":576,"url":"https://earthquake.usgs.gov/product/losspager/us7000tgrk/us/1789169503057/json/exposures.json","sha256":"KIvURQTYafcJPcK8kDDU9zkwxLjNpsk4syH1sOvB0n4="},"event.json":{"contentType":"application/json","lastModified":1789169501000,"length":708,"url":"https://earthquake.usgs.gov/product/losspager/us7000tgrk/us/1789169503057/event.json","sha256":"COcAv/xHyVFn0YuRGIZKuW8gHIM0X4FUW8lZAn9hU3g="},"json/historical_earthquakes.json":{"contentType":"application/json","lastModified":1789169500000,"length":1545,"url":"https://earthquake.usgs.gov/product/losspager/us7000tgrk/us/1789169503057/json/historical_earthquakes.json","sha256":"GRnk8VuW5VgUbuh8nvAFPW7quCjt7+gmOr2ENnmdAco="},"grid.xml":{"contentType":"application/xml","lastModified":1789169501000,"length":2721970,"url":"https://earthquake.usgs.gov/product/losspager/us7000tgrk/us/1789169503057/grid.xml","sha256":"VvIgXeIeGsHYDS3Qzf+Dc8TvO9frIkRMZMfdQiymOEE="},"contents.xml":{"contentType":"application/xml","lastModified":1789169501000,"length":2951,"url":"https://earthquake.usgs.gov/product/losspager/us7000tgrk/us/1789169503057/contents.xml","sha256":"4YQYOxrL0fquA/rZdjmRkwL065QhV7flQVnnu+RBWCE="},"alertfatal.pdf":{"contentType":"application/pdf","lastModified":1789169501000,"length":9831,"url":"https://earthquake.usgs.gov/product/losspager/us7000tgrk/us/1789169503057/alertfatal.pdf","sha256":"jTV4PrMk+FgwwZ6JjAD28Fob1eWPlXtHMZqgyhwbD4A="},"json/event.json":{"contentType":"application/json","lastModified":1789169500000,"length":708,"url":"https://earthquake.usgs.gov/product/losspager/us7000tgrk/us/1789169503057/json/event.json","sha256":"COcAv/xHyVFn0YuRGIZKuW8gHIM0X4FUW8lZAn9hU3g="},"cities.json":{"contentType":"application/json","lastModified":1789169501000,"length":314,"url":"https://earthquake.usgs.gov/product/losspager/us7000tgrk/us/1789169503057/cities.json","sha256":"/Yf8twmddzesjXfYEdwV2msBxZqjOkLQ7qo493XTqf4="},"alertfatal.png":{"contentType":"image/png","lastModified":1789169501000,"length":11932,"url":"https://earthquake.usgs.gov/product/losspager/us7000tgrk/us/1789169503057/alertfatal.png","sha256":"o7Sv218clOGAbi1WvfpEtuH94pMZEwvOfDD+6QCobe8="},"losses.json":{"contentType":"application/json","lastModified":1789169501000,"length":825,"url":"https://earthquake.usgs.gov/product/losspager/us7000tgrk/us/1789169503057/losses.json","sha256":"sTlECM+VVya8MLRPV+CgHfQwTVeXxPXKNLmLiuTS0Es="},"alertecon.png":{"contentType":"image/png","lastModified":1789169501000,"length":12799,"url":"https://earthquake.usgs.gov/product/losspager/us7000tgrk/us/1789169503057/alertecon.png","sha256":"Gtw5eYgGR6da1KkZ8r5AocSRYT0I2VoJmd7ZEcfRQZA="},"json/comments.json":{"contentType":"application/json","lastModified":1789169500000,"length":833,"url":"https://earthquake.usgs.gov/product/losspager/us7000tgrk/us/1789169503057/json/comments.json","sha256":"Heh8izNBzA2qOcBeTSOaDCQNLFvXRcjkIu0JnEAO7gs="},"exposure.png":{"contentType":"image/png","lastModified":1789169501000,"length":36262,"url":"https://earthquake.usgs.gov/product/losspager/us7000tgrk/us/1789169503057/exposure.png","sha256":"sXERysoA/CuUcQy4x3bCmkQ0v3GTYiLA6H2Lp/+4SFQ="},"alertfatal_small.png":{"contentType":"image/png","lastModified":1789169501000,"length":5219,"url":"https://earthquake.usgs.gov/product/losspager/us7000tgrk/us/1789169503057/alertfatal_small.png","sha256":"5gOb122WaU9zkz9jSUpcKsLNQFEW4dfua7cSOY23J84="},"alertecon.pdf":{"contentType":"application/pdf","lastModified":1789169501000,"length":11155,"url":"https://earthquake.usgs.gov/product/losspager/us7000tgrk/us/1789169503057/alertecon.pdf","sha256":"4UQJtfUSq9xtv4l7w/Zp9X7x7eN5CQ2BS+Osl+1hoEg="},"alerts.json":{"contentType":"application/json","lastModified":1789169501000,"length":1455,"url":"https://earthquake.usgs.gov/product/losspager/us7000tgrk/us/1789169503057/alerts.json","sha256":"8PQMyo2vcd8a4Hr1OwbJuXw8WZqBK3oPcgWSYPhPz48="},"exposure.pdf":{"contentType":"application/pdf","lastModified":1789169501000,"length":1072831,"url":"https://earthquake.usgs.gov/product/losspager/us7000tgrk/us/1789169503057/exposure.pdf","sha256":"J1LYtqDs6YVuJuVE8BciG24c8i9yW+h5KajXiyunK1U="},"exposures.json":{"contentType":"application/json","lastModified":1789169501000,"length":576,"url":"https://earthquake.usgs.gov/product/losspager/us7000tgrk/us/1789169503057/exposures.json","sha256":"KIvURQTYafcJPcK8kDDU9zkwxLjNpsk4syH1sOvB0n4="},"json/losses.json":{"contentType":"application/json","lastModified":1789169500000,"length":825,"url":"https://earthquake.usgs.gov/product/losspager/us7000tgrk/us/1789169503057/json/losses.json","sha256":"sTlECM+VVya8MLRPV+CgHfQwTVeXxPXKNLmLiuTS0Es="},"alertfatal_smaller.png":{"contentType":"image/png","lastModified":1789169501000,"length":3127,"url":"https://earthquake.usgs.gov/product/losspager/us7000tgrk/us/1789169503057/alertfatal_smaller.png","sha256":"bQOXInUKj8bYSo++TVNTGpYWQjR7ADE0BPdUuO+Zf/Y="},"pager.xml":{"contentType":"application/xml","lastModified":1789169501000,"length":3958,"url":"https://earthquake.usgs.gov/product/losspager/us7000tgrk/us/1789169503057/pager.xml","sha256":"Lgx6m26uQOpMPo5I1gsrbXhhd16dTjcrsnjihWYz6ZQ="},"alertecon_small.png":{"contentType":"image/png","lastModified":1789169501000,"length":5654,"url":"https://earthquake.usgs.gov/product/losspager/us7000tgrk/us/1789169503057/alertecon_small.png","sha256":"zzFac6onO0Gcqt+auG26G+M5nH6E9Fu0RT6eoPE6sBg="},"alertecon_smaller.png":{"contentType":"image/png","lastModified":1789169501000,"length":3334,"url":"https://earthquake.usgs.gov/product/losspager/us7000tgrk/us/1789169503057/alertecon_smaller.png","sha256":"oZAPS2qSOCXwfUKq8V2nke5Ne2+EJPUuD7k2FlAUz7g="},"historical_earthquakes.json":{"contentType":"application/json","lastModified":1789169501000,"length":1545,"url":"https://earthquake.usgs.gov/product/losspager/us7000tgrk/us/1789169503057/historical_earthquakes.json","sha256":"GRnk8VuW5VgUbuh8nvAFPW7quCjt7+gmOr2ENnmdAco="}}},{"indexid":28583316,"indexTime":1789163340848,"id":"urn:usgs-product:us:losspager:us7000tgrk:1789163332043","type":"losspager","code":"us7000tgrk","source":"us","updateTime":1789163332043,"status":"UPDATE","properties":{"alertlevel":"green","depth":"358.6","eventsource":"us","eventsourcecode":"7000tgrk","eventtime":"2026-09-12T03:23:55.000Z","latitude":"-5.0932","longitude":"106.903","magnitude":"6.6","maxmmi":"4","pdl-client-version":"Version 3.5.4 2026-01-22","release":"false","review-status":"automatic"},"preferredWeight":158,"contents":{"comments.json":{"contentType":"application/json","lastModified":1789163330000,"length":833,"url":"https://earthquake.usgs.gov/product/losspager/us7000tgrk/us/1789163332043/comments.json","sha256":"Heh8izNBzA2qOcBeTSOaDCQNLFvXRcjkIu0JnEAO7gs="},"json/cities.json":{"contentType":"application/json","lastModified":1789163329000,"length":314,"url":"https://earthquake.usgs.gov/product/losspager/us7000tgrk/us/1789163332043/json/cities.json","sha256":"/Yf8twmddzesjXfYEdwV2msBxZqjOkLQ7qo493XTqf4="},"onepager.pdf":{"contentType":"application/pdf","lastModified":1789163330000,"length":1232193,"url":"https://earthquake.usgs.gov/product/losspager/us7000tgrk/us/1789163332043/onepager.pdf","sha256":"If6pIK/le9IC8ovbSBzIMorGRHkoqfZPXNu6fa5/zD8="},"json/alerts.json":{"contentType":"application/json","lastModified":1789163329000,"length":1455,"url":"https://earthquake.usgs.gov/product/losspager/us7000tgrk/us/1789163332043/json/alerts.json","sha256":"8PQMyo2vcd8a4Hr1OwbJuXw8WZqBK3oPcgWSYPhPz48="},"json/exposures.json":{"contentType":"application/json","lastModified":1789163329000,"length":576,"url":"https://earthquake.usgs.gov/product/losspager/us7000tgrk/us/1789163332043/json/exposures.json","sha256":"KIvURQTYafcJPcK8kDDU9zkwxLjNpsk4syH1sOvB0n4="},"event.json":{"contentType":"application/json","lastModified":1789163330000,"length":712,"url":"https://earthquake.usgs.gov/product/losspager/us7000tgrk/us/1789163332043/event.json","sha256":"fDwX/CMzUVzkSocCaZ9fWRBOmV74zu9Qmbncx7GlGW8="},"json/historical_earthquakes.json":{"contentType":"application/json","lastModified":1789163329000,"length":1545,"url":"https://earthquake.usgs.gov/product/losspager/us7000tgrk/us/1789163332043/json/historical_earthquakes.json","sha256":"GRnk8VuW5VgUbuh8nvAFPW7quCjt7+gmOr2ENnmdAco="},"grid.xml":{"contentType":"application/xml","lastModified":1789163330000,"length":2721970,"url":"https://earthquake.usgs.gov/product/losspager/us7000tgrk/us/1789163332043/grid.xml","sha256":"BJYJJ2UxtkhKXeKhbMX/F/MQarh9G4mVaccH5L2jpsM="},"contents.xml":{"contentType":"application/xml","lastModified":1789163330000,"length":2951,"url":"https://earthquake.usgs.gov/product/losspager/us7000tgrk/us/1789163332043/contents.xml","sha256":"4YQYOxrL0fquA/rZdjmRkwL065QhV7flQVnnu+RBWCE="},"alertfatal.pdf":{"contentType":"application/pdf","lastModified":1789163330000,"length":9831,"url":"https://earthquake.usgs.gov/product/losspager/us7000tgrk/us/1789163332043/alertfatal.pdf","sha256":"M80d4EPZ1+mjaN/nlyk7ZabDiB6idJQb0TuuXixU/no="},"json/event.json":{"contentType":"application/json","lastModified":1789163329000,"length":712,"url":"https://earthquake.usgs.gov/product/losspager/us7000tgrk/us/1789163332043/json/event.json","sha256":"fDwX/CMzUVzkSocCaZ9fWRBOmV74zu9Qmbncx7GlGW8="},"cities.json":{"contentType":"application/json","lastModified":1789163330000,"length":314,"url":"https://earthquake.usgs.gov/product/losspager/us7000tgrk/us/1789163332043/cities.json","sha256":"/Yf8twmddzesjXfYEdwV2msBxZqjOkLQ7qo493XTqf4="},"alertfatal.png":{"contentType":"image/png","lastModified":1789163330000,"length":11932,"url":"https://earthquake.usgs.gov/product/losspager/us7000tgrk/us/1789163332043/alertfatal.png","sha256":"o7Sv218clOGAbi1WvfpEtuH94pMZEwvOfDD+6QCobe8="},"losses.json":{"contentType":"application/json","lastModified":1789163330000,"length":825,"url":"https://earthquake.usgs.gov/product/losspager/us7000tgrk/us/1789163332043/losses.json","sha256":"sTlECM+VVya8MLRPV+CgHfQwTVeXxPXKNLmLiuTS0Es="},"alertecon.png":{"contentType":"image/png","lastModified":1789163330000,"length":12799,"url":"https://earthquake.usgs.gov/product/losspager/us7000tgrk/us/1789163332043/alertecon.png","sha256":"Gtw5eYgGR6da1KkZ8r5AocSRYT0I2VoJmd7ZEcfRQZA="},"json/comments.json":{"contentType":"application/json","lastModified":1789163329000,"length":833,"url":"https://earthquake.usgs.gov/product/losspager/us7000tgrk/us/1789163332043/json/comments.json","sha256":"Heh8izNBzA2qOcBeTSOaDCQNLFvXRcjkIu0JnEAO7gs="},"exposure.png":{"contentType":"image/png","lastModified":1789163330000,"length":36262,"url":"https://earthquake.usgs.gov/product/losspager/us7000tgrk/us/1789163332043/exposure.png","sha256":"sXERysoA/CuUcQy4x3bCmkQ0v3GTYiLA6H2Lp/+4SFQ="},"alertfatal_small.png":{"contentType":"image/png","lastModified":1789163330000,"length":5219,"url":"https://earthquake.usgs.gov/product/losspager/us7000tgrk/us/1789163332043/alertfatal_small.png","sha256":"5gOb122WaU9zkz9jSUpcKsLNQFEW4dfua7cSOY23J84="},"alertecon.pdf":{"contentType":"application/pdf","lastModified":1789163330000,"length":11155,"url":"https://earthquake.usgs.gov/product/losspager/us7000tgrk/us/1789163332043/alertecon.pdf","sha256":"SmK6R2wlPs+lsTJhc/uP7C9zk+Uf0YvVqr3v5ZKlLSk="},"alerts.json":{"contentType":"application/json","lastModified":1789163330000,"length":1455,"url":"https://earthquake.usgs.gov/product/losspager/us7000tgrk/us/1789163332043/alerts.json","sha256":"8PQMyo2vcd8a4Hr1OwbJuXw8WZqBK3oPcgWSYPhPz48="},"exposure.pdf":{"contentType":"application/pdf","lastModified":1789163330000,"length":1072831,"url":"https://earthquake.usgs.gov/product/losspager/us7000tgrk/us/1789163332043/exposure.pdf","sha256":"H5phv1t5Ly/wp9/2uebMajKwwwYtdicKwfxsrbG2WAU="},"exposures.json":{"contentType":"application/json","lastModified":1789163330000,"length":576,"url":"https://earthquake.usgs.gov/product/losspager/us7000tgrk/us/1789163332043/exposures.json","sha256":"KIvURQTYafcJPcK8kDDU9zkwxLjNpsk4syH1sOvB0n4="},"json/losses.json":{"contentType":"application/json","lastModified":1789163329000,"length":825,"url":"https://earthquake.usgs.gov/product/losspager/us7000tgrk/us/1789163332043/json/losses.json","sha256":"sTlECM+VVya8MLRPV+CgHfQwTVeXxPXKNLmLiuTS0Es="},"alertfatal_smaller.png":{"contentType":"image/png","lastModified":1789163330000,"length":3127,"url":"https://earthquake.usgs.gov/product/losspager/us7000tgrk/us/1789163332043/alertfatal_smaller.png","sha256":"bQOXInUKj8bYSo++TVNTGpYWQjR7ADE0BPdUuO+Zf/Y="},"pager.xml":{"contentType":"application/xml","lastModified":1789163330000,"length":3962,"url":"https://earthquake.usgs.gov/product/losspager/us7000tgrk/us/1789163332043/pager.xml","sha256":"XMRFDTyHHBUrycVj9egwIEMJ7bQVCfoL+0iSn61Tzvg="},"alertecon_small.png":{"contentType":"image/png","lastModified":1789163330000,"length":5654,"url":"https://earthquake.usgs.gov/product/losspager/us7000tgrk/us/1789163332043/alertecon_small.png","sha256":"zzFac6onO0Gcqt+auG26G+M5nH6E9Fu0RT6eoPE6sBg="},"alertecon_smaller.png":{"contentType":"image/png","lastModified":1789163330000,"length":3334,"url":"https://earthquake.usgs.gov/product/losspager/us7000tgrk/us/1789163332043/alertecon_smaller.png","sha256":"oZAPS2qSOCXwfUKq8V2nke5Ne2+EJPUuD7k2FlAUz7g="},"historical_earthquakes.json":{"contentType":"application/json","lastModified":1789163330000,"length":1545,"url":"https://earthquake.usgs.gov/product/losspager/us7000tgrk/us/1789163332043/historical_earthquakes.json","sha256":"GRnk8VuW5VgUbuh8nvAFPW7quCjt7+gmOr2ENnmdAco="}}}],"moment-tensor":[{"indexid":28585847,"indexTime":1789217877168,"id":"urn:usgs-product:us:moment-tensor:us_7000tgrk_mww:1789217862040","type":"moment-tensor","code":"us_7000tgrk_mww","source":"us","updateTime":1789217862040,"status":"UPDATE","properties":{"beachball-source":"us","depth":"372","derived-depth":"340.5","derived-eventtime":"2026-09-11T21:24:02.500Z","derived-latitude":"-5.0522","derived-longitude":"107.2057","derived-magnitude":"6.5","derived-magnitude-type":"Mww","evaluation-status":"confirmed","eventParametersPublicID":"quakeml:us.anss.org/eventparameters/7000tgrk/1789217869","eventsource":"us","eventsourcecode":"7000tgrk","eventtime":"2026-09-11T21:23:56.000Z","latitude":"-5.0522","longitude":"106.9045","n-axis-azimuth":"328","n-axis-length":"-9.97353E+16","n-axis-plunge":"30","nodal-plane-1-dip":"89.34","nodal-plane-1-rake":"-59.97","nodal-plane-1-strike":"148.02","nodal-plane-2-dip":"30.03","nodal-plane-2-rake":"-178.69","nodal-plane-2-strike":"239.16","p-axis-azimuth":"85","p-axis-length":"-6.69498E+18","p-axis-plunge":"38","pdl-client-version":"Version 3.5.4 2026-01-22","percent-double-couple":"0.9706","quakeml-publicid":"quakeml:us.anss.org/focalmechanism/7000tgrk/mww","review-status":"reviewed","scalar-moment":"6.75E+18","sourcetime-decaytime":"4","sourcetime-duration":"9","sourcetime-risetime":"5","sourcetime-type":"triangle","t-axis-azimuth":"212","t-axis-length":"6.79471E+18","t-axis-plunge":"37","tensor-mpp":"-2.9178E+18","tensor-mrp":"4.9381E+18","tensor-mrr":"-1.217E+17","tensor-mrt":"-3.1138E+18","tensor-mtp":"-1.5926E+18","tensor-mtt":"3.0395E+18"},"preferredWeight":218,"contents":{"contents.xml":{"contentType":"application/xml","lastModified":1789217871000,"length":195,"url":"https://earthquake.usgs.gov/product/moment-tensor/us_7000tgrk_mww/us/1789217862040/contents.xml","sha256":"ABhLiaqdYWmIak24eD/csBAWouBShhatD9bUzLNEZFk="},"quakeml.xml":{"contentType":"application/xml","lastModified":1789217862000,"length":15747,"url":"https://earthquake.usgs.gov/product/moment-tensor/us_7000tgrk_mww/us/1789217862040/quakeml.xml","sha256":"8HZR0Pk97aFL5lwDFq61nUbsSsV4jA7Fw84UdAaBj3s="}}},{"indexid":28585848,"indexTime":1789217877555,"id":"urn:usgs-product:us:moment-tensor:us_7000tgrk_mwc:1789217862040","type":"moment-tensor","code":"us_7000tgrk_mwc","source":"us","updateTime":1789217862040,"status":"UPDATE","properties":{"beachball-source":"us","depth":"372","derived-depth":"370.7","derived-eventtime":"2026-09-11T21:24:03.200Z","derived-latitude":"-5.5406","derived-longitude":"106.7929","derived-magnitude":"6.5","derived-magnitude-type":"Mwc","evaluation-status":"preliminary","eventParametersPublicID":"quakeml:us.anss.org/eventparameters/7000tgrk/1789217869","eventsource":"us","eventsourcecode":"7000tgrk","eventtime":"2026-09-11T21:23:56.000Z","latitude":"-5.0522","longitude":"106.9045","n-axis-azimuth":"330","n-axis-length":"-6.22516E+17","n-axis-plunge":"32","nodal-plane-1-dip":"32.07","nodal-plane-1-rake":"-178.25","nodal-plane-1-strike":"241.8","nodal-plane-2-dip":"89.07","nodal-plane-2-rake":"-57.94","nodal-plane-2-strike":"150.32","p-axis-azimuth":"89","p-axis-length":"-6.48675E+18","p-axis-plunge":"38","pdl-client-version":"Version 3.5.4 2026-01-22","percent-double-couple":"0.8249","quakeml-publicid":"quakeml:us.anss.org/focalmechanism/7000tgrk/mwc","review-status":"reviewed","scalar-moment":"6.8E+18","sourcetime-decaytime":"4.87","sourcetime-duration":"9.74","sourcetime-risetime":"4.87","sourcetime-type":"triangle","t-axis-azimuth":"213","t-axis-length":"7.10927E+18","t-axis-plunge":"36","tensor-mpp":"-2.8225E+18","tensor-mrp":"4.82E+18","tensor-mrr":"-1.384E+17","tensor-mrt":"-3.1631E+18","tensor-mtp":"-2.2112E+18","tensor-mtt":"2.961E+18"},"preferredWeight":160,"contents":{"contents.xml":{"contentType":"application/xml","lastModified":1789217871000,"length":195,"url":"https://earthquake.usgs.gov/product/moment-tensor/us_7000tgrk_mwc/us/1789217862040/contents.xml","sha256":"ABhLiaqdYWmIak24eD/csBAWouBShhatD9bUzLNEZFk="},"quakeml.xml":{"contentType":"application/xml","lastModified":1789217862000,"length":15107,"url":"https://earthquake.usgs.gov/product/moment-tensor/us_7000tgrk_mwc/us/1789217862040/quakeml.xml","sha256":"NeBPXgJSk+QHne02VOiydnT/dqPsJTHe8DAjREGVBmU="}}},{"indexid":28585849,"indexTime":1789217878712,"id":"urn:usgs-product:us:moment-tensor:us_7000tgrk_mwb:1789217862040","type":"moment-tensor","code":"us_7000tgrk_mwb","source":"us","updateTime":1789217862040,"status":"UPDATE","properties":{"beachball-source":"us","depth":"372","derived-depth":"374","derived-eventtime":"2026-09-11T21:23:56.000Z","derived-latitude":"-5.0522","derived-longitude":"106.9045","derived-magnitude":"6.5","derived-magnitude-type":"Mwb","evaluation-status":"preliminary","eventParametersPublicID":"quakeml:us.anss.org/eventparameters/7000tgrk/1789217869","eventsource":"us","eventsourcecode":"7000tgrk","eventtime":"2026-09-11T21:23:56.000Z","latitude":"-5.0522","longitude":"106.9045","n-axis-azimuth":"332","n-axis-length":"-1.6392E+17","n-axis-plunge":"26","nodal-plane-1-dip":"86.17","nodal-plane-1-rake":"-64.01","nodal-plane-1-strike":"153.75","nodal-plane-2-dip":"26.25","nodal-plane-2-rake":"-171.32","nodal-plane-2-strike":"251.55","p-axis-azimuth":"89","p-axis-length":"-7.50195E+18","p-axis-plunge":"43","pdl-client-version":"Version 3.5.4 2026-01-22","percent-double-couple":"0.9572","quakeml-publicid":"quakeml:us.anss.org/focalmechanism/7000tgrk/mwb","review-status":"reviewed","scalar-moment":"7.59E+18","t-axis-azimuth":"221","t-axis-length":"7.66587E+18","t-axis-plunge":"36","tensor-mpp":"-1.862E+18","tensor-mrp":"6.1122E+18","tensor-mrr":"-8.733E+17","tensor-mrt":"-2.8743E+18","tensor-mtp":"-2.4616E+18","tensor-mtt":"2.7353E+18"},"preferredWeight":159,"contents":{"contents.xml":{"contentType":"application/xml","lastModified":1789217871000,"length":195,"url":"https://earthquake.usgs.gov/product/moment-tensor/us_7000tgrk_mwb/us/1789217862040/contents.xml","sha256":"ABhLiaqdYWmIak24eD/csBAWouBShhatD9bUzLNEZFk="},"quakeml.xml":{"contentType":"application/xml","lastModified":1789217862000,"length":38521,"url":"https://earthquake.usgs.gov/product/moment-tensor/us_7000tgrk_mwb/us/1789217862040/quakeml.xml","sha256":"jtur0pqY0AchRTsOBxLijFGzGGKzbglyyUVr15sMaRo="}}}],"origin":[{"indexid":28585845,"indexTime":1789217874596,"id":"urn:usgs-product:us:origin:us7000tgrk:1789217862040","type":"origin","code":"us7000tgrk","source":"us","updateTime":1789217862040,"status":"UPDATE","properties":{"azimuthal-gap":"23","depth":"372","depth-type":"from modeling of broad-band P waveforms","error-ellipse-azimuth":"263","error-ellipse-intermediate":"13027","error-ellipse-major":"14919","error-ellipse-minor":"2962","error-ellipse-plunge":"0","error-ellipse-rotation":"89","evaluation-status":"preliminary","event-type":"earthquake","eventParametersPublicID":"quakeml:us.anss.org/eventparameters/7000tgrk/1789217869","eventsource":"us","eventsourcecode":"7000tgrk","eventtime":"2026-09-11T21:23:55.907Z","eventtime-error":"1.48","horizontal-error":"9.17","latitude":"-4.9832","latitude-error":"0.0772","longitude":"106.8742","longitude-error":"0.0885","magnitude":"6.5","magnitude-error":"0.043","magnitude-num-stations-used":"51","magnitude-source":"us","magnitude-type":"mww","minimum-distance":"5.557","num-phases-used":"118","num-stations-used":"116","origin-source":"us","pdl-client-version":"Version 3.5.4 2026-01-22","quakeml-magnitude-publicid":"quakeml:us.anss.org/magnitude/7000tgrk/mww","quakeml-origin-publicid":"quakeml:us.anss.org/origin/7000tgrk","quakeml-publicid":"quakeml:us.anss.org/event/7000tgrk","review-status":"reviewed","standard-error":"0.73","title":"126 km NNE of Teluknaga, Indonesia","vertical-error":"1.949"},"preferredWeight":158,"contents":{"contents.xml":{"contentType":"application/xml","lastModified":1789217871000,"length":195,"url":"https://earthquake.usgs.gov/product/origin/us7000tgrk/us/1789217862040/contents.xml","sha256":"ABhLiaqdYWmIak24eD/csBAWouBShhatD9bUzLNEZFk="},"quakeml.xml":{"contentType":"application/xml","lastModified":1789217862000,"length":3853,"url":"https://earthquake.usgs.gov/product/origin/us7000tgrk/us/1789217862040/quakeml.xml","sha256":"5rBJP2dU3vwQcvNTou/ieucP6exdZqojq7H9AiAtv9E="}}},{"indexid":28583280,"indexTime":1789162918932,"id":"urn:usgs-product:us:origin:us7000tgrk:1789162910040","type":"origin","code":"us7000tgrk","source":"us","updateTime":1789162910040,"status":"UPDATE","properties":{"azimuthal-gap":"23","depth":"358.597","depth-type":"from location","error-ellipse-azimuth":"268","error-ellipse-intermediate":"13601","error-ellipse-major":"15386","error-ellipse-minor":"10282","error-ellipse-plunge":"1","error-ellipse-rotation":"80","evaluation-status":"preliminary","event-type":"earthquake","eventParametersPublicID":"quakeml:us.anss.org/eventparameters/7000tgrk/1789162913","eventsource":"us","eventsourcecode":"7000tgrk","eventtime":"2026-09-11T21:23:55.001Z","eventtime-error":"2.03","horizontal-error":"9.49","latitude":"-5.0932","latitude-error":"0.0800","longitude":"106.9030","longitude-error":"0.0914","magnitude":"6.6","magnitude-error":"0.098","magnitude-num-stations-used":"10","magnitude-source":"us","magnitude-type":"mww","minimum-distance":"5.456","num-phases-used":"90","num-stations-used":"88","origin-source":"us","pdl-client-version":"Version 3.5.4 2026-01-22","quakeml-magnitude-publicid":"quakeml:us.anss.org/magnitude/7000tgrk/mww","quakeml-origin-publicid":"quakeml:us.anss.org/origin/7000tgrk","quakeml-publicid":"quakeml:us.anss.org/event/7000tgrk","review-status":"reviewed","standard-error":"1.00","title":"115 km NNE of Teluknaga, Indonesia","vertical-error":"6.835"},"preferredWeight":158,"contents":{"contents.xml":{"contentType":"application/xml","lastModified":1789162915000,"length":195,"url":"https://earthquake.usgs.gov/product/origin/us7000tgrk/us/1789162910040/contents.xml","sha256":"ABhLiaqdYWmIak24eD/csBAWouBShhatD9bUzLNEZFk="},"quakeml.xml":{"contentType":"application/xml","lastModified":1789162910000,"length":3758,"url":"https://earthquake.usgs.gov/product/origin/us7000tgrk/us/1789162910040/quakeml.xml","sha256":"DkpdM+P5Ka78VD1Y2CzNruROnvXAM976q956cFeIZAE="}}}],"phase-data":[{"indexid":28585846,"indexTime":1789217876268,"id":"urn:usgs-product:us:phase-data:us7000tgrk:1789217862040","type":"phase-data","code":"us7000tgrk","source":"us","updateTime":1789217862040,"status":"UPDATE","properties":{"azimuthal-gap":"23","depth":"372","depth-type":"from modeling of broad-band P waveforms","error-ellipse-azimuth":"263","error-ellipse-intermediate":"13027","error-ellipse-major":"14919","error-ellipse-minor":"2962","error-ellipse-plunge":"0","error-ellipse-rotation":"89","evaluation-status":"preliminary","event-type":"earthquake","eventParametersPublicID":"quakeml:us.anss.org/eventparameters/7000tgrk/1789217869","eventsource":"us","eventsourcecode":"7000tgrk","eventtime":"2026-09-11T21:23:55.907Z","eventtime-error":"1.48","horizontal-error":"9.17","latitude":"-4.9832","latitude-error":"0.0772","longitude":"106.8742","longitude-error":"0.0885","magnitude":"6.5","magnitude-error":"0.043","magnitude-num-stations-used":"51","magnitude-source":"us","magnitude-type":"mww","minimum-distance":"5.557","num-phases-used":"118","num-stations-used":"116","origin-source":"us","pdl-client-version":"Version 3.5.4 2026-01-22","quakeml-magnitude-publicid":"quakeml:us.anss.org/magnitude/7000tgrk/mww","quakeml-origin-publicid":"quakeml:us.anss.org/origin/7000tgrk","quakeml-publicid":"quakeml:us.anss.org/event/7000tgrk","review-status":"reviewed","standard-error":"0.73","vertical-error":"1.949"},"preferredWeight":158,"contents":{"contents.xml":{"contentType":"application/xml","lastModified":1789217871000,"length":195,"url":"https://earthquake.usgs.gov/product/phase-data/us7000tgrk/us/1789217862040/contents.xml","sha256":"ABhLiaqdYWmIak24eD/csBAWouBShhatD9bUzLNEZFk="},"quakeml.xml":{"contentType":"application/xml","lastModified":1789217862000,"length":609670,"url":"https://earthquake.usgs.gov/product/phase-data/us7000tgrk/us/1789217862040/quakeml.xml","sha256":"tY5MvTGgpbpwrq65B/w1aMebxGSYUotzOcvQ2TFcya4="}}},{"indexid":28583281,"indexTime":1789162920236,"id":"urn:usgs-product:us:phase-data:us7000tgrk:1789162910040","type":"phase-data","code":"us7000tgrk","source":"us","updateTime":1789162910040,"status":"UPDATE","properties":{"azimuthal-gap":"23","depth":"358.597","depth-type":"from location","error-ellipse-azimuth":"268","error-ellipse-intermediate":"13601","error-ellipse-major":"15386","error-ellipse-minor":"10282","error-ellipse-plunge":"1","error-ellipse-rotation":"80","evaluation-status":"preliminary","event-type":"earthquake","eventParametersPublicID":"quakeml:us.anss.org/eventparameters/7000tgrk/1789162913","eventsource":"us","eventsourcecode":"7000tgrk","eventtime":"2026-09-11T21:23:55.001Z","eventtime-error":"2.03","horizontal-error":"9.49","latitude":"-5.0932","latitude-error":"0.0800","longitude":"106.9030","longitude-error":"0.0914","magnitude":"6.6","magnitude-error":"0.098","magnitude-num-stations-used":"10","magnitude-source":"us","magnitude-type":"mww","minimum-distance":"5.456","num-phases-used":"90","num-stations-used":"88","origin-source":"us","pdl-client-version":"Version 3.5.4 2026-01-22","quakeml-magnitude-publicid":"quakeml:us.anss.org/magnitude/7000tgrk/mww","quakeml-origin-publicid":"quakeml:us.anss.org/origin/7000tgrk","quakeml-publicid":"quakeml:us.anss.org/event/7000tgrk","review-status":"reviewed","standard-error":"1.00","vertical-error":"6.835"},"preferredWeight":158,"contents":{"contents.xml":{"contentType":"application/xml","lastModified":1789162915000,"length":195,"url":"https://earthquake.usgs.gov/product/phase-data/us7000tgrk/us/1789162910040/contents.xml","sha256":"ABhLiaqdYWmIak24eD/csBAWouBShhatD9bUzLNEZFk="},"quakeml.xml":{"contentType":"application/xml","lastModified":1789162910000,"length":476585,"url":"https://earthquake.usgs.gov/product/phase-data/us7000tgrk/us/1789162910040/quakeml.xml","sha256":"wGcoxtRxxyZi0rK64zyulyjCKh1oR4/LEx/4bK8lnks="}}}],"shakemap":[{"indexid":28586681,"indexTime":1789248427849,"id":"urn:usgs-product:us:shakemap:us7000tgrk:1789248418779","type":"shakemap","code":"us7000tgrk","source":"us","updateTime":1789248418779,"status":"UPDATE","properties":{"depth":"372.0","event-description":"USGS NEIC ShakeMap","event-type":"ACTUAL","eventsource":"us","eventsourcecode":"7000tgrk","eventtime":"2026-09-11T21:23:55.907Z","gmice":"WGRW12","latitude":"-4.9832","longitude":"106.8742","magnitude":"6.5","map-status":"automatic","maximum-latitude":"-4.075","maximum-longitude":"107.79","maxmmi":"3.013","maxmmi-grid":"3.167","maxpga":"0.005","maxpga-grid":"0.006","maxpgv":"0.459","maxpgv-grid":"0.584","maxpsa03":"0.011","maxpsa03-grid":"0.014","maxpsa10":"0.005","maxpsa10-grid":"0.006","maxpsa30":"0.001","maxpsa30-grid":"0.001","minimum-latitude":"-5.892","minimum-longitude":"105.967","pdl-client-version":"Version 3.5.5 2026-07-28","process-timestamp":"2026-09-12T21:26:15Z","review-status":"automatic","reviewed-origin":"True","shakemap-code-version":"4.5.0","version":"4"},"preferredWeight":183,"contents":{"download/coverage_psa3p0_high_res.covjson":{"contentType":"application/octet-stream","lastModified":1789248415000,"length":246955,"url":"https://earthquake.usgs.gov/product/shakemap/us7000tgrk/us/1789248418779/download/coverage_psa3p0_high_res.covjson","sha256":"YIxjD3WWHqIzCFLoL4ac79ivorNK3O6WrrMPaWv8aww="},"download/coverage_psa3p0_medium_res.covjson":{"contentType":"application/octet-stream","lastModified":1789248415000,"length":62880,"url":"https://earthquake.usgs.gov/product/shakemap/us7000tgrk/us/1789248418779/download/coverage_psa3p0_medium_res.covjson","sha256":"oLNeQS8RCC7v74qN86oCGjFOdSR6xXVC3ekIKJ753qk="},"download/coverage_pgv_high_res.covjson":{"contentType":"application/octet-stream","lastModified":1789248414000,"length":244860,"url":"https://earthquake.usgs.gov/product/shakemap/us7000tgrk/us/1789248418779/download/coverage_pgv_high_res.covjson","sha256":"lGC240mWKdzqYUjs9G3HA/HwHpzNwSbtTrMr3qDcxE0="},"download/mmi_legend.png":{"contentType":"image/png","lastModified":1789248415000,"length":37764,"url":"https://earthquake.usgs.gov/product/shakemap/us7000tgrk/us/1789248418779/download/mmi_legend.png","sha256":"9nBfza/N9UADmRAtU9UFLldwtD+rJiXigJG8ab5N1I4="},"download/rupture.json":{"contentType":"application/json","lastModified":1789248416000,"length":503,"url":"https://earthquake.usgs.gov/product/shakemap/us7000tgrk/us/1789248418779/download/rupture.json","sha256":"umK0gsTqK652nWkXBCbDxqEaHSJm1/Bnhdg0NUiMDJE="},"download/info.json":{"contentType":"application/json","lastModified":1789248415000,"length":5613,"url":"https://earthquake.usgs.gov/product/shakemap/us7000tgrk/us/1789248418779/download/info.json","sha256":"1F0ahhBpGHtqR+m6EaOtS1F/2nqPwylOMqq9v+c7Rpo="},"download/coverage_psa0p3_high_res.covjson":{"contentType":"application/octet-stream","lastModified":1789248414000,"length":244285,"url":"https://earthquake.usgs.gov/product/shakemap/us7000tgrk/us/1789248418779/download/coverage_psa0p3_high_res.covjson","sha256":"SWxwkEMlvqasr8TeQ4hq1wmEE6d93HqbZIR74THUmVU="},"download/psa3p0.jpg":{"contentType":"image/jpeg","lastModified":1789248416000,"length":71045,"url":"https://earthquake.usgs.gov/product/shakemap/us7000tgrk/us/1789248418779/download/psa3p0.jpg","sha256":"QeAd4yE9pF2MSvRDO/anaXUGmXQqTgPepG1ZI+vAkIs="},"download/cont_psa0p3.json":{"contentType":"application/json","lastModified":1789248414000,"length":1478,"url":"https://earthquake.usgs.gov/product/shakemap/us7000tgrk/us/1789248418779/download/cont_psa0p3.json","sha256":"ykjaCF+ZW0vu11o4lHnZgeC6n7Meaxtk5jO3QQRYzrU="},"download/coverage_pga_high_res.covjson":{"contentType":"application/octet-stream","lastModified":1789248414000,"length":243445,"url":"https://earthquake.usgs.gov/product/shakemap/us7000tgrk/us/1789248418779/download/coverage_pga_high_res.covjson","sha256":"wkF4+SVuJVo/BWV/5jfmM2eCsx7s/DkZPrB1StP1J7E="},"download/coverage_psa0p3_low_res.covjson":{"contentType":"application/octet-stream","lastModified":1789248414000,"length":16092,"url":"https://earthquake.usgs.gov/product/shakemap/us7000tgrk/us/1789248418779/download/coverage_psa0p3_low_res.covjson","sha256":"GWZq8zn9kPczopyjKH/d1a0ea4LCJ49noB/jkuHfAoM="},"download/attenuation_curves.json":{"contentType":"application/json","lastModified":1789248413000,"length":30865,"url":"https://earthquake.usgs.gov/product/shakemap/us7000tgrk/us/1789248418779/download/attenuation_curves.json","sha256":"FFIC7ikELCbY//1KtPjc49Y5c07kNd+zrbz8gSMrHoc="},"download/coverage_psa0p6_high_res.covjson":{"contentType":"application/octet-stream","lastModified":1789248414000,"length":243647,"url":"https://earthquake.usgs.gov/product/shakemap/us7000tgrk/us/1789248418779/download/coverage_psa0p6_high_res.covjson","sha256":"Zif+1YbHneMCwKO62QqEsYQ/5Jw45/EIbhQFO4hyKd4="},"download/intensity.jpg":{"contentType":"image/jpeg","lastModified":1789248415000,"length":87978,"url":"https://earthquake.usgs.gov/product/shakemap/us7000tgrk/us/1789248418779/download/intensity.jpg","sha256":"p4L0PEPWNIqdNU/q2EXWB2ePHTvsIfR6pVMjl3vsPiQ="},"download/raster.zip":{"contentType":"application/zip","lastModified":1789248416000,"length":1328238,"url":"https://earthquake.usgs.gov/product/shakemap/us7000tgrk/us/1789248418779/download/raster.zip","sha256":"Jo51QEAbrxorPNa7wblADcQYfLY7r5lqwWo8gs7vBuU="},"download/coverage_psa0p6_low_res.covjson":{"contentType":"application/octet-stream","lastModified":1789248414000,"length":16055,"url":"https://earthquake.usgs.gov/product/shakemap/us7000tgrk/us/1789248418779/download/coverage_psa0p6_low_res.covjson","sha256":"jyobIOGV4/rm45+QXqVL+RaKfJL4+IoiPxkJ8EVmojA="},"download/pga.pdf":{"contentType":"application/pdf","lastModified":1789248415000,"length":64123,"url":"https://earthquake.usgs.gov/product/shakemap/us7000tgrk/us/1789248418779/download/pga.pdf","sha256":"3/mzJova3pR5vluL1m/w4oclluFm8wvJTSNPediht30="},"download/psa0p6_regr.png":{"contentType":"image/png","lastModified":1789248416000,"length":82864,"url":"https://earthquake.usgs.gov/product/shakemap/us7000tgrk/us/1789248418779/download/psa0p6_regr.png","sha256":"+A28AJcc2wy8buk99+3yEfgPV+n0OCFFr0voiLFfu9M="},"download/pga_regr.png":{"contentType":"image/png","lastModified":1789248415000,"length":86546,"url":"https://earthquake.usgs.gov/product/shakemap/us7000tgrk/us/1789248418779/download/pga_regr.png","sha256":"zOqKyENYA64qtBd9ROg50N3tao45ZzEA+x2p96o7KYM="},"download/coverage_mmi_low_res.covjson":{"contentType":"application/octet-stream","lastModified":1789248414000,"length":11334,"url":"https://earthquake.usgs.gov/product/shakemap/us7000tgrk/us/1789248418779/download/coverage_mmi_low_res.covjson","sha256":"RExMnOXEwDdr1Mk0Ua5SLj4KtDy/lQdw2CVGulXBVug="},"download/coverage_mmi_high_res.covjson":{"contentType":"application/octet-stream","lastModified":1789248414000,"length":165769,"url":"https://earthquake.usgs.gov/product/shakemap/us7000tgrk/us/1789248418779/download/coverage_mmi_high_res.covjson","sha256":"hKxtAlXUyoG1Q1di/zP5Zh+MrOfILWk92lcXstV1Y9o="},"download/intensity.pdf":{"contentType":"application/pdf","lastModified":1789248415000,"length":60756,"url":"https://earthquake.usgs.gov/product/shakemap/us7000tgrk/us/1789248418779/download/intensity.pdf","sha256":"H/qHuHlvNWOGKFWiqlkbnUN6cvw0y+JXtO/xgrJCpv4="},"download/mmi_regr.png":{"contentType":"image/png","lastModified":1789248415000,"length":76317,"url":"https://earthquake.usgs.gov/product/shakemap/us7000tgrk/us/1789248418779/download/mmi_regr.png","sha256":"q6bttMKHrugvgXUHjmDsjRxBFeqL0/6e8gOsCZnCrFY="},"download/psa3p0.pdf":{"contentType":"application/pdf","lastModified":1789248416000,"length":62937,"url":"https://earthquake.usgs.gov/product/shakemap/us7000tgrk/us/1789248418779/download/psa3p0.pdf","sha256":"MEknZTq0aRoDH2LOUkZ87ICrDtsBfVzRJBfeGA8sb1I="},"download/coverage_psa1p0_high_res.covjson":{"contentType":"application/octet-stream","lastModified":1789248415000,"length":246197,"url":"https://earthquake.usgs.gov/product/shakemap/us7000tgrk/us/1789248418779/download/coverage_psa1p0_high_res.covjson","sha256":"oiVduO+awQfnpH4k3lhdvtKxvt6NkX/vD+0h1zICF6I="},"download/uncertainty.xml":{"contentType":"application/xml","lastModified":1789248417000,"length":2619251,"url":"https://earthquake.usgs.gov/product/shakemap/us7000tgrk/us/1789248418779/download/uncertainty.xml","sha256":"UFGASZl2WMa/l9fvJH1opzDuvEm3gy9ZB6/sHLfbOL0="},"download/pin-thumbnail.png":{"contentType":"image/png","lastModified":1789248416000,"length":21422,"url":"https://earthquake.usgs.gov/product/shakemap/us7000tgrk/us/1789248418779/download/pin-thumbnail.png","sha256":"xNy8P1VIYs3cuUHykl1+ru3NJFShiQTKZ5HgLMJqhjw="},"download/cont_mmi.json":{"contentType":"application/json","lastModified":1789248414000,"length":278,"url":"https://earthquake.usgs.gov/product/shakemap/us7000tgrk/us/1789248418779/download/cont_mmi.json","sha256":"ioC5QZRvSALEoq9h+305epQJa4GBETHke2vR/5imK1U="},"download/coverage_pgv_low_res.covjson":{"contentType":"application/octet-stream","lastModified":1789248414000,"length":16129,"url":"https://earthquake.usgs.gov/product/shakemap/us7000tgrk/us/1789248418779/download/coverage_pgv_low_res.covjson","sha256":"Ub6M55HDD84zHwTLDpOy2HwMfw0Jcq3g3O8+ZsatQNk="},"download/coverage_mmi_medium_res.covjson":{"contentType":"application/octet-stream","lastModified":1789248414000,"length":42549,"url":"https://earthquake.usgs.gov/product/shakemap/us7000tgrk/us/1789248418779/download/coverage_mmi_medium_res.covjson","sha256":"3eI3otgi3YJf2ShVzJT4dJLE8Vg+yozazpPe7EFDViY="},"download/pgv.pdf":{"contentType":"application/pdf","lastModified":1789248415000,"length":64274,"url":"https://earthquake.usgs.gov/product/shakemap/us7000tgrk/us/1789248418779/download/pgv.pdf","sha256":"P5uFocmtnSCoOG6udVydBWgDwyELA0juescBygnFaO8="},"contents.xml":{"contentType":"application/xml","lastModified":1789248413000,"length":13729,"url":"https://earthquake.usgs.gov/product/shakemap/us7000tgrk/us/1789248418779/contents.xml","sha256":"MDhT+pDMpPMsUqdlalhm4w5M735HOAjbJLJifS63LF4="},"download/cont_psa1p0.json":{"contentType":"application/json","lastModified":1789248414000,"length":1527,"url":"https://earthquake.usgs.gov/product/shakemap/us7000tgrk/us/1789248418779/download/cont_psa1p0.json","sha256":"77hi/q5nwbqhEzEE9HyTj3my2K/NO0MM5DaC4ZQ1BnE="},"download/cont_psa3p0.json":{"contentType":"application/json","lastModified":1789248414000,"length":1502,"url":"https://earthquake.usgs.gov/product/shakemap/us7000tgrk/us/1789248418779/download/cont_psa3p0.json","sha256":"I/m83HsJQLh+QYYMCn69zdcoMI5VZIRzdHRJK0/HR00="},"download/psa1p0.pdf":{"contentType":"application/pdf","lastModified":1789248416000,"length":64659,"url":"https://earthquake.usgs.gov/product/shakemap/us7000tgrk/us/1789248418779/download/psa1p0.pdf","sha256":"e1l93LBGar6Ika2dtnLDFLJDCIWj8wx4YaO66YnfHMo="},"download/coverage_pgv_medium_res.covjson":{"contentType":"application/octet-stream","lastModified":1789248414000,"length":62343,"url":"https://earthquake.usgs.gov/product/shakemap/us7000tgrk/us/1789248418779/download/coverage_pgv_medium_res.covjson","sha256":"SEUc9hq/qkGQzkPZmCoIAs2HAhD6QHdlV/3m8ongyCA="},"download/psa1p0_regr.png":{"contentType":"image/png","lastModified":1789248416000,"length":81403,"url":"https://earthquake.usgs.gov/product/shakemap/us7000tgrk/us/1789248418779/download/psa1p0_regr.png","sha256":"w4u4aoG9O8IPJpbU42pwbH2lNt1K3DuOZF9t8KWLmPw="},"download/cont_psa0p6.json":{"contentType":"application/json","lastModified":1789248414000,"length":1498,"url":"https://earthquake.usgs.gov/product/shakemap/us7000tgrk/us/1789248418779/download/cont_psa0p6.json","sha256":"zRzReNb7dq5n4PuTfey2LaycHmjvumlMYd09UxojswQ="},"download/coverage_psa3p0_low_res.covjson":{"contentType":"application/octet-stream","lastModified":1789248415000,"length":16260,"url":"https://earthquake.usgs.gov/product/shakemap/us7000tgrk/us/1789248418779/download/coverage_psa3p0_low_res.covjson","sha256":"JzxC0nLnZ9CY4AHQjbpi9Vu5ZUphCkSdJ5k4Ch7tIqk="},"download/pga.jpg":{"contentType":"image/jpeg","lastModified":1789248415000,"length":70130,"url":"https://earthquake.usgs.gov/product/shakemap/us7000tgrk/us/1789248418779/download/pga.jpg","sha256":"fjLpPwZZzOQfohIe9Lx+OJnlUMXPpZX0zyU67eHg/NU="},"download/coverage_psa1p0_medium_res.covjson":{"contentType":"application/octet-stream","lastModified":1789248415000,"length":62700,"url":"https://earthquake.usgs.gov/product/shakemap/us7000tgrk/us/1789248418779/download/coverage_psa1p0_medium_res.covjson","sha256":"UvE8ELZwkxy3nLPM9+ZjYEWe7dm17IVsfJZOZyWFeKM="},"download/psa0p3.jpg":{"contentType":"image/jpeg","lastModified":1789248416000,"length":70941,"url":"https://earthquake.usgs.gov/product/shakemap/us7000tgrk/us/1789248418779/download/psa0p3.jpg","sha256":"jFXk4zcxZXyF1PAe1/n/sT3lPTlMx0HTO67jht3J9DU="},"download/shake_result.hdf":{"contentType":"application/octet-stream","lastModified":1789248416000,"length":3230171,"url":"https://earthquake.usgs.gov/product/shakemap/us7000tgrk/us/1789248418779/download/shake_result.hdf","sha256":"/75dROlVcrnEGF7cEMVF0LsEFEk06zWYmbKfxnxd61I="},"download/cont_pga.json":{"contentType":"application/json","lastModified":1789248414000,"length":1478,"url":"https://earthquake.usgs.gov/product/shakemap/us7000tgrk/us/1789248418779/download/cont_pga.json","sha256":"sb2KnV87xwpip0lRHABnljtGWg2/SL+f1/LeW7WpzlE="},"download/pgv.jpg":{"contentType":"image/jpeg","lastModified":1789248415000,"length":70255,"url":"https://earthquake.usgs.gov/product/shakemap/us7000tgrk/us/1789248418779/download/pgv.jpg","sha256":"g+40qJ3UxyuRyv83wBzMX7EU/EqJCj4aQIO4ZuyjqVw="},"download/psa0p6.pdf":{"contentType":"application/pdf","lastModified":1789248416000,"length":51983,"url":"https://earthquake.usgs.gov/product/shakemap/us7000tgrk/us/1789248418779/download/psa0p6.pdf","sha256":"7mIzH3ciUsJzcUTveToECe3J9GrjodQOEJd+n9V8Cyo="},"download/psa1p0.jpg":{"contentType":"image/jpeg","lastModified":1789248416000,"length":71361,"url":"https://earthquake.usgs.gov/product/shakemap/us7000tgrk/us/1789248418779/download/psa1p0.jpg","sha256":"LsY9nuf+kR5do8irvj7glVMbAzBag37P6ImX5U6Om/w="},"download/coverage_psa0p6_medium_res.covjson":{"contentType":"application/octet-stream","lastModified":1789248415000,"length":62059,"url":"https://earthquake.usgs.gov/product/shakemap/us7000tgrk/us/1789248418779/download/coverage_psa0p6_medium_res.covjson","sha256":"NdH9TxnMdnkT8x5suGap4WEy27nFkatgvofUuQAYC5M="},"download/cont_mi.json":{"contentType":"application/json","lastModified":1789248414000,"length":278,"url":"https://earthquake.usgs.gov/product/shakemap/us7000tgrk/us/1789248418779/download/cont_mi.json","sha256":"ioC5QZRvSALEoq9h+305epQJa4GBETHke2vR/5imK1U="},"download/pgv_regr.png":{"contentType":"image/png","lastModified":1789248415000,"length":80264,"url":"https://earthquake.usgs.gov/product/shakemap/us7000tgrk/us/1789248418779/download/pgv_regr.png","sha256":"fpifPqfP3QMmJiGDbg9xviIYB1UdAer3yRvdfRhBtJM="},"download/intensity_overlay.pngw":{"contentType":"application/octet-stream","lastModified":1789248415000,"length":40,"url":"https://earthquake.usgs.gov/product/shakemap/us7000tgrk/us/1789248418779/download/intensity_overlay.pngw","sha256":"inmQa2RO7Jvy42uDJot/OiYXhCO1t5Bx78Ao6WL0wM4="},"download/coverage_pga_low_res.covjson":{"contentType":"application/octet-stream","lastModified":1789248414000,"length":16018,"url":"https://earthquake.usgs.gov/product/shakemap/us7000tgrk/us/1789248418779/download/coverage_pga_low_res.covjson","sha256":"h+kZqQ9rwzL69ZcplTOKjBNmgSqeFwGyOECCvZ9qZHc="},"download/coverage_pga_medium_res.covjson":{"contentType":"application/octet-stream","lastModified":1789248414000,"length":61977,"url":"https://earthquake.usgs.gov/product/shakemap/us7000tgrk/us/1789248418779/download/coverage_pga_medium_res.covjson","sha256":"IRKykQI4j6a1kYhoheGauWSCD5UATFxX3jw7XlWcKYg="},"download/grid.xml":{"contentType":"application/xml","lastModified":1789248415000,"length":2858643,"url":"https://earthquake.usgs.gov/product/shakemap/us7000tgrk/us/1789248418779/download/grid.xml","sha256":"yqEKgH1UQXfND1i6H1KaVU3Y+mdWC4ScksZva4Tb3fw="},"download/coverage_psa1p0_low_res.covjson":{"contentType":"application/octet-stream","lastModified":1789248415000,"length":16215,"url":"https://earthquake.usgs.gov/product/shakemap/us7000tgrk/us/1789248418779/download/coverage_psa1p0_low_res.covjson","sha256":"39mBDMZeZhAxmvG+jdN/UHSkC8vEYFN5NeegZi2YUe4="},"download/intensity_overlay.png":{"contentType":"image/png","lastModified":1789248415000,"length":1851,"url":"https://earthquake.usgs.gov/product/shakemap/us7000tgrk/us/1789248418779/download/intensity_overlay.png","sha256":"zsfcrFrW6MSzf5jMTrMlxa0+qTtPt8HNn72rz+8b/2g="},"download/psa0p3_regr.png":{"contentType":"image/png","lastModified":1789248416000,"length":86276,"url":"https://earthquake.usgs.gov/product/shakemap/us7000tgrk/us/1789248418779/download/psa0p3_regr.png","sha256":"/3DEfixhLYss7dI6YdXT9ELx1jDxSOTpWQb1ZeN6bgo="},"download/stationlist.json":{"contentType":"application/json","lastModified":1789248417000,"length":16539,"url":"https://earthquake.usgs.gov/product/shakemap/us7000tgrk/us/1789248418779/download/stationlist.json","sha256":"f27Z0lSssxQZPO5y5vYodrBPWIhEJMOnYdWU0g0pJIU="},"download/psa0p6.jpg":{"contentType":"image/jpeg","lastModified":1789248416000,"length":64884,"url":"https://earthquake.usgs.gov/product/shakemap/us7000tgrk/us/1789248418779/download/psa0p6.jpg","sha256":"Z9CcxrBLzgclUu+SR0VE+QBSfDGGQKp4cBJoYTHwjq4="},"download/psa3p0_regr.png":{"contentType":"image/png","lastModified":1789248416000,"length":78639,"url":"https://earthquake.usgs.gov/product/shakemap/us7000tgrk/us/1789248418779/download/psa3p0_regr.png","sha256":"urFjg3DBB+QakKDQ4KNBfMamwGTYMqxN7nz8MKHYj4k="},"download/shakemap.kmz":{"contentType":"application/vnd.google-earth.kmz","lastModified":1789248416000,"length":14388,"url":"https://earthquake.usgs.gov/product/shakemap/us7000tgrk/us/1789248418779/download/shakemap.kmz","sha256":"cWmLw+f2N8SUnm4LnynE+wILA9SZn4n2l3ymhL1RPRE="},"download/psa0p3.pdf":{"contentType":"application/pdf","lastModified":1789248416000,"length":64923,"url":"https://earthquake.usgs.gov/product/shakemap/us7000tgrk/us/1789248418779/download/psa0p3.pdf","sha256":"+EhhTUu4Ng5Ww/SKaqMNXxp7hl8NjRIXMfUaytjh5q0="},"download/coverage_psa0p3_medium_res.covjson":{"contentType":"application/octet-stream","lastModified":1789248414000,"length":62220,"url":"https://earthquake.usgs.gov/product/shakemap/us7000tgrk/us/1789248418779/download/coverage_psa0p3_medium_res.covjson","sha256":"pyYOm4Hud6VTAbchbEtHDrwM/I/pDhFlNG+t9XTiN/w="},"download/cont_pgv.json":{"contentType":"application/json","lastModified":1789248414000,"length":1524,"url":"https://earthquake.usgs.gov/product/shakemap/us7000tgrk/us/1789248418779/download/cont_pgv.json","sha256":"PlP88yAMsvl5bOgWviqcTCToD+qTEaGQeckmnaZ4x/0="},"download/shape.zip":{"contentType":"application/zip","lastModified":1789248417000,"length":68136,"url":"https://earthquake.usgs.gov/product/shakemap/us7000tgrk/us/1789248418779/download/shape.zip","sha256":"Ioqsdz0nuwrYAQQNkNRsxQTP2B9QM379JBbF33HamwI="}}},{"indexid":28585860,"indexTime":1789218076168,"id":"urn:usgs-product:us:shakemap:us7000tgrk:1789218067887","type":"shakemap","code":"us7000tgrk","source":"us","updateTime":1789218067887,"status":"UPDATE","properties":{"depth":"372.0","event-description":"USGS NEIC ShakeMap","event-type":"ACTUAL","eventsource":"us","eventsourcecode":"7000tgrk","eventtime":"2026-09-11T21:23:55.907Z","gmice":"WGRW12","latitude":"-4.9832","longitude":"106.8742","magnitude":"6.5","map-status":"automatic","maximum-latitude":"-4.075","maximum-longitude":"107.79","maxmmi":"3.013","maxmmi-grid":"3.167","maxpga":"0.005","maxpga-grid":"0.006","maxpgv":"0.459","maxpgv-grid":"0.584","maxpsa03":"0.011","maxpsa03-grid":"0.014","maxpsa10":"0.005","maxpsa10-grid":"0.006","maxpsa30":"0.001","maxpsa30-grid":"0.001","minimum-latitude":"-5.892","minimum-longitude":"105.967","pdl-client-version":"Version 3.5.5 2026-07-28","process-timestamp":"2026-09-12T13:00:30Z","review-status":"automatic","reviewed-origin":"True","shakemap-code-version":"4.5.0","version":"3"},"preferredWeight":183,"contents":{"download/coverage_psa3p0_high_res.covjson":{"contentType":"application/octet-stream","lastModified":1789218064000,"length":246955,"url":"https://earthquake.usgs.gov/product/shakemap/us7000tgrk/us/1789218067887/download/coverage_psa3p0_high_res.covjson","sha256":"YIxjD3WWHqIzCFLoL4ac79ivorNK3O6WrrMPaWv8aww="},"download/coverage_psa3p0_medium_res.covjson":{"contentType":"application/octet-stream","lastModified":1789218064000,"length":62880,"url":"https://earthquake.usgs.gov/product/shakemap/us7000tgrk/us/1789218067887/download/coverage_psa3p0_medium_res.covjson","sha256":"oLNeQS8RCC7v74qN86oCGjFOdSR6xXVC3ekIKJ753qk="},"download/coverage_pgv_high_res.covjson":{"contentType":"application/octet-stream","lastModified":1789218064000,"length":244860,"url":"https://earthquake.usgs.gov/product/shakemap/us7000tgrk/us/1789218067887/download/coverage_pgv_high_res.covjson","sha256":"lGC240mWKdzqYUjs9G3HA/HwHpzNwSbtTrMr3qDcxE0="},"download/mmi_legend.png":{"contentType":"image/png","lastModified":1789218065000,"length":38041,"url":"https://earthquake.usgs.gov/product/shakemap/us7000tgrk/us/1789218067887/download/mmi_legend.png","sha256":"K9/dIhUxqlYIr7jN/rHBuW13Fi8vTctINJws4Lra7Xg="},"download/rupture.json":{"contentType":"application/json","lastModified":1789218066000,"length":503,"url":"https://earthquake.usgs.gov/product/shakemap/us7000tgrk/us/1789218067887/download/rupture.json","sha256":"18oPsK+ZjqzSZqj719CY1zMIPU2R3m3Vff+oo9+lTeI="},"download/info.json":{"contentType":"application/json","lastModified":1789218064000,"length":5556,"url":"https://earthquake.usgs.gov/product/shakemap/us7000tgrk/us/1789218067887/download/info.json","sha256":"rOrD2JDAjk9lAtMAXGvrF9dDI8n/UWZJ+gbQy8V4/x0="},"download/coverage_psa0p3_high_res.covjson":{"contentType":"application/octet-stream","lastModified":1789218064000,"length":244285,"url":"https://earthquake.usgs.gov/product/shakemap/us7000tgrk/us/1789218067887/download/coverage_psa0p3_high_res.covjson","sha256":"SWxwkEMlvqasr8TeQ4hq1wmEE6d93HqbZIR74THUmVU="},"download/psa3p0.jpg":{"contentType":"image/jpeg","lastModified":1789218065000,"length":71127,"url":"https://earthquake.usgs.gov/product/shakemap/us7000tgrk/us/1789218067887/download/psa3p0.jpg","sha256":"0wElJ+x4qp06Rwemsk0H9pfDIWbCq4ik2zSFqYupPQA="},"download/cont_psa0p3.json":{"contentType":"application/json","lastModified":1789218063000,"length":1478,"url":"https://earthquake.usgs.gov/product/shakemap/us7000tgrk/us/1789218067887/download/cont_psa0p3.json","sha256":"ykjaCF+ZW0vu11o4lHnZgeC6n7Meaxtk5jO3QQRYzrU="},"download/coverage_pga_high_res.covjson":{"contentType":"application/octet-stream","lastModified":1789218063000,"length":243445,"url":"https://earthquake.usgs.gov/product/shakemap/us7000tgrk/us/1789218067887/download/coverage_pga_high_res.covjson","sha256":"wkF4+SVuJVo/BWV/5jfmM2eCsx7s/DkZPrB1StP1J7E="},"download/coverage_psa0p3_low_res.covjson":{"contentType":"application/octet-stream","lastModified":1789218064000,"length":16092,"url":"https://earthquake.usgs.gov/product/shakemap/us7000tgrk/us/1789218067887/download/coverage_psa0p3_low_res.covjson","sha256":"GWZq8zn9kPczopyjKH/d1a0ea4LCJ49noB/jkuHfAoM="},"download/attenuation_curves.json":{"contentType":"application/json","lastModified":1789218063000,"length":30865,"url":"https://earthquake.usgs.gov/product/shakemap/us7000tgrk/us/1789218067887/download/attenuation_curves.json","sha256":"FFIC7ikELCbY//1KtPjc49Y5c07kNd+zrbz8gSMrHoc="},"download/coverage_psa0p6_high_res.covjson":{"contentType":"application/octet-stream","lastModified":1789218064000,"length":243647,"url":"https://earthquake.usgs.gov/product/shakemap/us7000tgrk/us/1789218067887/download/coverage_psa0p6_high_res.covjson","sha256":"Zif+1YbHneMCwKO62QqEsYQ/5Jw45/EIbhQFO4hyKd4="},"download/intensity.jpg":{"contentType":"image/jpeg","lastModified":1789218064000,"length":88030,"url":"https://earthquake.usgs.gov/product/shakemap/us7000tgrk/us/1789218067887/download/intensity.jpg","sha256":"ViPtvijNj7YMa/eHafZNONNm+r4Tzo7IlYJrRjRAXwY="},"download/raster.zip":{"contentType":"application/zip","lastModified":1789218066000,"length":1328238,"url":"https://earthquake.usgs.gov/product/shakemap/us7000tgrk/us/1789218067887/download/raster.zip","sha256":"Ks+UeEfjA+WRWLa4VW67Lwb5C/sxTJ+zqDn7Ci8iJXI="},"download/coverage_psa0p6_low_res.covjson":{"contentType":"application/octet-stream","lastModified":1789218064000,"length":16055,"url":"https://earthquake.usgs.gov/product/shakemap/us7000tgrk/us/1789218067887/download/coverage_psa0p6_low_res.covjson","sha256":"jyobIOGV4/rm45+QXqVL+RaKfJL4+IoiPxkJ8EVmojA="},"download/pga.pdf":{"contentType":"application/pdf","lastModified":1789218065000,"length":64123,"url":"https://earthquake.usgs.gov/product/shakemap/us7000tgrk/us/1789218067887/download/pga.pdf","sha256":"51EWsEpg6Y6PdB27XphXG+7yedntVqhH6ArY4S0gS4Q="},"download/psa0p6_regr.png":{"contentType":"image/png","lastModified":1789218065000,"length":82864,"url":"https://earthquake.usgs.gov/product/shakemap/us7000tgrk/us/1789218067887/download/psa0p6_regr.png","sha256":"+A28AJcc2wy8buk99+3yEfgPV+n0OCFFr0voiLFfu9M="},"download/pga_regr.png":{"contentType":"image/png","lastModified":1789218065000,"length":86546,"url":"https://earthquake.usgs.gov/product/shakemap/us7000tgrk/us/1789218067887/download/pga_regr.png","sha256":"zOqKyENYA64qtBd9ROg50N3tao45ZzEA+x2p96o7KYM="},"download/coverage_mmi_low_res.covjson":{"contentType":"application/octet-stream","lastModified":1789218063000,"length":11334,"url":"https://earthquake.usgs.gov/product/shakemap/us7000tgrk/us/1789218067887/download/coverage_mmi_low_res.covjson","sha256":"RExMnOXEwDdr1Mk0Ua5SLj4KtDy/lQdw2CVGulXBVug="},"download/coverage_mmi_high_res.covjson":{"contentType":"application/octet-stream","lastModified":1789218063000,"length":165769,"url":"https://earthquake.usgs.gov/product/shakemap/us7000tgrk/us/1789218067887/download/coverage_mmi_high_res.covjson","sha256":"hKxtAlXUyoG1Q1di/zP5Zh+MrOfILWk92lcXstV1Y9o="},"download/intensity.pdf":{"contentType":"application/pdf","lastModified":1789218064000,"length":60758,"url":"https://earthquake.usgs.gov/product/shakemap/us7000tgrk/us/1789218067887/download/intensity.pdf","sha256":"lbDxW5/3L+OUKIO/Sg8y9Vir6tTDkoL+ca+uSW8f5NE="},"download/mmi_regr.png":{"contentType":"image/png","lastModified":1789218065000,"length":76317,"url":"https://earthquake.usgs.gov/product/shakemap/us7000tgrk/us/1789218067887/download/mmi_regr.png","sha256":"q6bttMKHrugvgXUHjmDsjRxBFeqL0/6e8gOsCZnCrFY="},"download/psa3p0.pdf":{"contentType":"application/pdf","lastModified":1789218065000,"length":62936,"url":"https://earthquake.usgs.gov/product/shakemap/us7000tgrk/us/1789218067887/download/psa3p0.pdf","sha256":"JQLijkL8Zapwy/gaIifVuB3I9xYi/7la8mvc19ZqfF8="},"download/coverage_psa1p0_high_res.covjson":{"contentType":"application/octet-stream","lastModified":1789218064000,"length":246197,"url":"https://earthquake.usgs.gov/product/shakemap/us7000tgrk/us/1789218067887/download/coverage_psa1p0_high_res.covjson","sha256":"oiVduO+awQfnpH4k3lhdvtKxvt6NkX/vD+0h1zICF6I="},"download/uncertainty.xml":{"contentType":"application/xml","lastModified":1789218066000,"length":2619251,"url":"https://earthquake.usgs.gov/product/shakemap/us7000tgrk/us/1789218067887/download/uncertainty.xml","sha256":"EZDzpJc2lMIDd1Bl7Rpogy370gZnIqbeCzlfRY7X2hI="},"download/pin-thumbnail.png":{"contentType":"image/png","lastModified":1789218065000,"length":21150,"url":"https://earthquake.usgs.gov/product/shakemap/us7000tgrk/us/1789218067887/download/pin-thumbnail.png","sha256":"odXMaExNLuvA7F6r4k/10x4X2IMQb2calpzyUJlEMew="},"download/cont_mmi.json":{"contentType":"application/json","lastModified":1789218063000,"length":278,"url":"https://earthquake.usgs.gov/product/shakemap/us7000tgrk/us/1789218067887/download/cont_mmi.json","sha256":"ioC5QZRvSALEoq9h+305epQJa4GBETHke2vR/5imK1U="},"download/coverage_pgv_low_res.covjson":{"contentType":"application/octet-stream","lastModified":1789218064000,"length":16129,"url":"https://earthquake.usgs.gov/product/shakemap/us7000tgrk/us/1789218067887/download/coverage_pgv_low_res.covjson","sha256":"Ub6M55HDD84zHwTLDpOy2HwMfw0Jcq3g3O8+ZsatQNk="},"download/coverage_mmi_medium_res.covjson":{"contentType":"application/octet-stream","lastModified":1789218063000,"length":42549,"url":"https://earthquake.usgs.gov/product/shakemap/us7000tgrk/us/1789218067887/download/coverage_mmi_medium_res.covjson","sha256":"3eI3otgi3YJf2ShVzJT4dJLE8Vg+yozazpPe7EFDViY="},"download/pgv.pdf":{"contentType":"application/pdf","lastModified":1789218065000,"length":64274,"url":"https://earthquake.usgs.gov/product/shakemap/us7000tgrk/us/1789218067887/download/pgv.pdf","sha256":"cCjcyAF3goIvE+B59eqSEqQJn7Q+j0DfVXuWMsIbhso="},"contents.xml":{"contentType":"application/xml","lastModified":1789218063000,"length":13729,"url":"https://earthquake.usgs.gov/product/shakemap/us7000tgrk/us/1789218067887/contents.xml","sha256":"MDhT+pDMpPMsUqdlalhm4w5M735HOAjbJLJifS63LF4="},"download/cont_psa1p0.json":{"contentType":"application/json","lastModified":1789218063000,"length":1527,"url":"https://earthquake.usgs.gov/product/shakemap/us7000tgrk/us/1789218067887/download/cont_psa1p0.json","sha256":"77hi/q5nwbqhEzEE9HyTj3my2K/NO0MM5DaC4ZQ1BnE="},"download/cont_psa3p0.json":{"contentType":"application/json","lastModified":1789218063000,"length":1502,"url":"https://earthquake.usgs.gov/product/shakemap/us7000tgrk/us/1789218067887/download/cont_psa3p0.json","sha256":"I/m83HsJQLh+QYYMCn69zdcoMI5VZIRzdHRJK0/HR00="},"download/psa1p0.pdf":{"contentType":"application/pdf","lastModified":1789218065000,"length":64658,"url":"https://earthquake.usgs.gov/product/shakemap/us7000tgrk/us/1789218067887/download/psa1p0.pdf","sha256":"jnaGADBFuRpohNPsYnvIbWhwtsPEssIfLiA+M0RW5eg="},"download/coverage_pgv_medium_res.covjson":{"contentType":"application/octet-stream","lastModified":1789218064000,"length":62343,"url":"https://earthquake.usgs.gov/product/shakemap/us7000tgrk/us/1789218067887/download/coverage_pgv_medium_res.covjson","sha256":"SEUc9hq/qkGQzkPZmCoIAs2HAhD6QHdlV/3m8ongyCA="},"download/psa1p0_regr.png":{"contentType":"image/png","lastModified":1789218065000,"length":81403,"url":"https://earthquake.usgs.gov/product/shakemap/us7000tgrk/us/1789218067887/download/psa1p0_regr.png","sha256":"w4u4aoG9O8IPJpbU42pwbH2lNt1K3DuOZF9t8KWLmPw="},"download/cont_psa0p6.json":{"contentType":"application/json","lastModified":1789218063000,"length":1498,"url":"https://earthquake.usgs.gov/product/shakemap/us7000tgrk/us/1789218067887/download/cont_psa0p6.json","sha256":"zRzReNb7dq5n4PuTfey2LaycHmjvumlMYd09UxojswQ="},"download/coverage_psa3p0_low_res.covjson":{"contentType":"application/octet-stream","lastModified":1789218064000,"length":16260,"url":"https://earthquake.usgs.gov/product/shakemap/us7000tgrk/us/1789218067887/download/coverage_psa3p0_low_res.covjson","sha256":"JzxC0nLnZ9CY4AHQjbpi9Vu5ZUphCkSdJ5k4Ch7tIqk="},"download/pga.jpg":{"contentType":"image/jpeg","lastModified":1789218065000,"length":70165,"url":"https://earthquake.usgs.gov/product/shakemap/us7000tgrk/us/1789218067887/download/pga.jpg","sha256":"EO3BSkdlqJzAiWxWW2KZ9jx/mylg+0pykGaeOqoBR8c="},"download/coverage_psa1p0_medium_res.covjson":{"contentType":"application/octet-stream","lastModified":1789218064000,"length":62700,"url":"https://earthquake.usgs.gov/product/shakemap/us7000tgrk/us/1789218067887/download/coverage_psa1p0_medium_res.covjson","sha256":"UvE8ELZwkxy3nLPM9+ZjYEWe7dm17IVsfJZOZyWFeKM="},"download/psa0p3.jpg":{"contentType":"image/jpeg","lastModified":1789218065000,"length":70936,"url":"https://earthquake.usgs.gov/product/shakemap/us7000tgrk/us/1789218067887/download/psa0p3.jpg","sha256":"d9gQqxUr19TgLK3Qf32Q6t1P7cFn7VNRSaSlyYtpYYE="},"download/shake_result.hdf":{"contentType":"application/octet-stream","lastModified":1789218066000,"length":3230115,"url":"https://earthquake.usgs.gov/product/shakemap/us7000tgrk/us/1789218067887/download/shake_result.hdf","sha256":"UQidKIHacTg8Xz5SgYqhGqhFBnoAT54uMQ/6XRud0G0="},"download/cont_pga.json":{"contentType":"application/json","lastModified":1789218063000,"length":1478,"url":"https://earthquake.usgs.gov/product/shakemap/us7000tgrk/us/1789218067887/download/cont_pga.json","sha256":"sb2KnV87xwpip0lRHABnljtGWg2/SL+f1/LeW7WpzlE="},"download/pgv.jpg":{"contentType":"image/jpeg","lastModified":1789218065000,"length":70373,"url":"https://earthquake.usgs.gov/product/shakemap/us7000tgrk/us/1789218067887/download/pgv.jpg","sha256":"48hjeG2p47w4KkX+FVVgyhfLLPbwWSVDk2X79HkiAjM="},"download/psa0p6.pdf":{"contentType":"application/pdf","lastModified":1789218065000,"length":51984,"url":"https://earthquake.usgs.gov/product/shakemap/us7000tgrk/us/1789218067887/download/psa0p6.pdf","sha256":"N0Umi7vNzfPtviNb5RXXjD2wvFE8Otc0FJPz2Ksfyac="},"download/psa1p0.jpg":{"contentType":"image/jpeg","lastModified":1789218065000,"length":71367,"url":"https://earthquake.usgs.gov/product/shakemap/us7000tgrk/us/1789218067887/download/psa1p0.jpg","sha256":"0ejRwz0IZ2DZpyARxiC/35UvFq84uAvSTPKQZqEKRQQ="},"download/coverage_psa0p6_medium_res.covjson":{"contentType":"application/octet-stream","lastModified":1789218064000,"length":62059,"url":"https://earthquake.usgs.gov/product/shakemap/us7000tgrk/us/1789218067887/download/coverage_psa0p6_medium_res.covjson","sha256":"NdH9TxnMdnkT8x5suGap4WEy27nFkatgvofUuQAYC5M="},"download/cont_mi.json":{"contentType":"application/json","lastModified":1789218063000,"length":278,"url":"https://earthquake.usgs.gov/product/shakemap/us7000tgrk/us/1789218067887/download/cont_mi.json","sha256":"ioC5QZRvSALEoq9h+305epQJa4GBETHke2vR/5imK1U="},"download/pgv_regr.png":{"contentType":"image/png","lastModified":1789218065000,"length":80264,"url":"https://earthquake.usgs.gov/product/shakemap/us7000tgrk/us/1789218067887/download/pgv_regr.png","sha256":"fpifPqfP3QMmJiGDbg9xviIYB1UdAer3yRvdfRhBtJM="},"download/intensity_overlay.pngw":{"contentType":"application/octet-stream","lastModified":1789218065000,"length":40,"url":"https://earthquake.usgs.gov/product/shakemap/us7000tgrk/us/1789218067887/download/intensity_overlay.pngw","sha256":"inmQa2RO7Jvy42uDJot/OiYXhCO1t5Bx78Ao6WL0wM4="},"download/coverage_pga_low_res.covjson":{"contentType":"application/octet-stream","lastModified":1789218064000,"length":16018,"url":"https://earthquake.usgs.gov/product/shakemap/us7000tgrk/us/1789218067887/download/coverage_pga_low_res.covjson","sha256":"h+kZqQ9rwzL69ZcplTOKjBNmgSqeFwGyOECCvZ9qZHc="},"download/coverage_pga_medium_res.covjson":{"contentType":"application/octet-stream","lastModified":1789218064000,"length":61977,"url":"https://earthquake.usgs.gov/product/shakemap/us7000tgrk/us/1789218067887/download/coverage_pga_medium_res.covjson","sha256":"IRKykQI4j6a1kYhoheGauWSCD5UATFxX3jw7XlWcKYg="},"download/grid.xml":{"contentType":"application/xml","lastModified":1789218064000,"length":2858643,"url":"https://earthquake.usgs.gov/product/shakemap/us7000tgrk/us/1789218067887/download/grid.xml","sha256":"COEP5L3rTcTz33tSMsSkQKOobChaeIIwQpi2adksYOc="},"download/coverage_psa1p0_low_res.covjson":{"contentType":"application/octet-stream","lastModified":1789218064000,"length":16215,"url":"https://earthquake.usgs.gov/product/shakemap/us7000tgrk/us/1789218067887/download/coverage_psa1p0_low_res.covjson","sha256":"39mBDMZeZhAxmvG+jdN/UHSkC8vEYFN5NeegZi2YUe4="},"download/intensity_overlay.png":{"contentType":"image/png","lastModified":1789218064000,"length":1851,"url":"https://earthquake.usgs.gov/product/shakemap/us7000tgrk/us/1789218067887/download/intensity_overlay.png","sha256":"zsfcrFrW6MSzf5jMTrMlxa0+qTtPt8HNn72rz+8b/2g="},"download/psa0p3_regr.png":{"contentType":"image/png","lastModified":1789218065000,"length":86276,"url":"https://earthquake.usgs.gov/product/shakemap/us7000tgrk/us/1789218067887/download/psa0p3_regr.png","sha256":"/3DEfixhLYss7dI6YdXT9ELx1jDxSOTpWQb1ZeN6bgo="},"download/stationlist.json":{"contentType":"application/json","lastModified":1789218066000,"length":16539,"url":"https://earthquake.usgs.gov/product/shakemap/us7000tgrk/us/1789218067887/download/stationlist.json","sha256":"xNXPfvtmzDXNRr83t+Q0ZrFhKCTsLlo80Wt2bo+XdNM="},"download/psa0p6.jpg":{"contentType":"image/jpeg","lastModified":1789218065000,"length":64842,"url":"https://earthquake.usgs.gov/product/shakemap/us7000tgrk/us/1789218067887/download/psa0p6.jpg","sha256":"DLiaYJ7n+oAFi9mMFryTAwU6PIPWbd43G3+GLIRkbP0="},"download/psa3p0_regr.png":{"contentType":"image/png","lastModified":1789218065000,"length":78639,"url":"https://earthquake.usgs.gov/product/shakemap/us7000tgrk/us/1789218067887/download/psa3p0_regr.png","sha256":"urFjg3DBB+QakKDQ4KNBfMamwGTYMqxN7nz8MKHYj4k="},"download/shakemap.kmz":{"contentType":"application/vnd.google-earth.kmz","lastModified":1789218066000,"length":14388,"url":"https://earthquake.usgs.gov/product/shakemap/us7000tgrk/us/1789218067887/download/shakemap.kmz","sha256":"wOQtxmjdZiFP0HdbS2EhmqkdL4HCI5+0If/GSd6iKTw="},"download/psa0p3.pdf":{"contentType":"application/pdf","lastModified":1789218065000,"length":64923,"url":"https://earthquake.usgs.gov/product/shakemap/us7000tgrk/us/1789218067887/download/psa0p3.pdf","sha256":"PG/caKc3e5uJDA93/PximIDlExxndf3rVEo9aM7v9iA="},"download/coverage_psa0p3_medium_res.covjson":{"contentType":"application/octet-stream","lastModified":1789218064000,"length":62220,"url":"https://earthquake.usgs.gov/product/shakemap/us7000tgrk/us/1789218067887/download/coverage_psa0p3_medium_res.covjson","sha256":"pyYOm4Hud6VTAbchbEtHDrwM/I/pDhFlNG+t9XTiN/w="},"download/cont_pgv.json":{"contentType":"application/json","lastModified":1789218063000,"length":1524,"url":"https://earthquake.usgs.gov/product/shakemap/us7000tgrk/us/1789218067887/download/cont_pgv.json","sha256":"PlP88yAMsvl5bOgWviqcTCToD+qTEaGQeckmnaZ4x/0="},"download/shape.zip":{"contentType":"application/zip","lastModified":1789218066000,"length":68136,"url":"https://earthquake.usgs.gov/product/shakemap/us7000tgrk/us/1789218067887/download/shape.zip","sha256":"lC5iR6tk62cm7Srh2V4Na5/pTWaPJr+r+nr2VBDQPPw="}}},{"indexid":28583626,"indexTime":1789169267818,"id":"urn:usgs-product:us:shakemap:us7000tgrk:1789169258585","type":"shakemap","code":"us7000tgrk","source":"us","updateTime":1789169258585,"status":"UPDATE","properties":{"depth":"358.6","event-description":"USGS NEIC ShakeMap","event-type":"ACTUAL","eventsource":"us","eventsourcecode":"7000tgrk","eventtime":"2026-09-11T21:23:55.001Z","gmice":"WGRW12","latitude":"-5.0932","longitude":"106.903","magnitude":"6.6","map-status":"automatic","maximum-latitude":"-4.2","maximum-longitude":"107.806","maxmmi":"3.563","maxmmi-grid":"3.565","maxpga":"0.011","maxpga-grid":"0.011","maxpgv":"1.118","maxpgv-grid":"1.121","maxpsa03":"0.03","maxpsa03-grid":"0.03","maxpsa10":"0.015","maxpsa10-grid":"0.015","maxpsa30":"0.003","maxpsa30-grid":"0.003","minimum-latitude":"-6.008","minimum-longitude":"106.0","pdl-client-version":"Version 3.5.5 2026-07-28","process-timestamp":"2026-09-11T23:26:45Z","review-status":"automatic","reviewed-origin":"True","shakemap-code-version":"4.5.0","version":"2"},"preferredWeight":183,"contents":{"download/coverage_psa3p0_high_res.covjson":{"contentType":"application/octet-stream","lastModified":1789169255000,"length":242214,"url":"https://earthquake.usgs.gov/product/shakemap/us7000tgrk/us/1789169258585/download/coverage_psa3p0_high_res.covjson","sha256":"Xa79uD6z3Mmknvr+Tvs9Ehea7AiARJLzm7HYkD9rmkQ="},"download/coverage_psa3p0_medium_res.covjson":{"contentType":"application/octet-stream","lastModified":1789169255000,"length":61388,"url":"https://earthquake.usgs.gov/product/shakemap/us7000tgrk/us/1789169258585/download/coverage_psa3p0_medium_res.covjson","sha256":"zBcuCR3kw4mWZ+wknDOqbry0OXl40IZluEVezHHAMCc="},"download/coverage_pgv_high_res.covjson":{"contentType":"application/octet-stream","lastModified":1789169254000,"length":238515,"url":"https://earthquake.usgs.gov/product/shakemap/us7000tgrk/us/1789169258585/download/coverage_pgv_high_res.covjson","sha256":"f/fgism9rwZkwiBPSOtOh+xWbnQoNJK50ai43qgFmOE="},"download/mmi_legend.png":{"contentType":"image/png","lastModified":1789169255000,"length":37779,"url":"https://earthquake.usgs.gov/product/shakemap/us7000tgrk/us/1789169258585/download/mmi_legend.png","sha256":"+qfDgKlXGi8K/qFN5ANZ4F62BsIsbOg58ZmyCksEuBo="},"download/rupture.json":{"contentType":"application/json","lastModified":1789169256000,"length":501,"url":"https://earthquake.usgs.gov/product/shakemap/us7000tgrk/us/1789169258585/download/rupture.json","sha256":"8EdNlsO5aZGlmD+DeNPdYRrx9eufYBN+YBaCPpTvzeI="},"download/info.json":{"contentType":"application/json","lastModified":1789169255000,"length":5510,"url":"https://earthquake.usgs.gov/product/shakemap/us7000tgrk/us/1789169258585/download/info.json","sha256":"lvxqbYmjzghzkt9Z7OBBw5dGJ1/FdnLXtc1jme9Llv8="},"download/coverage_psa0p3_high_res.covjson":{"contentType":"application/octet-stream","lastModified":1789169255000,"length":240452,"url":"https://earthquake.usgs.gov/product/shakemap/us7000tgrk/us/1789169258585/download/coverage_psa0p3_high_res.covjson","sha256":"SD/xgjEE8l/gBOiSmZ8e7+Fv0/mr7nOR5ShllJp98YU="},"download/psa3p0.jpg":{"contentType":"image/jpeg","lastModified":1789169256000,"length":68743,"url":"https://earthquake.usgs.gov/product/shakemap/us7000tgrk/us/1789169258585/download/psa3p0.jpg","sha256":"Ank/Hd4rT+QiYKp5M8fPuWD9jpU5BUOKQvSwwiOiXuc="},"download/cont_psa0p3.json":{"contentType":"application/json","lastModified":1789169254000,"length":840,"url":"https://earthquake.usgs.gov/product/shakemap/us7000tgrk/us/1789169258585/download/cont_psa0p3.json","sha256":"lj1YaF/uXD7zQUcfgyCVagetv6Er97+y2wxI7sKmfmQ="},"download/coverage_pga_high_res.covjson":{"contentType":"application/octet-stream","lastModified":1789169254000,"length":239119,"url":"https://earthquake.usgs.gov/product/shakemap/us7000tgrk/us/1789169258585/download/coverage_pga_high_res.covjson","sha256":"Lou0cFB41ots+kkto7euyQqXwb/9wSwrtRrJkDF96tY="},"download/coverage_psa0p3_low_res.covjson":{"contentType":"application/octet-stream","lastModified":1789169255000,"length":16083,"url":"https://earthquake.usgs.gov/product/shakemap/us7000tgrk/us/1789169258585/download/coverage_psa0p3_low_res.covjson","sha256":"JKWZCGtqeVyRHJHmG+qYx9yADxPauirl+8sK+lniPmA="},"download/attenuation_curves.json":{"contentType":"application/json","lastModified":1789169254000,"length":30868,"url":"https://earthquake.usgs.gov/product/shakemap/us7000tgrk/us/1789169258585/download/attenuation_curves.json","sha256":"pg/gmMFXftlBF/pEkfqTPPxhYyO+DgOhvfso4Y8Ozb0="},"download/coverage_psa0p6_high_res.covjson":{"contentType":"application/octet-stream","lastModified":1789169255000,"length":240852,"url":"https://earthquake.usgs.gov/product/shakemap/us7000tgrk/us/1789169258585/download/coverage_psa0p6_high_res.covjson","sha256":"9Nvr2GcwXsq2W9ZFZHevjOHWG6Yjb5NaBz5AFTwmu8I="},"download/intensity.jpg":{"contentType":"image/jpeg","lastModified":1789169255000,"length":89601,"url":"https://earthquake.usgs.gov/product/shakemap/us7000tgrk/us/1789169258585/download/intensity.jpg","sha256":"W2CA1G11hBZly1tnJum+J8WvxyJrTITytgXwA21/s+Y="},"download/raster.zip":{"contentType":"application/zip","lastModified":1789169256000,"length":1349031,"url":"https://earthquake.usgs.gov/product/shakemap/us7000tgrk/us/1789169258585/download/raster.zip","sha256":"vzd9TgnigTAO9wHLvy75kibZkG+FXygIytEBYuxgRrQ="},"download/coverage_psa0p6_low_res.covjson":{"contentType":"application/octet-stream","lastModified":1789169255000,"length":16079,"url":"https://earthquake.usgs.gov/product/shakemap/us7000tgrk/us/1789169258585/download/coverage_psa0p6_low_res.covjson","sha256":"O8rf3plYAsURFz9v9/vZflg060KCVDnKY0X+HPisJCE="},"download/pga.pdf":{"contentType":"application/pdf","lastModified":1789169256000,"length":100744,"url":"https://earthquake.usgs.gov/product/shakemap/us7000tgrk/us/1789169258585/download/pga.pdf","sha256":"Wj7D2+pFm+Pe5sHb3lLVzto7pShjFKGn2bDt4zxxmgU="},"download/psa0p6_regr.png":{"contentType":"image/png","lastModified":1789169256000,"length":83300,"url":"https://earthquake.usgs.gov/product/shakemap/us7000tgrk/us/1789169258585/download/psa0p6_regr.png","sha256":"mNCi5nacH/f1j+3Kg2oGPU1n45U7ebTnZ/xmOzLhvuw="},"download/pga_regr.png":{"contentType":"image/png","lastModified":1789169256000,"length":86680,"url":"https://earthquake.usgs.gov/product/shakemap/us7000tgrk/us/1789169258585/download/pga_regr.png","sha256":"XxxmFg0R0/k4KqrNs/pAuDDFJn1cplp//Q+mBQuEQSk="},"download/coverage_mmi_low_res.covjson":{"contentType":"application/octet-stream","lastModified":1789169254000,"length":11321,"url":"https://earthquake.usgs.gov/product/shakemap/us7000tgrk/us/1789169258585/download/coverage_mmi_low_res.covjson","sha256":"D5r2S470Mp3n5YoDEJo7Lei20reuXfFFwkR2Yl+330Y="},"download/coverage_mmi_high_res.covjson":{"contentType":"application/octet-stream","lastModified":1789169254000,"length":163315,"url":"https://earthquake.usgs.gov/product/shakemap/us7000tgrk/us/1789169258585/download/coverage_mmi_high_res.covjson","sha256":"WTX6dmBmRtzp/InslEV7/GVO7h6qkIYoT8RR2lk26TQ="},"download/intensity.pdf":{"contentType":"application/pdf","lastModified":1789169255000,"length":99221,"url":"https://earthquake.usgs.gov/product/shakemap/us7000tgrk/us/1789169258585/download/intensity.pdf","sha256":"vBCu2BjsSlucdwHRFFtK9Ag7jPvTsNCU6qHYyZH/IiI="},"download/mmi_regr.png":{"contentType":"image/png","lastModified":1789169255000,"length":76402,"url":"https://earthquake.usgs.gov/product/shakemap/us7000tgrk/us/1789169258585/download/mmi_regr.png","sha256":"Kwe0yMJvjsdMjaNBc6PjtTWhjIoD7F8hYLFwOCwYP9c="},"download/psa3p0.pdf":{"contentType":"application/pdf","lastModified":1789169256000,"length":99857,"url":"https://earthquake.usgs.gov/product/shakemap/us7000tgrk/us/1789169258585/download/psa3p0.pdf","sha256":"i/X+wrgdRoLZRnfc1wC5yHbrR9hvpRMk8dx4rUlvQ6c="},"download/coverage_psa1p0_high_res.covjson":{"contentType":"application/octet-stream","lastModified":1789169255000,"length":240633,"url":"https://earthquake.usgs.gov/product/shakemap/us7000tgrk/us/1789169258585/download/coverage_psa1p0_high_res.covjson","sha256":"08VrRM++NzafRWJNoPM23xrTfmHisxYAAijdFLgRO3U="},"download/uncertainty.xml":{"contentType":"application/xml","lastModified":1789169257000,"length":2574649,"url":"https://earthquake.usgs.gov/product/shakemap/us7000tgrk/us/1789169258585/download/uncertainty.xml","sha256":"SlZ+X26ra16FViXTYCenpc0NjhCkRAiWOiV/jBJ4c4U="},"download/pin-thumbnail.png":{"contentType":"image/png","lastModified":1789169256000,"length":23692,"url":"https://earthquake.usgs.gov/product/shakemap/us7000tgrk/us/1789169258585/download/pin-thumbnail.png","sha256":"xKN5sEybjH6mitvG0lvIOGubZ/0RhhYncGtf4R+5aN4="},"download/cont_mmi.json":{"contentType":"application/json","lastModified":1789169254000,"length":1443,"url":"https://earthquake.usgs.gov/product/shakemap/us7000tgrk/us/1789169258585/download/cont_mmi.json","sha256":"pOqHgTn9LaihXgOQNwMuDWB/Ua1In4ngoR2eR3WtOoA="},"download/coverage_pgv_low_res.covjson":{"contentType":"application/octet-stream","lastModified":1789169254000,"length":15953,"url":"https://earthquake.usgs.gov/product/shakemap/us7000tgrk/us/1789169258585/download/coverage_pgv_low_res.covjson","sha256":"FRCfHwlDfmNXKilsPGh0YnN9KLtn9FOipfvGJYXiodo="},"download/coverage_mmi_medium_res.covjson":{"contentType":"application/octet-stream","lastModified":1789169254000,"length":41725,"url":"https://earthquake.usgs.gov/product/shakemap/us7000tgrk/us/1789169258585/download/coverage_mmi_medium_res.covjson","sha256":"8ZIu/37q2Lq6gCI3VngZ80gMezChH9aGbwQY9t9lgwQ="},"download/pgv.pdf":{"contentType":"application/pdf","lastModified":1789169256000,"length":101159,"url":"https://earthquake.usgs.gov/product/shakemap/us7000tgrk/us/1789169258585/download/pgv.pdf","sha256":"XqTjJ7UoS1YexoCaFehHk2mJoMXXnVm7VK1e0+AiIm8="},"contents.xml":{"contentType":"application/xml","lastModified":1789169254000,"length":13729,"url":"https://earthquake.usgs.gov/product/shakemap/us7000tgrk/us/1789169258585/contents.xml","sha256":"MDhT+pDMpPMsUqdlalhm4w5M735HOAjbJLJifS63LF4="},"download/cont_psa1p0.json":{"contentType":"application/json","lastModified":1789169254000,"length":1447,"url":"https://earthquake.usgs.gov/product/shakemap/us7000tgrk/us/1789169258585/download/cont_psa1p0.json","sha256":"HUvWeQ7yikvqKjTYjKlL/azs2IWvcspoKPn4LK2AgFU="},"download/cont_psa3p0.json":{"contentType":"application/json","lastModified":1789169254000,"length":1445,"url":"https://earthquake.usgs.gov/product/shakemap/us7000tgrk/us/1789169258585/download/cont_psa3p0.json","sha256":"FgFArxgLmsABq7wz/xESvS8wvPC0A1kQrjUOsdMPrEY="},"download/psa1p0.pdf":{"contentType":"application/pdf","lastModified":1789169256000,"length":101499,"url":"https://earthquake.usgs.gov/product/shakemap/us7000tgrk/us/1789169258585/download/psa1p0.pdf","sha256":"kupzlfECWsFPnLVECa9Wn7EIQkBgIaAOfZtTpTlfmWk="},"download/coverage_pgv_medium_res.covjson":{"contentType":"application/octet-stream","lastModified":1789169255000,"length":60477,"url":"https://earthquake.usgs.gov/product/shakemap/us7000tgrk/us/1789169258585/download/coverage_pgv_medium_res.covjson","sha256":"eQb1PYCxrWhNuW277MOgG4vnV8p4m/e/ZZmKowRg66s="},"download/psa1p0_regr.png":{"contentType":"image/png","lastModified":1789169256000,"length":81777,"url":"https://earthquake.usgs.gov/product/shakemap/us7000tgrk/us/1789169258585/download/psa1p0_regr.png","sha256":"qOkAzc9jlg/HsY1FWzN213zvrY2SWed3TTTQCrtkD78="},"download/cont_psa0p6.json":{"contentType":"application/json","lastModified":1789169254000,"length":1497,"url":"https://earthquake.usgs.gov/product/shakemap/us7000tgrk/us/1789169258585/download/cont_psa0p6.json","sha256":"f8+1B04eXOmay4z8eab7JV0wdY4WBYtus+wppxrz4hI="},"download/coverage_psa3p0_low_res.covjson":{"contentType":"application/octet-stream","lastModified":1789169255000,"length":16173,"url":"https://earthquake.usgs.gov/product/shakemap/us7000tgrk/us/1789169258585/download/coverage_psa3p0_low_res.covjson","sha256":"XtXQrhO4Zf0GC0DRb7dT6kf1dlxq75jX4XqdPhY/3G4="},"download/pga.jpg":{"contentType":"image/jpeg","lastModified":1789169256000,"length":68330,"url":"https://earthquake.usgs.gov/product/shakemap/us7000tgrk/us/1789169258585/download/pga.jpg","sha256":"bYtqBb2vslo2sHF1WZIAeg6MISx9/nhNGrhgklJfeI8="},"download/coverage_psa1p0_medium_res.covjson":{"contentType":"application/octet-stream","lastModified":1789169255000,"length":60988,"url":"https://earthquake.usgs.gov/product/shakemap/us7000tgrk/us/1789169258585/download/coverage_psa1p0_medium_res.covjson","sha256":"XdspV6jaSv4u/s9bf+dBBFAzggxY0wrzHjcP2LZ85po="},"download/psa0p3.jpg":{"contentType":"image/jpeg","lastModified":1789169256000,"length":69033,"url":"https://earthquake.usgs.gov/product/shakemap/us7000tgrk/us/1789169258585/download/psa0p3.jpg","sha256":"1da/fwq4sFuAlwhqU1usT3kZ3mm5Ik4/azxsyMeI9cU="},"download/shake_result.hdf":{"contentType":"application/octet-stream","lastModified":1789169256000,"length":3170291,"url":"https://earthquake.usgs.gov/product/shakemap/us7000tgrk/us/1789169258585/download/shake_result.hdf","sha256":"y3AE9hJ7ZqrErEB+SHtdl5I4Bg2uW/w3cWxun7qTgUc="},"download/cont_pga.json":{"contentType":"application/json","lastModified":1789169254000,"length":871,"url":"https://earthquake.usgs.gov/product/shakemap/us7000tgrk/us/1789169258585/download/cont_pga.json","sha256":"QQGQbVfGbcKIqYN70Ba2xPelA3Dhsn72u3tJ0dUjiUc="},"download/pgv.jpg":{"contentType":"image/jpeg","lastModified":1789169256000,"length":68474,"url":"https://earthquake.usgs.gov/product/shakemap/us7000tgrk/us/1789169258585/download/pgv.jpg","sha256":"VcEegR+CxaHJ1/ChfSHaJbaFobZndobx1DwWdkJGYro="},"download/psa0p6.pdf":{"contentType":"application/pdf","lastModified":1789169256000,"length":88837,"url":"https://earthquake.usgs.gov/product/shakemap/us7000tgrk/us/1789169258585/download/psa0p6.pdf","sha256":"BN0ft8+8Bq+x0W/8NkiyRkk+XeEHJpfY2MgoGctiZ+w="},"download/psa1p0.jpg":{"contentType":"image/jpeg","lastModified":1789169256000,"length":69231,"url":"https://earthquake.usgs.gov/product/shakemap/us7000tgrk/us/1789169258585/download/psa1p0.jpg","sha256":"RmkC045Tb8WQmerQF5jFP+9gxf6XPF1PVyyh7RNjmlQ="},"download/coverage_psa0p6_medium_res.covjson":{"contentType":"application/octet-stream","lastModified":1789169255000,"length":61019,"url":"https://earthquake.usgs.gov/product/shakemap/us7000tgrk/us/1789169258585/download/coverage_psa0p6_medium_res.covjson","sha256":"ytpTrafX6bFP1hS3fei1Hka3jBQiPX53+W+KxaJpAsI="},"download/cont_mi.json":{"contentType":"application/json","lastModified":1789169254000,"length":1443,"url":"https://earthquake.usgs.gov/product/shakemap/us7000tgrk/us/1789169258585/download/cont_mi.json","sha256":"pOqHgTn9LaihXgOQNwMuDWB/Ua1In4ngoR2eR3WtOoA="},"download/pgv_regr.png":{"contentType":"image/png","lastModified":1789169256000,"length":81237,"url":"https://earthquake.usgs.gov/product/shakemap/us7000tgrk/us/1789169258585/download/pgv_regr.png","sha256":"L7OZyW602aZgLWQFZl7u/NTqkXk9TwotrB3B3LfH/OI="},"download/intensity_overlay.pngw":{"contentType":"application/octet-stream","lastModified":1789169255000,"length":40,"url":"https://earthquake.usgs.gov/product/shakemap/us7000tgrk/us/1789169258585/download/intensity_overlay.pngw","sha256":"rot0iAePyg6cAaKjBhN4cG09bX47gyorSLoARjT1VNM="},"download/coverage_pga_low_res.covjson":{"contentType":"application/octet-stream","lastModified":1789169254000,"length":15969,"url":"https://earthquake.usgs.gov/product/shakemap/us7000tgrk/us/1789169258585/download/coverage_pga_low_res.covjson","sha256":"Zgr5qyrH6gRNph+ADLTNp8EfO9IZzHiXMROUAuiujMM="},"download/coverage_pga_medium_res.covjson":{"contentType":"application/octet-stream","lastModified":1789169254000,"length":60604,"url":"https://earthquake.usgs.gov/product/shakemap/us7000tgrk/us/1789169258585/download/coverage_pga_medium_res.covjson","sha256":"CUn8WnfSE5TGq2ezS9PtV9AXKudo0pfMEMtSGkUMRLY="},"download/grid.xml":{"contentType":"application/xml","lastModified":1789169255000,"length":2721970,"url":"https://earthquake.usgs.gov/product/shakemap/us7000tgrk/us/1789169258585/download/grid.xml","sha256":"VvIgXeIeGsHYDS3Qzf+Dc8TvO9frIkRMZMfdQiymOEE="},"download/coverage_psa1p0_low_res.covjson":{"contentType":"application/octet-stream","lastModified":1789169255000,"length":16082,"url":"https://earthquake.usgs.gov/product/shakemap/us7000tgrk/us/1789169258585/download/coverage_psa1p0_low_res.covjson","sha256":"g5uz5FHWYzTVbaiI0bPknYz6vvdISAPcoIXJl2oqWrA="},"download/intensity_overlay.png":{"contentType":"image/png","lastModified":1789169255000,"length":2661,"url":"https://earthquake.usgs.gov/product/shakemap/us7000tgrk/us/1789169258585/download/intensity_overlay.png","sha256":"QEG2gCLTeyzcpQti0RT2fWeUBiyG/JP/0alSEqBIdsI="},"download/psa0p3_regr.png":{"contentType":"image/png","lastModified":1789169256000,"length":85126,"url":"https://earthquake.usgs.gov/product/shakemap/us7000tgrk/us/1789169258585/download/psa0p3_regr.png","sha256":"buGNoNz9I3BNj3U+2t+uRQ+ykUcBdRjjnl2K/M44+MY="},"download/stationlist.json":{"contentType":"application/json","lastModified":1789169257000,"length":2928,"url":"https://earthquake.usgs.gov/product/shakemap/us7000tgrk/us/1789169258585/download/stationlist.json","sha256":"vg4wyY13dYpKaD2Lc0LH2foukI5oiutd9kRUayYLMEM="},"download/psa0p6.jpg":{"contentType":"image/jpeg","lastModified":1789169256000,"length":59173,"url":"https://earthquake.usgs.gov/product/shakemap/us7000tgrk/us/1789169258585/download/psa0p6.jpg","sha256":"U7vUwSijYhrH0k+gE6s2cu4chfYebrjCIethW+2yH84="},"download/psa3p0_regr.png":{"contentType":"image/png","lastModified":1789169256000,"length":79780,"url":"https://earthquake.usgs.gov/product/shakemap/us7000tgrk/us/1789169258585/download/psa3p0_regr.png","sha256":"IkzLMTQ/DGLpX8WEIcO5NmhUap1lDnUZVF+87vI0+54="},"download/shakemap.kmz":{"contentType":"application/vnd.google-earth.kmz","lastModified":1789169257000,"length":16015,"url":"https://earthquake.usgs.gov/product/shakemap/us7000tgrk/us/1789169258585/download/shakemap.kmz","sha256":"OYSTb+XvbjlSx4pIdwFzM6HcnxbhicQ2Mp5bXmBYPHc="},"download/psa0p3.pdf":{"contentType":"application/pdf","lastModified":1789169256000,"length":101549,"url":"https://earthquake.usgs.gov/product/shakemap/us7000tgrk/us/1789169258585/download/psa0p3.pdf","sha256":"Ab8/oC915WukbxDJ7PlcFC5GWPdYQSNz+aJZYxUwG9g="},"download/coverage_psa0p3_medium_res.covjson":{"contentType":"application/octet-stream","lastModified":1789169255000,"length":60944,"url":"https://earthquake.usgs.gov/product/shakemap/us7000tgrk/us/1789169258585/download/coverage_psa0p3_medium_res.covjson","sha256":"/E9p6MHH3mTC4nQd5vbmfIN36CtXEZ4QMnxY6fdaCsk="},"download/cont_pgv.json":{"contentType":"application/json","lastModified":1789169254000,"length":1541,"url":"https://earthquake.usgs.gov/product/shakemap/us7000tgrk/us/1789169258585/download/cont_pgv.json","sha256":"BIOlwhELR17yPxMEHT22p4Q3RnfcqlhrBalSUY3L7R0="},"download/shape.zip":{"contentType":"application/zip","lastModified":1789169257000,"length":71232,"url":"https://earthquake.usgs.gov/product/shakemap/us7000tgrk/us/1789169258585/download/shape.zip","sha256":"0ovcowE5cgPdf9y4wHQz8fher2Qyj7KbRhM7g/B46yU="}}},{"indexid":28583306,"indexTime":1789163230729,"id":"urn:usgs-product:us:shakemap:us7000tgrk:1789163221069","type":"shakemap","code":"us7000tgrk","source":"us","updateTime":1789163221069,"status":"UPDATE","properties":{"depth":"358.6","event-description":"USGS NEIC ShakeMap","event-type":"ACTUAL","eventsource":"us","eventsourcecode":"7000tgrk","eventtime":"2026-09-11T21:23:55.001Z","gmice":"WGRW12","latitude":"-5.0932","longitude":"106.903","magnitude":"6.6","map-status":"automatic","maximum-latitude":"-4.2","maximum-longitude":"107.806","maxmmi":"3.563","maxmmi-grid":"3.565","maxpga":"0.011","maxpga-grid":"0.011","maxpgv":"1.118","maxpgv-grid":"1.121","maxpsa03":"0.03","maxpsa03-grid":"0.03","maxpsa10":"0.015","maxpsa10-grid":"0.015","maxpsa30":"0.003","maxpsa30-grid":"0.003","minimum-latitude":"-6.008","minimum-longitude":"106.0","pdl-client-version":"Version 3.5.5 2026-07-28","process-timestamp":"2026-09-11T21:46:16Z","review-status":"automatic","reviewed-origin":"True","shakemap-code-version":"4.5.0","version":"1"},"preferredWeight":183,"contents":{"download/coverage_psa3p0_high_res.covjson":{"contentType":"application/octet-stream","lastModified":1789163217000,"length":242214,"url":"https://earthquake.usgs.gov/product/shakemap/us7000tgrk/us/1789163221069/download/coverage_psa3p0_high_res.covjson","sha256":"Xa79uD6z3Mmknvr+Tvs9Ehea7AiARJLzm7HYkD9rmkQ="},"download/coverage_psa3p0_medium_res.covjson":{"contentType":"application/octet-stream","lastModified":1789163218000,"length":61388,"url":"https://earthquake.usgs.gov/product/shakemap/us7000tgrk/us/1789163221069/download/coverage_psa3p0_medium_res.covjson","sha256":"zBcuCR3kw4mWZ+wknDOqbry0OXl40IZluEVezHHAMCc="},"download/coverage_pgv_high_res.covjson":{"contentType":"application/octet-stream","lastModified":1789163217000,"length":238515,"url":"https://earthquake.usgs.gov/product/shakemap/us7000tgrk/us/1789163221069/download/coverage_pgv_high_res.covjson","sha256":"f/fgism9rwZkwiBPSOtOh+xWbnQoNJK50ai43qgFmOE="},"download/mmi_legend.png":{"contentType":"image/png","lastModified":1789163218000,"length":37786,"url":"https://earthquake.usgs.gov/product/shakemap/us7000tgrk/us/1789163221069/download/mmi_legend.png","sha256":"wqVb1vH9E749LFEgxgj0aD8qSUupBt7RYItCP7X+FS8="},"download/rupture.json":{"contentType":"application/json","lastModified":1789163219000,"length":501,"url":"https://earthquake.usgs.gov/product/shakemap/us7000tgrk/us/1789163221069/download/rupture.json","sha256":"8EdNlsO5aZGlmD+DeNPdYRrx9eufYBN+YBaCPpTvzeI="},"download/info.json":{"contentType":"application/json","lastModified":1789163218000,"length":5450,"url":"https://earthquake.usgs.gov/product/shakemap/us7000tgrk/us/1789163221069/download/info.json","sha256":"X/DHvpzfEKxfvovX8moul9pl1n22BEZ25Rsi+i+MqvI="},"download/coverage_psa0p3_high_res.covjson":{"contentType":"application/octet-stream","lastModified":1789163217000,"length":240452,"url":"https://earthquake.usgs.gov/product/shakemap/us7000tgrk/us/1789163221069/download/coverage_psa0p3_high_res.covjson","sha256":"SD/xgjEE8l/gBOiSmZ8e7+Fv0/mr7nOR5ShllJp98YU="},"download/psa3p0.jpg":{"contentType":"image/jpeg","lastModified":1789163219000,"length":68737,"url":"https://earthquake.usgs.gov/product/shakemap/us7000tgrk/us/1789163221069/download/psa3p0.jpg","sha256":"DCZ+zcLdUyZQbcS3ifSydtMyI/kK5WDV9qX4NhNlHVQ="},"download/cont_psa0p3.json":{"contentType":"application/json","lastModified":1789163216000,"length":840,"url":"https://earthquake.usgs.gov/product/shakemap/us7000tgrk/us/1789163221069/download/cont_psa0p3.json","sha256":"lj1YaF/uXD7zQUcfgyCVagetv6Er97+y2wxI7sKmfmQ="},"download/coverage_pga_high_res.covjson":{"contentType":"application/octet-stream","lastModified":1789163217000,"length":239119,"url":"https://earthquake.usgs.gov/product/shakemap/us7000tgrk/us/1789163221069/download/coverage_pga_high_res.covjson","sha256":"Lou0cFB41ots+kkto7euyQqXwb/9wSwrtRrJkDF96tY="},"download/coverage_psa0p3_low_res.covjson":{"contentType":"application/octet-stream","lastModified":1789163217000,"length":16083,"url":"https://earthquake.usgs.gov/product/shakemap/us7000tgrk/us/1789163221069/download/coverage_psa0p3_low_res.covjson","sha256":"JKWZCGtqeVyRHJHmG+qYx9yADxPauirl+8sK+lniPmA="},"download/attenuation_curves.json":{"contentType":"application/json","lastModified":1789163216000,"length":30868,"url":"https://earthquake.usgs.gov/product/shakemap/us7000tgrk/us/1789163221069/download/attenuation_curves.json","sha256":"pg/gmMFXftlBF/pEkfqTPPxhYyO+DgOhvfso4Y8Ozb0="},"download/coverage_psa0p6_high_res.covjson":{"contentType":"application/octet-stream","lastModified":1789163217000,"length":240852,"url":"https://earthquake.usgs.gov/product/shakemap/us7000tgrk/us/1789163221069/download/coverage_psa0p6_high_res.covjson","sha256":"9Nvr2GcwXsq2W9ZFZHevjOHWG6Yjb5NaBz5AFTwmu8I="},"download/intensity.jpg":{"contentType":"image/jpeg","lastModified":1789163218000,"length":89588,"url":"https://earthquake.usgs.gov/product/shakemap/us7000tgrk/us/1789163221069/download/intensity.jpg","sha256":"aA1MoHID77EA0KXmXPCoAikWttcbC+EpSnd+1Vr8raE="},"download/raster.zip":{"contentType":"application/zip","lastModified":1789163219000,"length":1349031,"url":"https://earthquake.usgs.gov/product/shakemap/us7000tgrk/us/1789163221069/download/raster.zip","sha256":"YRco1ew2N7wzMs8hPkAl51PFjJOg9OuJHJMDmSd1ONs="},"download/coverage_psa0p6_low_res.covjson":{"contentType":"application/octet-stream","lastModified":1789163217000,"length":16079,"url":"https://earthquake.usgs.gov/product/shakemap/us7000tgrk/us/1789163221069/download/coverage_psa0p6_low_res.covjson","sha256":"O8rf3plYAsURFz9v9/vZflg060KCVDnKY0X+HPisJCE="},"download/pga.pdf":{"contentType":"application/pdf","lastModified":1789163218000,"length":100522,"url":"https://earthquake.usgs.gov/product/shakemap/us7000tgrk/us/1789163221069/download/pga.pdf","sha256":"Jnc5dBoeBbo1c/pZOpF50kpD9KfpJnuSkUOLFg1Omc0="},"download/psa0p6_regr.png":{"contentType":"image/png","lastModified":1789163219000,"length":83300,"url":"https://earthquake.usgs.gov/product/shakemap/us7000tgrk/us/1789163221069/download/psa0p6_regr.png","sha256":"mNCi5nacH/f1j+3Kg2oGPU1n45U7ebTnZ/xmOzLhvuw="},"download/pga_regr.png":{"contentType":"image/png","lastModified":1789163218000,"length":86680,"url":"https://earthquake.usgs.gov/product/shakemap/us7000tgrk/us/1789163221069/download/pga_regr.png","sha256":"XxxmFg0R0/k4KqrNs/pAuDDFJn1cplp//Q+mBQuEQSk="},"download/coverage_mmi_low_res.covjson":{"contentType":"application/octet-stream","lastModified":1789163217000,"length":11321,"url":"https://earthquake.usgs.gov/product/shakemap/us7000tgrk/us/1789163221069/download/coverage_mmi_low_res.covjson","sha256":"D5r2S470Mp3n5YoDEJo7Lei20reuXfFFwkR2Yl+330Y="},"download/coverage_mmi_high_res.covjson":{"contentType":"application/octet-stream","lastModified":1789163217000,"length":163315,"url":"https://earthquake.usgs.gov/product/shakemap/us7000tgrk/us/1789163221069/download/coverage_mmi_high_res.covjson","sha256":"WTX6dmBmRtzp/InslEV7/GVO7h6qkIYoT8RR2lk26TQ="},"download/intensity.pdf":{"contentType":"application/pdf","lastModified":1789163218000,"length":99005,"url":"https://earthquake.usgs.gov/product/shakemap/us7000tgrk/us/1789163221069/download/intensity.pdf","sha256":"VdLungYAMuQDC+z5L3Oxs5aUnnypZYhEn7sRz4fKGcQ="},"download/mmi_regr.png":{"contentType":"image/png","lastModified":1789163218000,"length":76402,"url":"https://earthquake.usgs.gov/product/shakemap/us7000tgrk/us/1789163221069/download/mmi_regr.png","sha256":"Kwe0yMJvjsdMjaNBc6PjtTWhjIoD7F8hYLFwOCwYP9c="},"download/psa3p0.pdf":{"contentType":"application/pdf","lastModified":1789163219000,"length":99628,"url":"https://earthquake.usgs.gov/product/shakemap/us7000tgrk/us/1789163221069/download/psa3p0.pdf","sha256":"PTMIowDBWhR+iM6Zpjl6Hv3y2R/kJ/1KG+iZ4hV9NL8="},"download/coverage_psa1p0_high_res.covjson":{"contentType":"application/octet-stream","lastModified":1789163217000,"length":240633,"url":"https://earthquake.usgs.gov/product/shakemap/us7000tgrk/us/1789163221069/download/coverage_psa1p0_high_res.covjson","sha256":"08VrRM++NzafRWJNoPM23xrTfmHisxYAAijdFLgRO3U="},"download/uncertainty.xml":{"contentType":"application/xml","lastModified":1789163219000,"length":2574649,"url":"https://earthquake.usgs.gov/product/shakemap/us7000tgrk/us/1789163221069/download/uncertainty.xml","sha256":"J14ftb5905BWCWELEYgWAwtHBRtj73T8aX/q13RhUaU="},"download/pin-thumbnail.png":{"contentType":"image/png","lastModified":1789163218000,"length":23363,"url":"https://earthquake.usgs.gov/product/shakemap/us7000tgrk/us/1789163221069/download/pin-thumbnail.png","sha256":"E9sfKrdlpCqBmQwc2XQKNbkLxmRvraJu6m8t93kmfHU="},"download/cont_mmi.json":{"contentType":"application/json","lastModified":1789163216000,"length":1443,"url":"https://earthquake.usgs.gov/product/shakemap/us7000tgrk/us/1789163221069/download/cont_mmi.json","sha256":"pOqHgTn9LaihXgOQNwMuDWB/Ua1In4ngoR2eR3WtOoA="},"download/coverage_pgv_low_res.covjson":{"contentType":"application/octet-stream","lastModified":1789163217000,"length":15953,"url":"https://earthquake.usgs.gov/product/shakemap/us7000tgrk/us/1789163221069/download/coverage_pgv_low_res.covjson","sha256":"FRCfHwlDfmNXKilsPGh0YnN9KLtn9FOipfvGJYXiodo="},"download/coverage_mmi_medium_res.covjson":{"contentType":"application/octet-stream","lastModified":1789163217000,"length":41725,"url":"https://earthquake.usgs.gov/product/shakemap/us7000tgrk/us/1789163221069/download/coverage_mmi_medium_res.covjson","sha256":"8ZIu/37q2Lq6gCI3VngZ80gMezChH9aGbwQY9t9lgwQ="},"download/pgv.pdf":{"contentType":"application/pdf","lastModified":1789163218000,"length":100942,"url":"https://earthquake.usgs.gov/product/shakemap/us7000tgrk/us/1789163221069/download/pgv.pdf","sha256":"uF5JAtyNvZHfjeACeXoE5rB075r8SW7vOsLxKsSJJ5I="},"contents.xml":{"contentType":"application/xml","lastModified":1789163216000,"length":13729,"url":"https://earthquake.usgs.gov/product/shakemap/us7000tgrk/us/1789163221069/contents.xml","sha256":"MDhT+pDMpPMsUqdlalhm4w5M735HOAjbJLJifS63LF4="},"download/cont_psa1p0.json":{"contentType":"application/json","lastModified":1789163217000,"length":1447,"url":"https://earthquake.usgs.gov/product/shakemap/us7000tgrk/us/1789163221069/download/cont_psa1p0.json","sha256":"HUvWeQ7yikvqKjTYjKlL/azs2IWvcspoKPn4LK2AgFU="},"download/cont_psa3p0.json":{"contentType":"application/json","lastModified":1789163217000,"length":1445,"url":"https://earthquake.usgs.gov/product/shakemap/us7000tgrk/us/1789163221069/download/cont_psa3p0.json","sha256":"FgFArxgLmsABq7wz/xESvS8wvPC0A1kQrjUOsdMPrEY="},"download/psa1p0.pdf":{"contentType":"application/pdf","lastModified":1789163219000,"length":101278,"url":"https://earthquake.usgs.gov/product/shakemap/us7000tgrk/us/1789163221069/download/psa1p0.pdf","sha256":"4fdHTjzaJejekMpO0ecWcY1gOgUwpEF60Rn2CEi4f2M="},"download/coverage_pgv_medium_res.covjson":{"contentType":"application/octet-stream","lastModified":1789163217000,"length":60477,"url":"https://earthquake.usgs.gov/product/shakemap/us7000tgrk/us/1789163221069/download/coverage_pgv_medium_res.covjson","sha256":"eQb1PYCxrWhNuW277MOgG4vnV8p4m/e/ZZmKowRg66s="},"download/psa1p0_regr.png":{"contentType":"image/png","lastModified":1789163219000,"length":81777,"url":"https://earthquake.usgs.gov/product/shakemap/us7000tgrk/us/1789163221069/download/psa1p0_regr.png","sha256":"qOkAzc9jlg/HsY1FWzN213zvrY2SWed3TTTQCrtkD78="},"download/cont_psa0p6.json":{"contentType":"application/json","lastModified":1789163217000,"length":1497,"url":"https://earthquake.usgs.gov/product/shakemap/us7000tgrk/us/1789163221069/download/cont_psa0p6.json","sha256":"f8+1B04eXOmay4z8eab7JV0wdY4WBYtus+wppxrz4hI="},"download/coverage_psa3p0_low_res.covjson":{"contentType":"application/octet-stream","lastModified":1789163218000,"length":16173,"url":"https://earthquake.usgs.gov/product/shakemap/us7000tgrk/us/1789163221069/download/coverage_psa3p0_low_res.covjson","sha256":"XtXQrhO4Zf0GC0DRb7dT6kf1dlxq75jX4XqdPhY/3G4="},"download/pga.jpg":{"contentType":"image/jpeg","lastModified":1789163218000,"length":68330,"url":"https://earthquake.usgs.gov/product/shakemap/us7000tgrk/us/1789163221069/download/pga.jpg","sha256":"MvEl0B1iIIvCPRoNM61mJQsVFm5E5gDRH8rLlm63yHI="},"download/coverage_psa1p0_medium_res.covjson":{"contentType":"application/octet-stream","lastModified":1789163217000,"length":60988,"url":"https://earthquake.usgs.gov/product/shakemap/us7000tgrk/us/1789163221069/download/coverage_psa1p0_medium_res.covjson","sha256":"XdspV6jaSv4u/s9bf+dBBFAzggxY0wrzHjcP2LZ85po="},"download/psa0p3.jpg":{"contentType":"image/jpeg","lastModified":1789163218000,"length":69026,"url":"https://earthquake.usgs.gov/product/shakemap/us7000tgrk/us/1789163221069/download/psa0p3.jpg","sha256":"jkFPgNJNMFx7dPI6gj/Qq8f7ZAd6UXP0FEW3zM+iHt0="},"download/shake_result.hdf":{"contentType":"application/octet-stream","lastModified":1789163219000,"length":3166083,"url":"https://earthquake.usgs.gov/product/shakemap/us7000tgrk/us/1789163221069/download/shake_result.hdf","sha256":"6ssKhPMOiTlDUP1sjlqGgxnH7D/ysZs7b5PXM9ghmeQ="},"download/cont_pga.json":{"contentType":"application/json","lastModified":1789163216000,"length":871,"url":"https://earthquake.usgs.gov/product/shakemap/us7000tgrk/us/1789163221069/download/cont_pga.json","sha256":"QQGQbVfGbcKIqYN70Ba2xPelA3Dhsn72u3tJ0dUjiUc="},"download/pgv.jpg":{"contentType":"image/jpeg","lastModified":1789163218000,"length":68462,"url":"https://earthquake.usgs.gov/product/shakemap/us7000tgrk/us/1789163221069/download/pgv.jpg","sha256":"OV+bzcI6F8fkiZihBd/mh/bjEoXSFcN24fdP2YJ8qw8="},"download/psa0p6.pdf":{"contentType":"application/pdf","lastModified":1789163218000,"length":88611,"url":"https://earthquake.usgs.gov/product/shakemap/us7000tgrk/us/1789163221069/download/psa0p6.pdf","sha256":"dalHQu38ax3i2i2ciOezvvZx1f+dzL4spBHtdWMjDKY="},"download/psa1p0.jpg":{"contentType":"image/jpeg","lastModified":1789163219000,"length":69229,"url":"https://earthquake.usgs.gov/product/shakemap/us7000tgrk/us/1789163221069/download/psa1p0.jpg","sha256":"Tv2B/bIWxmyf3YdA0K8bg0j2DOkhqCZVgqwnJ1qdQuQ="},"download/coverage_psa0p6_medium_res.covjson":{"contentType":"application/octet-stream","lastModified":1789163217000,"length":61019,"url":"https://earthquake.usgs.gov/product/shakemap/us7000tgrk/us/1789163221069/download/coverage_psa0p6_medium_res.covjson","sha256":"ytpTrafX6bFP1hS3fei1Hka3jBQiPX53+W+KxaJpAsI="},"download/cont_mi.json":{"contentType":"application/json","lastModified":1789163216000,"length":1443,"url":"https://earthquake.usgs.gov/product/shakemap/us7000tgrk/us/1789163221069/download/cont_mi.json","sha256":"pOqHgTn9LaihXgOQNwMuDWB/Ua1In4ngoR2eR3WtOoA="},"download/pgv_regr.png":{"contentType":"image/png","lastModified":1789163218000,"length":81237,"url":"https://earthquake.usgs.gov/product/shakemap/us7000tgrk/us/1789163221069/download/pgv_regr.png","sha256":"L7OZyW602aZgLWQFZl7u/NTqkXk9TwotrB3B3LfH/OI="},"download/intensity_overlay.pngw":{"contentType":"application/octet-stream","lastModified":1789163218000,"length":40,"url":"https://earthquake.usgs.gov/product/shakemap/us7000tgrk/us/1789163221069/download/intensity_overlay.pngw","sha256":"rot0iAePyg6cAaKjBhN4cG09bX47gyorSLoARjT1VNM="},"download/coverage_pga_low_res.covjson":{"contentType":"application/octet-stream","lastModified":1789163217000,"length":15969,"url":"https://earthquake.usgs.gov/product/shakemap/us7000tgrk/us/1789163221069/download/coverage_pga_low_res.covjson","sha256":"Zgr5qyrH6gRNph+ADLTNp8EfO9IZzHiXMROUAuiujMM="},"download/coverage_pga_medium_res.covjson":{"contentType":"application/octet-stream","lastModified":1789163217000,"length":60604,"url":"https://earthquake.usgs.gov/product/shakemap/us7000tgrk/us/1789163221069/download/coverage_pga_medium_res.covjson","sha256":"CUn8WnfSE5TGq2ezS9PtV9AXKudo0pfMEMtSGkUMRLY="},"download/grid.xml":{"contentType":"application/xml","lastModified":1789163218000,"length":2721970,"url":"https://earthquake.usgs.gov/product/shakemap/us7000tgrk/us/1789163221069/download/grid.xml","sha256":"BJYJJ2UxtkhKXeKhbMX/F/MQarh9G4mVaccH5L2jpsM="},"download/coverage_psa1p0_low_res.covjson":{"contentType":"application/octet-stream","lastModified":1789163217000,"length":16082,"url":"https://earthquake.usgs.gov/product/shakemap/us7000tgrk/us/1789163221069/download/coverage_psa1p0_low_res.covjson","sha256":"g5uz5FHWYzTVbaiI0bPknYz6vvdISAPcoIXJl2oqWrA="},"download/intensity_overlay.png":{"contentType":"image/png","lastModified":1789163218000,"length":2661,"url":"https://earthquake.usgs.gov/product/shakemap/us7000tgrk/us/1789163221069/download/intensity_overlay.png","sha256":"QEG2gCLTeyzcpQti0RT2fWeUBiyG/JP/0alSEqBIdsI="},"download/psa0p3_regr.png":{"contentType":"image/png","lastModified":1789163218000,"length":85126,"url":"https://earthquake.usgs.gov/product/shakemap/us7000tgrk/us/1789163221069/download/psa0p3_regr.png","sha256":"buGNoNz9I3BNj3U+2t+uRQ+ykUcBdRjjnl2K/M44+MY="},"download/stationlist.json":{"contentType":"application/json","lastModified":1789163219000,"length":84,"url":"https://earthquake.usgs.gov/product/shakemap/us7000tgrk/us/1789163221069/download/stationlist.json","sha256":"8Xu6OaBIZFqL0+5Adk6N18QXl5toSow+F2mbq6yDbL8="},"download/psa0p6.jpg":{"contentType":"image/jpeg","lastModified":1789163218000,"length":59145,"url":"https://earthquake.usgs.gov/product/shakemap/us7000tgrk/us/1789163221069/download/psa0p6.jpg","sha256":"mAK+o54AnexpITfNox2XevcAjCEsh0twjZZOytiSn4w="},"download/psa3p0_regr.png":{"contentType":"image/png","lastModified":1789163219000,"length":79780,"url":"https://earthquake.usgs.gov/product/shakemap/us7000tgrk/us/1789163221069/download/psa3p0_regr.png","sha256":"IkzLMTQ/DGLpX8WEIcO5NmhUap1lDnUZVF+87vI0+54="},"download/shakemap.kmz":{"contentType":"application/vnd.google-earth.kmz","lastModified":1789163219000,"length":15564,"url":"https://earthquake.usgs.gov/product/shakemap/us7000tgrk/us/1789163221069/download/shakemap.kmz","sha256":"RH5XXo3a77zaf6aJsFGtvSAjA8rAE10mxlzit7cXACs="},"download/psa0p3.pdf":{"contentType":"application/pdf","lastModified":1789163218000,"length":101326,"url":"https://earthquake.usgs.gov/product/shakemap/us7000tgrk/us/1789163221069/download/psa0p3.pdf","sha256":"Gjf7dj5wnNq4KOhdQDl2XL0JWPd2vtRJqiecyu6zA58="},"download/coverage_psa0p3_medium_res.covjson":{"contentType":"application/octet-stream","lastModified":1789163217000,"length":60944,"url":"https://earthquake.usgs.gov/product/shakemap/us7000tgrk/us/1789163221069/download/coverage_psa0p3_medium_res.covjson","sha256":"/E9p6MHH3mTC4nQd5vbmfIN36CtXEZ4QMnxY6fdaCsk="},"download/cont_pgv.json":{"contentType":"application/json","lastModified":1789163216000,"length":1541,"url":"https://earthquake.usgs.gov/product/shakemap/us7000tgrk/us/1789163221069/download/cont_pgv.json","sha256":"BIOlwhELR17yPxMEHT22p4Q3RnfcqlhrBalSUY3L7R0="},"download/shape.zip":{"contentType":"application/zip","lastModified":1789163219000,"length":71232,"url":"https://earthquake.usgs.gov/product/shakemap/us7000tgrk/us/1789163221069/download/shape.zip","sha256":"Y+x8PCCUNaWpyzL6eqY24VpbUdp92VUskPq453OD1vc="}}}]}},"geometry":{"type":"Point","coordinates":[106.8742,-4.9832,372]},"id":"us7000tgrk"}